image,class,feat_0,feat_1,feat_2,feat_3,feat_4,feat_5,feat_6,feat_7,feat_8,feat_9,feat_10,feat_11,feat_12,feat_13,feat_14,feat_15,feat_16,feat_17,feat_18,feat_19,feat_20,feat_21,feat_22,feat_23,feat_24,feat_25,feat_26,feat_27,feat_28,feat_29,feat_30,feat_31,feat_32,feat_33,feat_34,feat_35,feat_36,feat_37,feat_38,feat_39,feat_40,feat_41,feat_42,feat_43,feat_44,feat_45,feat_46,feat_47,feat_48,feat_49,feat_50,feat_51,feat_52,feat_53,feat_54,feat_55,feat_56,feat_57,feat_58,feat_59,feat_60,feat_61,feat_62,feat_63,feat_64,feat_65,feat_66,feat_67,feat_68,feat_69,feat_70,feat_71,feat_72,feat_73,feat_74,feat_75,feat_76,feat_77,feat_78,feat_79,feat_80,feat_81,feat_82,feat_83,feat_84,feat_85,feat_86,feat_87,feat_88,feat_89,feat_90,feat_91,feat_92,feat_93,feat_94,feat_95,feat_96,feat_97,feat_98,feat_99,feat_100,feat_101,feat_102,feat_103,feat_104,feat_105,feat_106,feat_107,feat_108,feat_109,feat_110,feat_111,feat_112,feat_113,feat_114,feat_115,feat_116,feat_117,feat_118,feat_119,feat_120,feat_121,feat_122,feat_123,feat_124,feat_125,feat_126,feat_127,feat_128,feat_129,feat_130,feat_131
aug_0_1278.png,odissi,0.5659434199333191,0.3553801476955414,-0.8242212533950806,0.9999700784683228,0.5905755758285522,0.3295128643512726,-0.7984728217124939,0.9999057054519653,0.604147732257843,0.33094966411590576,-0.7990297079086304,0.9998908042907715,0.6155956983566284,0.3334273397922516,-0.7989867925643921,0.9999151229858398,0.5597026944160461,0.32726216316223145,-0.7822167277336121,0.9999285936355591,0.5484353303909302,0.32616379857063293,-0.7828772068023682,0.9999353885650635,0.5397083759307861,0.324982225894928,-0.7832467555999756,0.9999430179595947,0.6391522288322449,0.34380432963371277,-0.5709540843963623,0.9999616146087646,0.5336171388626099,0.33018141984939575,-0.49779412150382996,0.9998670816421509,0.5869775414466858,0.3809775114059448,-0.7274866104125977,0.9999696016311646,0.5534777045249939,0.37735745310783386,-0.7109842300415039,0.9999635219573975,0.733176052570343,0.46815025806427,-0.4081154763698578,0.9999872446060181,0.45782607793807983,0.4561350643634796,-0.2868366837501526,0.9999829530715942,0.8581609725952148,0.6345587968826294,-0.5774250030517578,0.9983957409858704,0.2892688512802124,0.5852140784263611,-0.3967934548854828,0.9818435311317444,0.6599371433258057,0.661223292350769,-0.9696973562240601,0.9908878803253174,0.45242393016815186,0.6370428204536438,-0.8009124398231506,0.979674756526947,0.614941418170929,0.6631876230239868,-1.075710654258728,0.9826444983482361,0.4971558153629303,0.6766741275787354,-0.9136818051338196,0.9690900444984436,0.6112601161003113,0.6346836090087891,-1.0674382448196411,0.9815148711204529,0.5180021524429321,0.6550421714782715,-0.9043638706207275,0.9680651426315308,0.6161835193634033,0.6387989521026611,-0.9670575857162476,0.9692530632019043,0.5098242163658142,0.648987889289856,-0.8054919838905334,0.9547558426856995,0.6283577084541321,0.779647171497345,-0.003544273553416133,0.9987015724182129,0.47510507702827454,0.7601054310798645,0.0032524000853300095,0.9989601373672485,0.7083626985549927,0.9849376678466797,-0.1429106593132019,0.36167818307876587,0.47206324338912964,0.9801514744758606,-0.3457239270210266,0.627694845199585,0.5921810865402222,1.1153146028518677,0.5742554664611816,0.014941533096134663,0.45486828684806824,1.1176774501800537,0.17710305750370026,0.07964803278446198,0.5808964967727661,1.120891809463501,0.6434308886528015,0.030485840514302254,0.4569765627384186,1.1378682851791382,0.23038344085216522,0.0793316587805748,0.5533013343811035,1.1913177967071533,0.5695710778236389,0.01264681201428175,0.44373956322669983,1.1856083869934082,0.11409062147140503,0.04502718523144722
aug_0_8074.png,odissi,0.5029913187026978,0.10197815299034119,-0.8626875281333923,0.9999974966049194,0.5178336501121521,0.07695314288139343,-0.8368068337440491,0.9999936819076538,0.5303378105163574,0.0749761164188385,-0.8374743461608887,0.999991774559021,0.5418896079063416,0.07458615303039551,-0.837268054485321,0.9999949932098389,0.4873713254928589,0.08611252903938293,-0.8193091154098511,0.9999938011169434,0.47904571890830994,0.088431715965271,-0.8200448155403137,0.9999932050704956,0.47308823466300964,0.08959484100341797,-0.8203539848327637,0.9999945163726807,0.5642259120941162,0.08243262767791748,-0.6140821576118469,0.999993085861206,0.474543958902359,0.09807726740837097,-0.5319012999534607,0.9999680519104004,0.5318586230278015,0.12197884917259216,-0.7690635919570923,0.9999921321868896,0.49778053164482117,0.1268748939037323,-0.7493877410888672,0.9999884366989136,0.6599652767181396,0.2181074023246765,-0.4072372615337372,0.9999927282333374,0.4300086200237274,0.21341028809547424,-0.31207889318466187,0.9999829530715942,0.7115429043769836,0.38244080543518066,-0.3456222712993622,0.9765550494194031,0.3157029151916504,0.3064349293708801,-0.30266106128692627,0.9738044738769531,0.6928898692131042,0.5390509963035583,-0.5221042037010193,0.9674438834190369,0.34855106472969055,0.4066486060619354,-0.5878327488899231,0.9860202670097351,0.6927649974822998,0.5821413397789001,-0.6059793829917908,0.949354887008667,0.36561501026153564,0.4392154812812805,-0.6790453791618347,0.9777371287345886,0.6728911995887756,0.5848550796508789,-0.6616101264953613,0.9516022801399231,0.3821159303188324,0.4262444078922272,-0.7343290448188782,0.980216920375824,0.6613393425941467,0.5688965916633606,-0.5448969602584839,0.9274855852127075,0.3819858431816101,0.41575396060943604,-0.6187620162963867,0.9703081250190735,0.5781396627426147,0.5033374428749084,-0.004515321459621191,0.9999243021011353,0.44550153613090515,0.5008990168571472,0.004024671856313944,0.9998899698257446,0.6675170660018921,0.6771717667579651,-0.1791182905435562,0.7569891810417175,0.4982513189315796,0.6850996017456055,0.08985057473182678,0.38357678055763245,0.6225141882896423,0.8916141986846924,-0.043372057378292084,0.8887901902198792,0.5394615530967712,0.835978090763092,0.6308667659759521,0.37294140458106995,0.5957385301589966,0.9288303852081299,-0.04766068235039711,0.7749581336975098,0.5387964248657227,0.8542546629905701,0.6759263277053833,0.2221357673406601,0.7361236214637756,0.9481471180915833,-0.33422043919563293,0.8969855308532715,0.528053879737854,0.9050160050392151,0.49113038182258606,0.40836015343666077
aug_0_5569.png,odissi,0.44474053382873535,0.31295377016067505,-0.3867989182472229,0.9991028308868408,0.455656498670578,0.28826838731765747,-0.36719924211502075,0.9988777041435242,0.4641011655330658,0.2873689830303192,-0.36762604117393494,0.9982670545578003,0.4729371964931488,0.2870049774646759,-0.3676133453845978,0.9989244341850281,0.4375852644443512,0.2933404743671417,-0.35622185468673706,0.9993158578872681,0.4326893389225006,0.2961135506629944,-0.3567662239074707,0.9991766810417175,0.4277461767196655,0.2995763123035431,-0.35707223415374756,0.9995601773262024,0.49283114075660706,0.2974999248981476,-0.2414470613002777,0.9989787340164185,0.43506085872650146,0.309283584356308,-0.18828406929969788,0.9985083937644958,0.4650591313838959,0.33428382873535156,-0.33596131205558777,0.9970314502716064,0.44440606236457825,0.34186622500419617,-0.3237505257129669,0.9966733455657959,0.5689671039581299,0.3702442944049835,-0.1881220042705536,0.9950305223464966,0.42774903774261475,0.4619048535823822,-0.14255553483963013,0.9888940453529358,0.5954025983810425,0.20972394943237305,-0.2568037211894989,0.9595025181770325,0.359038770198822,0.6020810604095459,-0.2543043792247772,0.8121903538703918,0.4779806137084961,0.1456507444381714,-0.2208298146724701,0.6310703754425049,0.267874151468277,0.4832387864589691,-0.4688139855861664,0.9213392734527588,0.4483741819858551,0.1549707055091858,-0.23452763259410858,0.3863612413406372,0.24521885812282562,0.44056832790374756,-0.5160099267959595,0.882832944393158,0.44233036041259766,0.16364538669586182,-0.21041718125343323,0.3477797210216522,0.25095221400260925,0.42382755875587463,-0.5190619826316833,0.8806938529014587,0.45031753182411194,0.16659647226333618,-0.21133050322532654,0.34037160873413086,0.26042360067367554,0.4371272921562195,-0.47875213623046875,0.8393506407737732,0.6003125905990601,0.7131022810935974,0.001778198522515595,0.9991083741188049,0.5021544694900513,0.7362095713615417,-0.0020975389052182436,0.9989216327667236,0.7455783486366272,0.7664369940757751,-0.19906260073184967,0.8062753677368164,0.36906513571739197,0.9455481767654419,-0.14827342331409454,0.6176498532295227,0.6129591464996338,0.835345447063446,0.08928698301315308,0.13045886158943176,0.4802072048187256,0.851510763168335,0.2847174406051636,0.029357893392443657,0.5881322622299194,0.8274943232536316,0.12437964975833893,0.15523751080036163,0.5002726912498474,0.8454874753952026,0.3401973247528076,0.04921339824795723,0.617534875869751,0.9077959060668945,0.0864780843257904,0.06857465207576752,0.5289202928543091,0.9135526418685913,0.3479141592979431,0.01657808944582939
aug_0_460.png,odissi,0.5876190662384033,0.25698816776275635,-0.14174582064151764,0.9994353652000427,0.5927786827087402,0.23835408687591553,-0.09784051030874252,0.9983248114585876,0.5961455702781677,0.23811793327331543,-0.09834209829568863,0.9981073141098022,0.5995221138000488,0.23803845047950745,-0.09847259521484375,0.9984619617462158,0.5803653597831726,0.2370041012763977,-0.13339993357658386,0.9994231462478638,0.5724309682846069,0.23566880822181702,-0.1339617520570755,0.9995538592338562,0.564428448677063,0.23435690999031067,-0.13420800864696503,0.9996585845947266,0.5650923252105713,0.2371867597103119,0.10136210173368454,0.9989363551139832,0.5242545008659363,0.22979596257209778,-0.06058087572455406,0.9993839263916016,0.5773700475692749,0.27471283078193665,-0.06020522862672806,0.998329222202301,0.5650500059127808,0.2688688635826111,-0.11197029054164886,0.9989200830459595,0.596107006072998,0.32266589999198914,0.10215137153863907,0.9998407363891602,0.3942146897315979,0.28916528820991516,-0.013539224863052368,0.9997325539588928,0.7195072174072266,0.24062377214431763,0.01249144971370697,0.957891047000885,0.4034535586833954,0.3892166018486023,-0.21249613165855408,0.7462218403816223,0.6923558712005615,0.13098007440567017,-0.14544333517551422,0.9692951440811157,0.5239993929862976,0.45052778720855713,-0.44233956933021545,0.9255099296569824,0.6628550291061401,0.11016795039176941,-0.20616856217384338,0.9502027034759521,0.5493766069412231,0.46912163496017456,-0.5139352083206177,0.9258888959884644,0.6531139612197876,0.10805583000183105,-0.19911593198776245,0.9499941468238831,0.5707976222038269,0.46725502610206604,-0.5157805681228638,0.9253566861152649,0.6569199562072754,0.11579740047454834,-0.14918069541454315,0.938983678817749,0.5661585927009583,0.4634622633457184,-0.44771477580070496,0.8808481097221375,0.5351357460021973,0.5363322496414185,-0.019439123570919037,0.9993646740913391,0.44252848625183105,0.530615508556366,0.01883029006421566,0.9989007711410522,0.36375007033348083,0.6293835639953613,-0.2943473756313324,0.5729665160179138,0.3565712571144104,0.6434788107872009,-0.13253474235534668,0.07106660306453705,0.3346835970878601,0.7809495329856873,-0.14488428831100464,0.13173341751098633,0.3650635778903961,0.7953544855117798,0.07297397404909134,0.040689390152692795,0.3523208200931549,0.8001791834831238,-0.13703052699565887,0.10975682735443115,0.37914085388183594,0.8254557847976685,0.08957631140947342,0.05428564175963402,0.27531135082244873,0.8081964254379272,-0.25979965925216675,0.1872938573360443,0.27289435267448425,0.8036767840385437,-0.006719675380736589,0.05651641637086868
aug_0_9610.png,odissi,0.5758075714111328,0.17609792947769165,-0.404209166765213,0.9999604225158691,0.5817732810974121,0.1568334698677063,-0.35874325037002563,0.9998764991760254,0.591718852519989,0.1572582721710205,-0.35928958654403687,0.9998514652252197,0.5988211035728455,0.1573616862297058,-0.35914820432662964,0.9999102354049683,0.5507515072822571,0.15551403164863586,-0.3780097961425781,0.9999098777770996,0.5394434332847595,0.15581530332565308,-0.3786989450454712,0.9998999834060669,0.5279994606971741,0.15644562244415283,-0.3787591755390167,0.9999179840087891,0.5886396169662476,0.16322457790374756,-0.09707896411418915,0.999876856803894,0.4958624541759491,0.16464632749557495,-0.17988120019435883,0.9996349811553955,0.586940348148346,0.19713997840881348,-0.2977442443370819,0.9998875856399536,0.5502097606658936,0.19509202241897583,-0.32686468958854675,0.999880313873291,0.6521134376525879,0.27653658390045166,0.07248411327600479,0.9999799728393555,0.3982871174812317,0.250080943107605,-0.09918036311864853,0.9999517202377319,0.8410905599594116,0.2880285382270813,-0.20857837796211243,0.9264073967933655,0.22797787189483643,0.3091837465763092,-0.25045493245124817,0.9224764704704285,0.8800414204597473,0.25679171085357666,-0.8458600044250488,0.9713557958602905,0.3101329505443573,0.37497931718826294,-0.5926374197006226,0.9512942433357239,0.8664177656173706,0.2428036332130432,-0.9786696434020996,0.9673086404800415,0.3504050374031067,0.37188202142715454,-0.6909035444259644,0.9464871883392334,0.8434336185455322,0.23258396983146667,-0.9986527562141418,0.968213677406311,0.3610568940639496,0.35834160447120667,-0.7144618034362793,0.9477499723434448,0.8420088887214661,0.24049457907676697,-0.870801568031311,0.9516445994377136,0.35571950674057007,0.35872882604599,-0.6112387776374817,0.9135459065437317,0.5236764550209045,0.522978663444519,0.09128782153129578,0.9998468160629272,0.3704477846622467,0.5082641243934631,-0.09172149002552032,0.999754011631012,0.679744303226471,0.6821280121803284,-0.21751007437705994,0.49281585216522217,0.40077492594718933,0.6864873766899109,-0.43869444727897644,0.6229814291000366,0.5211524963378906,0.8560150861740112,0.01046088058501482,0.46047088503837585,0.3809016942977905,0.8599588871002197,-0.17745497822761536,0.5797101259231567,0.4652175307273865,0.8826433420181274,0.018525628373026848,0.46019241213798523,0.37201857566833496,0.8773366212844849,-0.1596621423959732,0.32217684388160706,0.6041914820671082,0.9281669855117798,-0.17459000647068024,0.47126737236976624,0.3883326053619385,0.9145967960357666,-0.3690602481365204,0.47468432784080505
aug_0_445.png,odissi,0.4538988173007965,0.1361876130104065,-0.18629644811153412,0.99972003698349,0.4486120045185089,0.11634370684623718,-0.1355934590101242,0.999600350856781,0.4499635398387909,0.11449763178825378,-0.13623984158039093,0.9996902942657471,0.4518589377403259,0.11267969012260437,-0.13627994060516357,0.9997860789299011,0.4343768358230591,0.11678522825241089,-0.16068758070468903,0.9995543360710144,0.42583930492401123,0.11558285355567932,-0.16135241091251373,0.9995324611663818,0.41679155826568604,0.11406660079956055,-0.16157592833042145,0.9994322657585144,0.4137212038040161,0.11806249618530273,0.09181750565767288,0.9998788833618164,0.3650674819946289,0.11545094847679138,-0.021688738837838173,0.998703122138977,0.4472053050994873,0.1535036563873291,-0.0950973704457283,0.999500036239624,0.4304329752922058,0.15168580412864685,-0.13346470892429352,0.9990589022636414,0.46896490454673767,0.23778888583183289,0.0468689501285553,0.9999436140060425,0.24828766286373138,0.20036405324935913,0.10791457444429398,0.9955464601516724,0.6329554319381714,0.26630866527557373,-0.11471107602119446,0.9733183979988098,0.14047864079475403,0.10129693150520325,-0.049538686871528625,0.9027607440948486,0.792937159538269,0.26716676354408264,-0.5320438742637634,0.991214394569397,0.15007181465625763,0.00011733174324035645,-0.24863983690738678,0.7884352207183838,0.8360369205474854,0.27483925223350525,-0.6100496649742126,0.9900471568107605,0.1586364507675171,-0.006981462240219116,-0.3095308542251587,0.7106195092201233,0.8352925777435303,0.2656094431877136,-0.6680824756622314,0.9918585419654846,0.17650803923606873,-0.014818906784057617,-0.33025088906288147,0.7188735008239746,0.815305769443512,0.2630777955055237,-0.5680650472640991,0.9913978576660156,0.15918578207492828,-0.011142522096633911,-0.2742529809474945,0.7560238838195801,0.4511406719684601,0.4666804373264313,-0.07117633521556854,0.9999631643295288,0.3268098831176758,0.48508766293525696,0.07052726298570633,0.9998385906219482,0.43944910168647766,0.6876019239425659,-0.16933032870292664,0.9857936501502991,0.33123499155044556,0.6841789484024048,-0.059263985604047775,0.9705274105072021,0.3569715619087219,0.8715881109237671,-0.08009136468172073,0.9856406450271606,0.5555071234703064,0.6610285043716431,0.5045471787452698,0.9415784478187561,0.36188244819641113,0.8925151824951172,-0.08037100732326508,0.8766367435455322,0.5839811563491821,0.631399393081665,0.5683488845825195,0.9106711149215698,0.3141671419143677,0.9393492937088013,-0.34561556577682495,0.9757658243179321,0.6582851409912109,0.7162025570869446,0.5011723637580872,0.916882336139679
aug_0_1892.png,odissi,0.38700300455093384,0.3463326096534729,-0.328428715467453,0.9999977350234985,0.41888028383255005,0.3263576924800873,-0.31000229716300964,0.9999977350234985,0.43588918447494507,0.32962486147880554,-0.310604989528656,0.9999967813491821,0.4518258273601532,0.33321744203567505,-0.31053751707077026,0.9999977350234985,0.38344743847846985,0.3203093111515045,-0.25310784578323364,0.9999979734420776,0.37326645851135254,0.3184037506580353,-0.2537457346916199,0.9999966621398926,0.3637886345386505,0.3171611726284027,-0.2539331912994385,0.9999972581863403,0.47976723313331604,0.34632036089897156,-0.17702044546604156,0.999996542930603,0.37267202138900757,0.3231979310512543,0.07756724953651428,0.9999891519546509,0.41378718614578247,0.37181809544563293,-0.2723197042942047,0.9999703168869019,0.366661936044693,0.3654431402683258,-0.20435799658298492,0.9999600648880005,0.5049854516983032,0.41935041546821594,-0.3147580027580261,0.9998779296875,0.37238627672195435,0.4434882402420044,0.37022992968559265,0.9996340274810791,0.46390286087989807,0.44556528329849243,-0.635600209236145,0.8724396824836731,0.3639421761035919,0.519406259059906,0.5869237184524536,0.1042337417602539,0.3274306654930115,0.4602968692779541,-0.8489269614219666,0.776215136051178,0.2890617549419403,0.49475905299186707,0.5862095355987549,0.46181219816207886,0.28907960653305054,0.4751847982406616,-0.9356526136398315,0.7841291427612305,0.24695393443107605,0.49192705750465393,0.5939215421676636,0.5892006158828735,0.27674001455307007,0.4661155939102173,-0.9024097323417664,0.7835533022880554,0.2572062313556671,0.48240602016448975,0.5367592573165894,0.6043866276741028,0.29234498739242554,0.4670233130455017,-0.8363531827926636,0.7161136269569397,0.276269793510437,0.48496213555336,0.5580546259880066,0.6018982529640198,0.5550017952919006,0.6811957359313965,-0.19807025790214539,0.999754011631012,0.47671079635620117,0.6870457530021667,0.19734950363636017,0.9997374415397644,0.4771486818790436,0.9120961427688599,-0.2678840756416321,0.08103439211845398,0.43759283423423767,0.8690205216407776,0.08897574990987778,0.047706812620162964,0.6095552444458008,0.97471684217453,0.17956365644931793,0.012031477876007557,0.5710229277610779,0.9587897658348083,0.3987709879875183,0.01033866684883833,0.645846962928772,0.9616638422012329,0.22764787077903748,0.035718128085136414,0.6060279607772827,0.9686598777770996,0.4338369369506836,0.029506392776966095,0.5566366910934448,1.0260281562805176,0.2433798760175705,0.019203901290893555,0.557772159576416,1.010330080986023,0.4555893838405609,0.01260389480739832
aug_0_885.png,odissi,0.5921108722686768,0.27793869376182556,-0.44223254919052124,0.9989018440246582,0.5906044244766235,0.2590073347091675,-0.3930307924747467,0.9966890215873718,0.5914373397827148,0.25906652212142944,-0.3937003016471863,0.9964326620101929,0.5926578044891357,0.25912976264953613,-0.3937990069389343,0.9970524311065674,0.5789777040481567,0.2581837475299835,-0.42969244718551636,0.9986369013786316,0.5716467499732971,0.2576672434806824,-0.4303033947944641,0.9989439845085144,0.5631211996078491,0.25705504417419434,-0.43058183789253235,0.9991014003753662,0.5666518211364746,0.26082274317741394,-0.1462344378232956,0.9977201819419861,0.5253481268882751,0.25682881474494934,-0.3125671148300171,0.9981963038444519,0.5824783444404602,0.2970007359981537,-0.3418843448162079,0.996429979801178,0.5721943378448486,0.29339343309402466,-0.39522498846054077,0.9977046847343445,0.6282460689544678,0.3440055847167969,-0.10910844057798386,0.9997923970222473,0.40649718046188354,0.33387017250061035,-0.22986552119255066,0.9994537234306335,0.7261991500854492,0.24804356694221497,-0.27680835127830505,0.9813435673713684,0.43631261587142944,0.4328243136405945,-0.45058757066726685,0.8686049580574036,0.6737509965896606,0.13614937663078308,-0.5330976247787476,0.9803361296653748,0.5716255903244019,0.48820760846138,-0.7365233302116394,0.9500206112861633,0.6399681568145752,0.116586834192276,-0.6201191544532776,0.9665504097938538,0.5984714031219482,0.5031177401542664,-0.8308157324790955,0.9419324994087219,0.6295328140258789,0.11677327752113342,-0.6133158206939697,0.9669907689094543,0.6179296970367432,0.496683806180954,-0.8391410112380981,0.944006621837616,0.635595440864563,0.12432342767715454,-0.5398569107055664,0.9584845900535583,0.609722375869751,0.49323734641075134,-0.7472988367080688,0.9097574949264526,0.6158009171485901,0.5713931918144226,0.0006826997268944979,0.9991340041160583,0.49782267212867737,0.5753985643386841,-0.001120746717788279,0.9985234141349792,0.5974656939506531,0.7144812345504761,-0.28831323981285095,0.7749331593513489,0.4101274013519287,0.6998662948608398,-0.35377606749534607,0.268436461687088,0.5372534394264221,0.8468607664108276,-0.04765154793858528,0.30468958616256714,0.4349631667137146,0.8437337875366211,-0.09049878269433975,0.14864327013492584,0.5602923631668091,0.8915767669677734,-0.03382149338722229,0.23003870248794556,0.45229217410087585,0.8649053573608398,-0.07084666192531586,0.13620240986347198,0.5347133874893188,0.8881908059120178,-0.2045486718416214,0.33806198835372925,0.34630244970321655,0.8805546760559082,-0.23329119384288788,0.15795215964317322
aug_0_9935.png,odissi,0.55338454246521,0.1988445669412613,-0.5842259526252747,0.9999982118606567,0.5633533596992493,0.16376745700836182,-0.5637771487236023,0.9999979734420776,0.5728636980056763,0.15904957056045532,-0.5642138123512268,0.9999977350234985,0.5827698707580566,0.15527886152267456,-0.5642017722129822,0.9999983310699463,0.5476782321929932,0.17150680720806122,-0.5423635244369507,0.9999978542327881,0.5447115898132324,0.17288535833358765,-0.5429332256317139,0.9999978542327881,0.5415767431259155,0.1740720272064209,-0.5432702898979187,0.9999978542327881,0.616511881351471,0.15313684940338135,-0.43279531598091125,0.9999991655349731,0.560450553894043,0.17663371562957764,-0.32972532510757446,0.9999960660934448,0.5810338258743286,0.21982631087303162,-0.5317332744598389,0.9999986886978149,0.5600467324256897,0.22889705002307892,-0.5049753189086914,0.9999969005584717,0.7597442269325256,0.31400346755981445,-0.35404154658317566,0.9999980926513672,0.5532099604606628,0.3680940568447113,-0.2683064043521881,0.9999895095825195,0.8388808369636536,0.5027871131896973,-0.4244159162044525,0.9981953501701355,0.5969480872154236,0.5772684812545776,-0.3585817515850067,0.9901849031448364,0.8541346192359924,0.6943200826644897,-0.6557157635688782,0.999009370803833,0.6917749643325806,0.7508301734924316,-0.6081557869911194,0.9942885637283325,0.8299109935760498,0.7432158589363098,-0.7300195097923279,0.9985151886940002,0.7116297483444214,0.7887418866157532,-0.6924986839294434,0.9909055233001709,0.8121925592422485,0.7378731369972229,-0.77348393201828,0.9986904263496399,0.7313536405563354,0.7693758606910706,-0.7140404582023621,0.9913343787193298,0.8161832094192505,0.7252985835075378,-0.6749093532562256,0.9979411959648132,0.7277497053146362,0.7570400834083557,-0.6232858896255493,0.9858441352844238,0.7299572229385376,0.6818862557411194,-0.04669632762670517,0.9999467134475708,0.6148584485054016,0.6828750371932983,0.04601716250181198,0.9999035596847534,0.7480878233909607,0.7441990375518799,-0.4809107482433319,0.9870980381965637,0.39389264583587646,0.8253310322761536,0.0010289280908182263,0.9228671789169312,0.6135313510894775,0.8005226254463196,-0.10851458460092545,0.2133103907108307,0.37562447786331177,0.8060026168823242,0.4153676927089691,0.14126643538475037,0.6061463356018066,0.7938773036003113,-0.0651911050081253,0.16119562089443207,0.38995346426963806,0.8077025413513184,0.4660398066043854,0.19005998969078064,0.5240360498428345,0.8391596674919128,-0.10717540979385376,0.2590382993221283,0.31763702630996704,0.8065964579582214,0.4887160062789917,0.1769120693206787
aug_0_1729.png,odissi,0.5238736271858215,0.15530985593795776,-0.5538855195045471,0.9999631643295288,0.5296596884727478,0.12303042411804199,-0.5434796810150146,0.9999440908432007,0.5371623039245605,0.11781349778175354,-0.5439561009407043,0.9999394416809082,0.546343207359314,0.11218022555112839,-0.5439484119415283,0.999955415725708,0.5176655054092407,0.13283634185791016,-0.5230512022972107,0.9999436140060425,0.5158677697181702,0.13486897945404053,-0.5235998630523682,0.9999494552612305,0.5139033794403076,0.13667184114456177,-0.523963987827301,0.9999550580978394,0.5793098211288452,0.10307121276855469,-0.45709773898124695,0.9999754428863525,0.5305544137954712,0.13694745302200317,-0.36103084683418274,0.9998924732208252,0.5482414960861206,0.1675982028245926,-0.5180182456970215,0.9999663829803467,0.5362892150878906,0.1828627586364746,-0.49326401948928833,0.9999366998672485,0.7280378341674805,0.22895434498786926,-0.3927537500858307,0.9999955892562866,0.5389895439147949,0.31021034717559814,-0.30182957649230957,0.9999735355377197,0.8273813128471375,0.3915170729160309,-0.4255395829677582,0.9748615026473999,0.6005272269248962,0.5130219459533691,-0.3438204228878021,0.8859182000160217,0.8534567356109619,0.5871807336807251,-0.5372799038887024,0.962073802947998,0.7132592797279358,0.6662959456443787,-0.49980708956718445,0.8636921048164368,0.8293659687042236,0.6344842910766602,-0.5842452049255371,0.9446062445640564,0.7444201707839966,0.6847888827323914,-0.5624436736106873,0.807545006275177,0.8145543932914734,0.6308779716491699,-0.6171133518218994,0.9481934905052185,0.7569103240966797,0.6661961674690247,-0.5795173645019531,0.8175534605979919,0.8174309730529785,0.6179620027542114,-0.5486566424369812,0.9279621243476868,0.7495059967041016,0.6587729454040527,-0.5117066502571106,0.7443519234657288,0.7479022741317749,0.5617508888244629,-0.020740609616041183,0.9998030066490173,0.6426531672477722,0.5922892093658447,0.020193161442875862,0.999744713306427,0.757391631603241,0.4881041347980499,-0.1731000691652298,0.6252868175506592,0.473238080739975,0.684206485748291,0.054808951914310455,0.5836443901062012,0.6651701331138611,0.5988665819168091,0.13320006430149078,0.04436205327510834,0.3893214166164398,0.7565546035766602,0.19415567815303802,0.13938839733600616,0.6591814756393433,0.6130531430244446,0.16467158496379852,0.055245835334062576,0.39584416151046753,0.7820488214492798,0.21104003489017487,0.13560621440410614,0.5792556405067444,0.614066481590271,0.11321434378623962,0.06550125032663345,0.3070751130580902,0.7733466029167175,0.1584175080060959,0.15949077904224396
aug_0_9997.png,odissi,0.6594465374946594,0.24956054985523224,-0.3862469494342804,0.999985933303833,0.6620180606842041,0.23185861110687256,-0.3518957793712616,0.9999805688858032,0.6719160676002502,0.23088759183883667,-0.3527461290359497,0.9999817609786987,0.6796689033508301,0.22990238666534424,-0.35266396403312683,0.9999895095825195,0.6364638209342957,0.2387077510356903,-0.3401055932044983,0.9999825954437256,0.6250918507575989,0.2432047575712204,-0.3409460783004761,0.9999823570251465,0.6131873726844788,0.2481311857700348,-0.341352254152298,0.999984860420227,0.6843100190162659,0.23818859457969666,-0.17083248496055603,0.9999895095825195,0.5973958373069763,0.2642478942871094,-0.11230486631393433,0.9999237060546875,0.6796006560325623,0.266214519739151,-0.3119155466556549,0.999984860420227,0.6480152606964111,0.27412325143814087,-0.3011711835861206,0.9999740123748779,0.7831169366836548,0.343523770570755,-0.20778276026248932,0.9999847412109375,0.5628646612167358,0.34428396821022034,0.0059583852998912334,0.9998995065689087,0.6644493937492371,0.432258278131485,-0.27941951155662537,0.9904813170433044,0.4242261052131653,0.2659027576446533,-0.04956924542784691,0.9706727266311646,0.4683002829551697,0.43530601263046265,-0.5318182706832886,0.9934636950492859,0.31071969866752625,0.12607347965240479,-0.3028055727481842,0.9797297716140747,0.4242735803127289,0.46516120433807373,-0.619151771068573,0.992570698261261,0.2474086582660675,0.11870190501213074,-0.39117231965065,0.9808838367462158,0.4110482335090637,0.4593437910079956,-0.6260736584663391,0.9938382506370544,0.25036153197288513,0.12087392807006836,-0.44922390580177307,0.9825394153594971,0.4237336814403534,0.450900137424469,-0.5358437895774841,0.9912517666816711,0.2772160768508911,0.12290739268064499,-0.3428958058357239,0.9826173186302185,0.6570904850959778,0.6149903535842896,-0.00211290898732841,0.9997426867485046,0.5344095230102539,0.6081085205078125,0.0015223670052364469,0.9998966455459595,0.668941080570221,0.8053638339042664,0.1476728469133377,0.3564155697822571,0.5972579121589661,0.7838291525840759,-0.23855911195278168,0.9245035648345947,0.5093395113945007,0.705301821231842,1.0101522207260132,0.03339524194598198,0.6796878576278687,0.9548208713531494,-0.12020293623209,0.7561219930648804,0.5194886326789856,0.7117511034011841,1.103837251663208,0.10484186559915543,0.6929662823677063,0.9641854763031006,-0.11297323554754257,0.5843206644058228,0.5096872448921204,0.7412137389183044,1.1543912887573242,0.060131557285785675,0.6911572217941284,0.9905406832695007,-0.3011337220668793,0.6195412874221802
aug_0_293.png,odissi,0.5330443978309631,0.31016993522644043,-0.2583436071872711,0.999948263168335,0.5562183260917664,0.2982825040817261,-0.2168157547712326,0.9998713731765747,0.5685473680496216,0.3014863133430481,-0.2172684520483017,0.999816358089447,0.5794150829315186,0.304021954536438,-0.21726499497890472,0.9998394250869751,0.51743084192276,0.2914014756679535,-0.21093419194221497,0.9999516010284424,0.5058879256248474,0.2898732125759125,-0.21157410740852356,0.9999545812606812,0.4953513443470001,0.2896164059638977,-0.21196067333221436,0.9999643564224243,0.5907576680183411,0.31068962812423706,-0.004081925377249718,0.999853253364563,0.4812548756599426,0.2988947331905365,0.019913267344236374,0.9999144077301025,0.5528344511985779,0.32991325855255127,-0.1752253919839859,0.9994993209838867,0.508468508720398,0.32614800333976746,-0.1722957044839859,0.9996843338012695,0.6213833689689636,0.35897260904312134,0.0317053459584713,0.9996048808097839,0.4430244565010071,0.3930952847003937,0.1555400937795639,0.9996834993362427,0.6982246041297913,0.2860780954360962,0.03142819181084633,0.945772111415863,0.40084946155548096,0.47252482175827026,-0.06560758501291275,0.7491850256919861,0.6332949995994568,0.21129557490348816,0.09749628603458405,0.8837878108024597,0.531836986541748,0.4666498899459839,-0.44701698422431946,0.9263182878494263,0.6255319714546204,0.18191704154014587,0.07203586399555206,0.8226796984672546,0.5660210847854614,0.45971348881721497,-0.5242098569869995,0.9134634733200073,0.6099839210510254,0.18655693531036377,0.08241331577301025,0.8145378232002258,0.572359561920166,0.44723379611968994,-0.5058695673942566,0.907348096370697,0.6043169498443604,0.20015504956245422,0.10268145054578781,0.7829213738441467,0.5648105144500732,0.45158976316452026,-0.4494157135486603,0.8562443852424622,0.650130033493042,0.5779185891151428,-0.08678435534238815,0.9993143081665039,0.5350160598754883,0.586129367351532,0.08631954342126846,0.9992020726203918,0.6245787143707275,0.7183082699775696,-0.14072011411190033,0.46026724576950073,0.43808430433273315,0.7004960179328918,-0.03292715176939964,0.16082260012626648,0.6094411015510559,0.8421249985694885,0.06403937190771103,0.2523673474788666,0.49763843417167664,0.8247523307800293,0.18553368747234344,0.17822645604610443,0.6305358409881592,0.8612564206123352,0.07626359164714813,0.15174897015094757,0.5303435325622559,0.848202109336853,0.20504499971866608,0.26128342747688293,0.5764225721359253,0.8830316662788391,-0.05515193194150925,0.21013092994689941,0.40679460763931274,0.8718195557594299,0.1202317476272583,0.18394434452056885
aug_0_7141.png,odissi,0.4924009144306183,0.30598539113998413,-0.32370874285697937,0.999995231628418,0.49885618686676025,0.2868000566959381,-0.3002220094203949,0.9999948740005493,0.5089561343193054,0.28412654995918274,-0.30072060227394104,0.9999927282333374,0.5187549591064453,0.2820352613925934,-0.3004733920097351,0.9999969005584717,0.48597052693367004,0.2911117970943451,-0.26872390508651733,0.9999918937683105,0.483925998210907,0.29228270053863525,-0.26943254470825195,0.9999868869781494,0.48167458176612854,0.2935676872730255,-0.269620805978775,0.9999908208847046,0.5581755638122559,0.2801801860332489,-0.16585755348205566,0.9999954700469971,0.5070799589157104,0.2916271686553955,-0.017792895436286926,0.9999456405639648,0.5215505361557007,0.31769388914108276,-0.26667356491088867,0.9999881982803345,0.5021128058433533,0.32137903571128845,-0.22883623838424683,0.9999735355377197,0.7027000188827515,0.35285454988479614,-0.09710314869880676,0.9999855756759644,0.4767763316631317,0.3752896189689636,0.007854017429053783,0.9999029636383057,0.6919959783554077,0.45566973090171814,-0.27895158529281616,0.9919298887252808,0.3487038016319275,0.28435438871383667,-0.14167723059654236,0.9964659214019775,0.5388182997703552,0.5058370232582092,-0.558272123336792,0.9919582605361938,0.38323259353637695,0.1688958704471588,-0.3141559064388275,0.987687885761261,0.5112983584403992,0.5289956331253052,-0.6394331455230713,0.9884668588638306,0.41600996255874634,0.14963552355766296,-0.40057939291000366,0.9676997661590576,0.4926864802837372,0.5236775875091553,-0.6452826261520386,0.9882664084434509,0.4256480932235718,0.14995518326759338,-0.38582757115364075,0.965386688709259,0.4998985230922699,0.5179938077926636,-0.5613071918487549,0.978421151638031,0.41960206627845764,0.15742084383964539,-0.3225966691970825,0.9593545794487,0.6544846892356873,0.6023189425468445,0.0587267242372036,0.9998966455459595,0.5429601073265076,0.604196310043335,-0.059073880314826965,0.9998844861984253,0.8234800100326538,0.6960117816925049,-0.2987688481807709,0.7468653321266174,0.6358885765075684,0.7247625589370728,-0.4366737902164459,0.8627994060516357,0.7942792177200317,0.8573518991470337,-0.015365133993327618,0.6548542380332947,0.6826632022857666,0.868803083896637,-0.12880639731884003,0.5574572682380676,0.7643787860870361,0.8856908082962036,0.0008715693838894367,0.6127355694770813,0.6878069639205933,0.8890495300292969,-0.10388100147247314,0.37836554646492004,0.8972299695014954,0.8803626298904419,-0.2092016190290451,0.6860060095787048,0.7280229926109314,0.9311485290527344,-0.30588528513908386,0.5889130234718323
aug_0_635.png,odissi,0.5276538133621216,0.19450752437114716,-0.21991166472434998,0.9999924898147583,0.5380459427833557,0.1760329306125641,-0.15520377457141876,0.9999877214431763,0.5496248006820679,0.17710936069488525,-0.15574109554290771,0.9999815225601196,0.5602596402168274,0.1783623993396759,-0.1556260585784912,0.9999872446060181,0.5015634298324585,0.17392808198928833,-0.1748408079147339,0.9999934434890747,0.489471435546875,0.17419396340847015,-0.17535921931266785,0.9999927282333374,0.4768401086330414,0.1748109757900238,-0.17545175552368164,0.9999926090240479,0.5655195116996765,0.187140554189682,0.14927689731121063,0.9999892711639404,0.44874072074890137,0.18266218900680542,0.0566820427775383,0.9999833106994629,0.5438945889472961,0.21352452039718628,-0.10340947657823563,0.9999563694000244,0.5012189149856567,0.21170738339424133,-0.1347503364086151,0.9999440908432007,0.6082794666290283,0.28467732667922974,0.1612771600484848,0.9999083280563354,0.3667335510253906,0.27936404943466187,0.13064411282539368,0.9995774626731873,0.8388261198997498,0.29784631729125977,-0.16549032926559448,0.9401818513870239,0.42197293043136597,0.337942898273468,-0.19516484439373016,0.8486704230308533,0.6984707713127136,0.25392135977745056,-0.5708991885185242,0.902535617351532,0.6214359402656555,0.3474007248878479,-0.48007115721702576,0.9467978477478027,0.6717141270637512,0.27083879709243774,-0.6574900150299072,0.8746947050094604,0.6712301969528198,0.31888633966445923,-0.562613844871521,0.9332729578018188,0.6577038764953613,0.27508315443992615,-0.6222405433654785,0.8634926080703735,0.662410318851471,0.3130044639110565,-0.5302939414978027,0.9186493754386902,0.6580138206481934,0.27735355496406555,-0.5648888945579529,0.8119821548461914,0.6496779322624207,0.3228335678577423,-0.474989652633667,0.8801411986351013,0.6256063580513,0.5254545211791992,-0.043043579906225204,0.9999462366104126,0.4709659218788147,0.5385643243789673,0.04230726137757301,0.9999085664749146,0.5746193528175354,0.7228370904922485,-0.1994045525789261,0.8357024192810059,0.2375560998916626,0.6477968692779541,-0.3145581781864166,0.7536305785179138,0.48774486780166626,0.8891668915748596,0.035750243812799454,0.7818426489830017,0.3744578957557678,0.8241136074066162,0.06574108451604843,0.5481918454170227,0.4738255441188812,0.9116760492324829,0.05147985368967056,0.5649852156639099,0.43426254391670227,0.8394155502319336,0.10326220095157623,0.5568099617958069,0.44181352853775024,0.9600844979286194,-0.12422888725996017,0.6949923634529114,0.31704044342041016,0.919426679611206,0.0002927932655438781,0.4719837009906769
aug_0_375.png,odissi,0.5298162698745728,0.2730129659175873,-0.43377649784088135,0.9999963045120239,0.548399031162262,0.2513423562049866,-0.40108710527420044,0.9999873638153076,0.5597219467163086,0.25040245056152344,-0.4017050266265869,0.9999880790710449,0.5723118782043457,0.25063520669937134,-0.40160688757896423,0.9999877214431763,0.5189950466156006,0.2550824284553528,-0.38655489683151245,0.9999910593032837,0.5097236633300781,0.2556384801864624,-0.38710618019104004,0.999993085861206,0.5023190975189209,0.25580936670303345,-0.38736891746520996,0.9999896287918091,0.5995729565620422,0.26024842262268066,-0.18902640044689178,0.999995231628418,0.5074470043182373,0.26102492213249207,-0.12209393829107285,0.999987006187439,0.5579817295074463,0.2888447344303131,-0.34803327918052673,0.9999927282333374,0.5197036266326904,0.2908038794994354,-0.3333430290222168,0.9999891519546509,0.6949443221092224,0.3408321440219879,-0.1377333402633667,0.9999827146530151,0.46092191338539124,0.36887478828430176,0.07967405021190643,0.9999130964279175,0.8585572242736816,0.3987840414047241,-0.3391786813735962,0.9937341809272766,0.2876036763191223,0.39666032791137695,-0.21389786899089813,0.9507309198379517,0.7775368690490723,0.46441924571990967,-0.7198520302772522,0.9982509016990662,0.24419143795967102,0.3524446487426758,-0.7787777185440063,0.9990814924240112,0.7518550157546997,0.4669044017791748,-0.8081366419792175,0.9988208413124084,0.25200462341308594,0.34129756689071655,-0.8935713171958923,0.9995051622390747,0.7400830388069153,0.44752049446105957,-0.8229683637619019,0.9989765882492065,0.27488401532173157,0.3264191150665283,-0.8919261693954468,0.999496340751648,0.7436038851737976,0.45020973682403564,-0.729568600654602,0.9984361529350281,0.2793189287185669,0.3350377678871155,-0.7975947856903076,0.9994144439697266,0.7368872761726379,0.5968810319900513,-0.09029644727706909,0.9991463422775269,0.5957136154174805,0.6111257076263428,0.08973485231399536,0.9990457892417908,0.7240743637084961,0.7856618762016296,-0.2251884490251541,0.7609752416610718,0.4872286319732666,0.783134937286377,-0.26389577984809875,0.760918915271759,0.7596470713615417,0.9575079679489136,0.083591029047966,0.7670584321022034,0.6217525005340576,0.9504745006561279,-0.03632502630352974,0.7412952184677124,0.7675099968910217,0.9668606519699097,0.10479529201984406,0.5870905518531799,0.6622565388679504,0.9780762791633606,-0.01817760057747364,0.6688414812088013,0.7359267473220825,1.012769103050232,-0.04473533481359482,0.7350335717201233,0.5771464109420776,1.0040127038955688,-0.1455608308315277,0.6232877969741821
aug_0_2539.png,odissi,0.4968623220920563,0.2306193709373474,-0.3738063871860504,0.9999908208847046,0.5139515995979309,0.212612122297287,-0.3298972547054291,0.9999829530715942,0.5273760557174683,0.21269354224205017,-0.3304465115070343,0.9999768733978271,0.5410205125808716,0.21345016360282898,-0.3301771879196167,0.9999862909317017,0.48815956711769104,0.21359005570411682,-0.3196380138397217,0.9999899864196777,0.4801064133644104,0.21396183967590332,-0.3203260004520416,0.9999873638153076,0.47183558344841003,0.21377667784690857,-0.32053014636039734,0.9999909400939941,0.5596499443054199,0.21866649389266968,-0.08923415094614029,0.9999799728393555,0.4747728407382965,0.218398779630661,-0.04045750945806503,0.9999575614929199,0.5179296731948853,0.2452538013458252,-0.27606284618377686,0.9999504089355469,0.4875589907169342,0.24487076699733734,-0.26746639609336853,0.9999357461929321,0.6385000944137573,0.30423951148986816,0.028919052332639694,0.9998737573623657,0.4066298007965088,0.30828791856765747,0.10323133319616318,0.9994977712631226,0.824614405632019,0.2911227345466614,-0.14495134353637695,0.9812930226325989,0.2576495409011841,0.34548667073249817,0.10407225042581558,0.6653890609741211,0.6806132793426514,0.2424091100692749,-0.3331093490123749,0.976895809173584,0.1329091489315033,0.26171645522117615,-0.000803271250333637,0.9178979396820068,0.6507070660591125,0.21330305933952332,-0.3722608685493469,0.9361572861671448,0.13062459230422974,0.22407874464988708,-0.03092801943421364,0.8889666199684143,0.6381117701530457,0.21732231974601746,-0.34649187326431274,0.9275137782096863,0.14264985918998718,0.21759381890296936,-0.05365535989403725,0.8882566690444946,0.6408035755157471,0.2301344871520996,-0.32378169894218445,0.9024500250816345,0.14444038271903992,0.23274517059326172,-0.017402248457074165,0.8830741047859192,0.5028713941574097,0.5502400398254395,0.03685184568166733,0.9998160004615784,0.3789944350719452,0.5324571132659912,-0.0371227003633976,0.9997974038124084,0.4244908094406128,0.7241805195808411,-0.04705006256699562,0.19911272823810577,0.3757447898387909,0.6221311688423157,-0.6981671452522278,0.8350666165351868,0.32200828194618225,0.8302434682846069,0.3115795850753784,0.13325530290603638,0.4816585183143616,0.8296270370483398,-0.6010105013847351,0.6625195741653442,0.30000773072242737,0.842127799987793,0.3383603096008301,0.1436431109905243,0.5042992830276489,0.8613656759262085,-0.59128338098526,0.5662697553634644,0.28491726517677307,0.8791518807411194,0.19386887550354004,0.1703696995973587,0.5159478187561035,0.8725060224533081,-0.7804445624351501,0.6710554361343384
aug_0_916.png,odissi,0.46598973870277405,0.40797048807144165,-0.18547526001930237,0.9999191761016846,0.47469863295555115,0.39214786887168884,-0.1480056196451187,0.9999443292617798,0.4765338897705078,0.3921854794025421,-0.14840376377105713,0.9999374151229858,0.47822096943855286,0.3921472728252411,-0.14846459031105042,0.9999692440032959,0.4626957178115845,0.3870994448661804,-0.1683858186006546,0.9999215602874756,0.4571598172187805,0.3842487931251526,-0.16879968345165253,0.9998939037322998,0.4500621557235718,0.3809628486633301,-0.16891491413116455,0.9999258518218994,0.4572216272354126,0.3879246115684509,0.027273083105683327,0.9999790191650391,0.4188980460166931,0.37051475048065186,-0.06928045302629471,0.9997798800468445,0.4539359211921692,0.42070314288139343,-0.11323721706867218,0.9999223947525024,0.4429495930671692,0.41141578555107117,-0.1460258811712265,0.9998819828033447,0.45041072368621826,0.4831278324127197,0.04724523052573204,0.9999657869338989,0.32080939412117004,0.39471790194511414,-0.019081247970461845,0.999828577041626,0.39196252822875977,0.5906766057014465,0.01801050640642643,0.9244527220726013,0.32161304354667664,0.26533544063568115,-0.11795683950185776,0.9723004698753357,0.25340887904167175,0.5952715873718262,-0.14471854269504547,0.9633868336677551,0.4255492091178894,0.20834830403327942,-0.16787739098072052,0.9844759106636047,0.22849363088607788,0.5846164226531982,-0.18489974737167358,0.9609915018081665,0.4296715259552002,0.17534375190734863,-0.21742868423461914,0.9788711667060852,0.22575315833091736,0.5674576163291931,-0.1993047147989273,0.9614695906639099,0.4311158061027527,0.17780664563179016,-0.2087482362985611,0.978218138217926,0.23349490761756897,0.5726622343063354,-0.14984513819217682,0.9424653649330139,0.4310407340526581,0.19150134921073914,-0.17195598781108856,0.9732282161712646,0.3818587064743042,0.6272740960121155,0.03993918001651764,0.9997547268867493,0.2788737118244171,0.6398207545280457,-0.04026288911700249,0.9997689127922058,0.5208995342254639,0.5989611148834229,-0.33145037293434143,0.9853132367134094,0.3002336025238037,0.7981886863708496,-0.40447989106178284,0.9726670980453491,0.39415687322616577,0.7902820110321045,-0.25717005133628845,0.9577096104621887,0.4236079156398773,0.9421288967132568,-0.2425331473350525,0.9271870255470276,0.3626527786254883,0.8123845458030701,-0.253400981426239,0.928263247013092,0.4491864740848541,0.9650042057037354,-0.22525711357593536,0.8244463205337524,0.3876030147075653,0.8317087292671204,-0.40246883034706116,0.9645156860351562,0.4300083518028259,0.9768988490104675,-0.37999290227890015,0.9178290963172913
aug_0_580.png,odissi,0.5000442862510681,0.20098641514778137,-0.3200894594192505,0.9999978542327881,0.5392128229141235,0.18699130415916443,-0.30384284257888794,0.9999974966049194,0.5534151196479797,0.1922534704208374,-0.304502934217453,0.9999966621398926,0.5676277279853821,0.1982068121433258,-0.30451151728630066,0.9999977350234985,0.5107938051223755,0.1767418086528778,-0.24304623901844025,0.9999979734420776,0.501844048500061,0.1732265055179596,-0.2437305599451065,0.9999967813491821,0.49271371960639954,0.16967836022377014,-0.24394190311431885,0.9999972581863403,0.5914371609687805,0.2145477831363678,-0.17807920277118683,0.9999961853027344,0.4976229965686798,0.17535629868507385,0.09400010108947754,0.9999871253967285,0.5158321261405945,0.2314821481704712,-0.26676076650619507,0.9999796152114868,0.47478827834129333,0.2179417610168457,-0.19416488707065582,0.9999743700027466,0.5914859175682068,0.2955341339111328,-0.3207964301109314,0.9999709129333496,0.4562157392501831,0.30051591992378235,0.412771075963974,0.999921441078186,0.5344734191894531,0.3212617039680481,-0.5426365733146667,0.8900096416473389,0.43578195571899414,0.404927134513855,0.6160538196563721,0.053377244621515274,0.3878917694091797,0.30656638741493225,-0.6299957036972046,0.8470117449760437,0.374965637922287,0.4313478469848633,0.563517153263092,0.20585735142230988,0.33988451957702637,0.3118211627006531,-0.7023758292198181,0.8383363485336304,0.3539002537727356,0.4415091276168823,0.5751081109046936,0.31474998593330383,0.33808761835098267,0.29961496591567993,-0.6713193655014038,0.8346996307373047,0.34560322761535645,0.4343525767326355,0.5063298344612122,0.3212624192237854,0.3524155616760254,0.30287039279937744,-0.6136096119880676,0.7622040510177612,0.3582371473312378,0.4314832389354706,0.5310498476028442,0.3271075487136841,0.5615778565406799,0.5682284235954285,-0.219842791557312,0.9999814033508301,0.4816729426383972,0.5639175772666931,0.2188812792301178,0.9999788999557495,0.40148937702178955,0.795892596244812,-0.35777461528778076,0.25515216588974,0.3638346195220947,0.7446508407592773,0.11905156075954437,0.12849481403827667,0.5870137810707092,0.8658232688903809,0.1289118081331253,0.058849260210990906,0.4811932444572449,0.8720049858093262,0.42040348052978516,0.10280600190162659,0.6228809356689453,0.85077965259552,0.17952758073806763,0.088071309030056,0.5136735439300537,0.8843435049057007,0.4530213475227356,0.14288242161273956,0.5424194931983948,0.9102606177330017,0.19108356535434723,0.11283489316701889,0.4047815203666687,0.9062442779541016,0.4614323675632477,0.12965922057628632
aug_0_1211.png,odissi,0.5269883871078491,0.11868840456008911,-0.9209845066070557,0.9999980926513672,0.5377281308174133,0.10038897395133972,-0.8782529830932617,0.9999945163726807,0.5457690358161926,0.10141602158546448,-0.8789830207824707,0.9999939203262329,0.5537329316139221,0.10266080498695374,-0.8790628910064697,0.9999957084655762,0.5067054033279419,0.09864169359207153,-0.8934576511383057,0.999996542930603,0.4950517416000366,0.09826621413230896,-0.894005537033081,0.9999964237213135,0.4827530086040497,0.0987434983253479,-0.8942843675613403,0.9999963045120239,0.5500543117523193,0.11023774743080139,-0.5964033007621765,0.9999967813491821,0.4592883586883545,0.10707402229309082,-0.6617345809936523,0.9999881982803345,0.5368717312812805,0.1378416121006012,-0.8063259720802307,0.9999974966049194,0.4999980032444,0.13708046078681946,-0.8295677304267883,0.9999970197677612,0.6149306893348694,0.20807698369026184,-0.42112424969673157,0.9999982118606567,0.380323588848114,0.2311519980430603,-0.4055573642253876,0.9999821186065674,0.7472487092018127,0.2779395878314972,-0.39835745096206665,0.9936204552650452,0.3486829400062561,0.3790608048439026,-0.40940892696380615,0.9833499193191528,0.7270582318305969,0.3688017725944519,-0.6863230466842651,0.99434494972229,0.39768147468566895,0.5123130679130554,-0.6360461115837097,0.9669079184532166,0.6978293657302856,0.39547276496887207,-0.7677404880523682,0.9905479550361633,0.39637619256973267,0.5549760460853577,-0.7121508717536926,0.9450998306274414,0.6829473972320557,0.38214394450187683,-0.8142610192298889,0.9913110733032227,0.41491398215293884,0.5509580373764038,-0.7654419541358948,0.9487923383712769,0.6880249977111816,0.37647193670272827,-0.7082846164703369,0.9857879877090454,0.42198023200035095,0.5352065563201904,-0.6621325612068176,0.9315382242202759,0.626930296421051,0.4577523171901703,-0.03584285080432892,0.9999642372131348,0.500871479511261,0.46743571758270264,0.03524802252650261,0.9999502897262573,0.5997591018676758,0.6273933053016663,-0.18580211699008942,0.9516181349754333,0.4372043311595917,0.6285450458526611,-0.1559661328792572,0.9253528714179993,0.5927904844284058,0.7392923831939697,0.3470523953437805,0.7748716473579407,0.49037182331085205,0.7897993326187134,0.21108168363571167,0.9374420046806335,0.5899282693862915,0.7567203044891357,0.3898642659187317,0.46079596877098083,0.5217166543006897,0.8208668231964111,0.2388448268175125,0.8216304779052734,0.5796754360198975,0.8051350116729736,0.24320676922798157,0.7483681440353394,0.38759833574295044,0.8557679653167725,0.07265856117010117,0.8994396924972534
aug_0_1143.png,odissi,0.32741332054138184,0.22196298837661743,-0.18801182508468628,0.999976634979248,0.34759849309921265,0.1983424723148346,-0.15305539965629578,0.9999510049819946,0.36217963695526123,0.1972060203552246,-0.15352238714694977,0.999935507774353,0.3730218708515167,0.1970471739768982,-0.15335816144943237,0.9999532699584961,0.31052032113075256,0.20229719579219818,-0.1425376683473587,0.9999630451202393,0.29834693670272827,0.203962504863739,-0.14322735369205475,0.9999575614929199,0.2883933186531067,0.2057783305644989,-0.14346832036972046,0.9999657869338989,0.39512574672698975,0.20475485920906067,0.029717866331338882,0.9999645948410034,0.28150659799575806,0.2147899866104126,0.07782211154699326,0.9999145269393921,0.3572908341884613,0.23769012093544006,-0.11612553149461746,0.9999330043792725,0.3131067752838135,0.24616822600364685,-0.1068495362997055,0.9999176263809204,0.5020588040351868,0.29408419132232666,0.04818461090326309,0.9999445676803589,0.24986532330513,0.31895190477371216,0.12377750128507614,0.9999582767486572,0.4751173257827759,0.37827742099761963,-0.19785639643669128,0.8405684232711792,0.045743972063064575,0.3688187599182129,-0.1378326117992401,0.8482770919799805,0.26532548666000366,0.40709108114242554,-0.4412635862827301,0.7634806632995605,0.1687525361776352,0.3057684302330017,-0.4534461796283722,0.9145334959030151,0.2103726714849472,0.39726582169532776,-0.50960373878479,0.8011786341667175,0.20175759494304657,0.3275163471698761,-0.5318961143493652,0.9169968366622925,0.21970990300178528,0.3839067816734314,-0.4813707172870636,0.7948061227798462,0.2262679636478424,0.32531675696372986,-0.502837061882019,0.9078598618507385,0.236427441239357,0.3882042169570923,-0.4304533898830414,0.7306203842163086,0.22489884495735168,0.3249019682407379,-0.45227697491645813,0.8978103995323181,0.4621337056159973,0.572926938533783,0.016978846862912178,0.9999260902404785,0.3219367563724518,0.5746719837188721,-0.017460621893405914,0.9999411106109619,0.5974798202514648,0.7400750517845154,-0.16408897936344147,0.3398493230342865,0.3622046113014221,0.7772594690322876,-0.24061377346515656,0.46025097370147705,0.5998690128326416,0.9185652732849121,-0.04093065857887268,0.3760513663291931,0.4758799970149994,0.9392920732498169,-0.014228452928364277,0.3968569040298462,0.5682520270347595,0.9412699937820435,-0.03867208585143089,0.33546289801597595,0.49181902408599854,0.9473977088928223,0.006064136512577534,0.24762023985385895,0.6495792865753174,1.0032267570495605,-0.20219528675079346,0.37045982480049133,0.4990743398666382,1.010036826133728,-0.14419710636138916,0.31982186436653137
aug_0_8942.png,odissi,0.6480273008346558,0.1808878481388092,-0.1718241572380066,0.9996627569198608,0.6178681254386902,0.16754356026649475,-0.13298821449279785,0.9993419051170349,0.6148290634155273,0.1692645251750946,-0.1335955113172531,0.9992163181304932,0.6119263768196106,0.1713014841079712,-0.13367824256420135,0.9994783997535706,0.6127752661705017,0.16845223307609558,-0.20361825823783875,0.9997811913490295,0.6063990592956543,0.17103517055511475,-0.204482764005661,0.9998195767402649,0.5984650254249573,0.17441874742507935,-0.20481246709823608,0.9998722076416016,0.5806959867477417,0.19754146039485931,0.0389564111828804,0.9998437166213989,0.5589804649353027,0.20069366693496704,-0.27914106845855713,0.9997815489768982,0.6457770466804504,0.21138152480125427,-0.09869440644979477,0.9996919631958008,0.6441057324409485,0.21189561486244202,-0.19590920209884644,0.9997698664665222,0.7003837823867798,0.31880196928977966,0.06664630025625229,0.9999529123306274,0.46915996074676514,0.37044787406921387,-0.34342822432518005,0.999761164188385,0.8683906197547913,0.1958262324333191,0.0319812074303627,0.4635762572288513,0.24339412152767181,0.487417608499527,-0.7382363677024841,0.8613683581352234,0.8233669400215149,0.04107391834259033,-0.10471737384796143,0.5584934949874878,0.17323347926139832,0.3415778875350952,-1.0964276790618896,0.9627736210823059,0.8015143275260925,0.01803755946457386,-0.11114336550235748,0.5851980447769165,0.17510664463043213,0.309426873922348,-1.1802610158920288,0.9674674272537231,0.7539094686508179,0.015611766837537289,-0.118593230843544,0.5725662112236023,0.19312289357185364,0.2902165651321411,-1.1475822925567627,0.961087703704834,0.7567245364189148,0.026494979858398438,-0.11206214874982834,0.5617645978927612,0.1997157335281372,0.2993275821208954,-1.0939897298812866,0.9324204325675964,0.6528186202049255,0.6470068097114563,0.09672027081251144,0.9999823570251465,0.5253910422325134,0.6465753316879272,-0.09743234515190125,0.99994957447052,0.8919795751571655,0.7863539457321167,-0.1615118384361267,0.9719476699829102,0.1544797718524933,0.7820660471916199,-0.24177055060863495,0.7327501773834229,0.5372037887573242,0.8296237587928772,0.08379580825567245,0.31543201208114624,0.23917025327682495,0.5431340932846069,-0.08505212515592575,0.06067931652069092,0.48840534687042236,0.811508297920227,0.12340587377548218,0.4295537769794464,0.25916051864624023,0.5161669254302979,-0.04609105363488197,0.11651334911584854,0.42233309149742126,0.8425470590591431,0.13066139817237854,0.2527223527431488,0.30284005403518677,0.44767722487449646,0.013978805392980576,0.06312847882509232
aug_0_480.png,odissi,0.5286391973495483,0.22423547506332397,-0.9150375723838806,0.9999958276748657,0.532819926738739,0.2046869993209839,-0.8670659065246582,0.9999886751174927,0.5418579578399658,0.2045680284500122,-0.8678073287010193,0.9999856948852539,0.5490495562553406,0.20451980829238892,-0.8678492307662964,0.9999895095825195,0.5026653409004211,0.2053188681602478,-0.887066125869751,0.9999934434890747,0.4914996325969696,0.20581012964248657,-0.8876827955245972,0.9999933242797852,0.48052147030830383,0.2066454291343689,-0.8880017399787903,0.9999933242797852,0.5458731651306152,0.21123942732810974,-0.5656834244728088,0.9999902248382568,0.4585968852043152,0.21701249480247498,-0.6539150476455688,0.9999791383743286,0.5409613847732544,0.2403443455696106,-0.7934579253196716,0.9999918937683105,0.5091497898101807,0.2425212264060974,-0.8233871459960938,0.9999923706054688,0.6241585612297058,0.30168598890304565,-0.35777759552001953,0.9999886751174927,0.412942111492157,0.3469506502151489,-0.4251739978790283,0.9999566078186035,0.7576301693916321,0.3574056029319763,-0.3322538137435913,0.9857289791107178,0.4092757999897003,0.49801701307296753,-0.44558843970298767,0.9900662899017334,0.7577729225158691,0.45637214183807373,-0.630427360534668,0.988627016544342,0.473383367061615,0.6329119801521301,-0.6746577024459839,0.9895564913749695,0.7432599067687988,0.483264684677124,-0.707451581954956,0.9825782179832458,0.47540712356567383,0.6724317073822021,-0.7565926909446716,0.9790568351745605,0.7215766310691833,0.4732920527458191,-0.7594057321548462,0.9845571517944336,0.49415725469589233,0.6696103811264038,-0.809628427028656,0.9815700054168701,0.7220662832260132,0.4676664471626282,-0.6548447012901306,0.9765005111694336,0.5010144114494324,0.6535402536392212,-0.7002049684524536,0.972791850566864,0.6831074953079224,0.5519100427627563,-0.004258028697222471,0.9994686245918274,0.5661107301712036,0.5775654315948486,0.0035284487530589104,0.9994240999221802,0.6910252571105957,0.7231653928756714,-0.09373277425765991,0.7482475638389587,0.541365921497345,0.7415875196456909,-0.20656974613666534,0.7234542369842529,0.6974729299545288,0.8729731440544128,0.35696738958358765,0.43920305371284485,0.6224613189697266,0.9182363748550415,0.12329115718603134,0.714414119720459,0.7022572159767151,0.9019231796264648,0.39055803418159485,0.23167738318443298,0.6532164812088013,0.9412165284156799,0.14673422276973724,0.4861706495285034,0.7078320384025574,0.9249478578567505,0.24363958835601807,0.40713152289390564,0.538126528263092,0.9908463954925537,-0.019865043461322784,0.6137009859085083
aug_0_2913.png,odissi,0.6003506779670715,0.19839158654212952,-0.5647583603858948,0.9998505115509033,0.6065740585327148,0.17183756828308105,-0.5149202346801758,0.9997424483299255,0.6160486340522766,0.17119237780570984,-0.5153237581253052,0.99968421459198,0.6245085597038269,0.170352503657341,-0.5153021216392517,0.9997935891151428,0.5741994976997375,0.17245754599571228,-0.5338599681854248,0.9997500777244568,0.5618831515312195,0.1730518639087677,-0.5343312621116638,0.9997223019599915,0.5486374497413635,0.17408543825149536,-0.5345322489738464,0.9997615218162537,0.6235266923904419,0.1764119267463684,-0.2384897619485855,0.9998953342437744,0.5217856168746948,0.18169566988945007,-0.32225990295410156,0.9994470477104187,0.6152737736701965,0.22065392136573792,-0.4547649621963501,0.9998587369918823,0.5812914371490479,0.2237306535243988,-0.48296257853507996,0.9997758269309998,0.6987209320068359,0.31194210052490234,-0.10288665443658829,0.9999830722808838,0.4246326684951782,0.31489911675453186,-0.21646489202976227,0.999855637550354,0.8550170063972473,0.44571125507354736,-0.29446545243263245,0.9838555455207825,0.30703237652778625,0.4755741357803345,-0.40150734782218933,0.9891270995140076,0.6956686973571777,0.48842185735702515,-0.7760646939277649,0.9901002049446106,0.49750834703445435,0.5121007561683655,-0.7354646921157837,0.9946321249008179,0.6488751173019409,0.5228858590126038,-0.8830333948135376,0.9879271388053894,0.5498543977737427,0.5120741724967957,-0.8310746550559998,0.9915033578872681,0.635076105594635,0.504192054271698,-0.8710882663726807,0.9880931973457336,0.5530112981796265,0.48980361223220825,-0.8263561129570007,0.9912269711494446,0.6460022330284119,0.4972291588783264,-0.7768006324768066,0.9771170020103455,0.5416157245635986,0.49107420444488525,-0.7377933263778687,0.9817208051681519,0.6816707849502563,0.6160953640937805,0.049758508801460266,0.9995378255844116,0.5287162065505981,0.6426660418510437,-0.050151415169239044,0.9986997842788696,0.9089001417160034,0.5677029490470886,-0.5220080614089966,0.9520773887634277,0.416012704372406,0.847182035446167,-0.6929080486297607,0.9305352568626404,0.7715398669242859,0.7979549765586853,-0.25606632232666016,0.8146568536758423,0.5554673075675964,0.7734506726264954,0.25969770550727844,0.07320532947778702,0.7302195429801941,0.8270830512046814,-0.23140227794647217,0.7558791637420654,0.5710456371307373,0.7749118804931641,0.37045368552207947,0.11553405225276947,0.8228612542152405,0.8722372651100159,-0.391975462436676,0.7306784391403198,0.5872107744216919,0.8543920516967773,0.3703147768974304,0.055226199328899384
aug_0_5665.png,odissi,0.3802473247051239,0.2124882936477661,-0.19767263531684875,0.999913215637207,0.4023037254810333,0.19957080483436584,-0.14376136660575867,0.9999035596847534,0.4128151535987854,0.20134270191192627,-0.1444559395313263,0.9998801946640015,0.42199212312698364,0.20355239510536194,-0.14448122680187225,0.9999123811721802,0.37145403027534485,0.19633468985557556,-0.14953450858592987,0.9999485015869141,0.36104151606559753,0.19635650515556335,-0.15033486485481262,0.9999500513076782,0.35269778966903687,0.19649189710617065,-0.15065231919288635,0.9999624490737915,0.43344584107398987,0.21795085072517395,0.1000869944691658,0.9999104738235474,0.348021924495697,0.20905163884162903,0.07120770961046219,0.9998838901519775,0.3965006470680237,0.23728086054325104,-0.1033729612827301,0.999620795249939,0.36161425709724426,0.23053687810897827,-0.11711210012435913,0.9996931552886963,0.5131434202194214,0.29647499322891235,0.119345523416996,0.9992287158966064,0.27933943271636963,0.32076114416122437,0.05450671911239624,0.9980985522270203,0.61297607421875,0.19219088554382324,-0.14902521669864655,0.9892158508300781,0.3908114731311798,0.3999749422073364,-0.1702161729335785,0.9531668424606323,0.6846672296524048,0.05728110671043396,-0.5401357412338257,0.9947383999824524,0.5915765762329102,0.38121408224105835,-0.49621647596359253,0.9894019961357117,0.740342378616333,0.04591521620750427,-0.6420010328292847,0.9923259019851685,0.6447706818580627,0.4033089280128479,-0.6034154295921326,0.9881232380867004,0.7404776215553284,0.04557830095291138,-0.6626650094985962,0.992942214012146,0.6529942154884338,0.4034288823604584,-0.6058346033096313,0.9889611601829529,0.7161528468132019,0.04907625913619995,-0.5630902647972107,0.9928353428840637,0.6389141082763672,0.3988109827041626,-0.5084781050682068,0.9856669306755066,0.5569138526916504,0.5614621639251709,-0.00885853637009859,0.999506950378418,0.4306694269180298,0.5777863264083862,0.008209210820496082,0.9984756112098694,0.5465784072875977,0.7743511199951172,-0.139710932970047,0.9049411416053772,0.46709713339805603,0.756452739238739,0.003771161660552025,0.33746954798698425,0.4587598741054535,0.9652514457702637,0.061061810702085495,0.6890732049942017,0.6236845254898071,0.6502978801727295,0.6330995559692383,0.03254919499158859,0.4538753628730774,0.9694198369979858,0.0752570629119873,0.5052840709686279,0.6438313722610474,0.6423550248146057,0.7024559378623962,0.0694953054189682,0.4459969401359558,1.0180096626281738,-0.14597395062446594,0.544809103012085,0.6479095220565796,0.668022871017456,0.6629456281661987,0.03713209554553032
aug_0_1770.png,odissi,0.49149012565612793,0.19879689812660217,-0.9148597717285156,0.9999978542327881,0.4985240399837494,0.17997634410858154,-0.8639611005783081,0.9999942779541016,0.5087961554527283,0.18132615089416504,-0.8646709322929382,0.9999927282333374,0.5176097750663757,0.18212565779685974,-0.8647571802139282,0.999995231628418,0.46326810121536255,0.17732077836990356,-0.8861739039421082,0.9999964237213135,0.4513472020626068,0.17732468247413635,-0.8867992162704468,0.9999960660934448,0.4397789537906647,0.17786169052124023,-0.8871063590049744,0.9999961853027344,0.5169975161552429,0.19086343050003052,-0.5440310835838318,0.9999966621398926,0.4187808036804199,0.18965211510658264,-0.6423413157463074,0.999988317489624,0.5042305588722229,0.22114497423171997,-0.7860360145568848,0.9999982118606567,0.4664914011955261,0.22091710567474365,-0.8188725113868713,0.9999977350234985,0.5886211395263672,0.29294353723526,-0.310319185256958,0.9999969005584717,0.35899418592453003,0.3355357050895691,-0.41272100806236267,0.999976396560669,0.7277393341064453,0.3636484146118164,-0.2790991961956024,0.9886776804924011,0.34223005175590515,0.4981221854686737,-0.416116863489151,0.9880793690681458,0.7216817140579224,0.46593862771987915,-0.6404656767845154,0.9913698434829712,0.4036891460418701,0.6447019577026367,-0.6571933031082153,0.9709159731864929,0.703974723815918,0.4965178966522217,-0.7341165542602539,0.9857103228569031,0.4077681601047516,0.6885904669761658,-0.7455266118049622,0.9460921287536621,0.6784991025924683,0.4826081097126007,-0.7866677045822144,0.987147867679596,0.4269881248474121,0.6849046349525452,-0.8058062791824341,0.9517577290534973,0.6793133020401001,0.4769687354564667,-0.6677089929580688,0.9797428250312805,0.4336335062980652,0.6694093942642212,-0.6860277652740479,0.9311429262161255,0.6334428191184998,0.5665633678436279,0.014283168129622936,0.9997952580451965,0.5069611072540283,0.5869355201721191,-0.015006832778453827,0.999738872051239,0.6294379830360413,0.7555266618728638,-0.2069498896598816,0.7118405699729919,0.49637043476104736,0.7830780148506165,-0.18151269853115082,0.5231395959854126,0.6405788660049438,0.9259628057479858,0.26553523540496826,0.3244166970252991,0.553088903427124,0.9688217639923096,0.27744215726852417,0.41624635457992554,0.6217776536941528,0.9226648807525635,0.30109331011772156,0.20975163578987122,0.5583578944206238,0.9609107375144958,0.3123343288898468,0.21415899693965912,0.6476408243179321,0.9647501707077026,0.09602697193622589,0.3470333516597748,0.5522187352180481,1.0425388813018799,0.0975002571940422,0.3208776116371155
aug_0_2437.png,odissi,0.5314857959747314,0.38509294390678406,-0.14770390093326569,0.9999738931655884,0.5425655841827393,0.36985164880752563,-0.10713162273168564,0.9999815225601196,0.5450599193572998,0.3702625036239624,-0.10751212388277054,0.9999778270721436,0.5477102398872375,0.3710072636604309,-0.10755017399787903,0.9999889135360718,0.5306203365325928,0.36435383558273315,-0.12545064091682434,0.9999772310256958,0.5238900184631348,0.3611293435096741,-0.125873401761055,0.9999692440032959,0.5170753002166748,0.3580927848815918,-0.1259549856185913,0.9999790191650391,0.5265812873840332,0.3661009967327118,0.08173064887523651,0.9999899864196777,0.49009257555007935,0.3464941084384918,-0.006202124524861574,0.999932050704956,0.5221118927001953,0.3959718346595764,-0.07025332003831863,0.9999673366546631,0.507351815700531,0.3866094946861267,-0.10093749314546585,0.9999575614929199,0.5039091110229492,0.4607989192008972,0.09623020142316818,0.9999736547470093,0.39268526434898376,0.35595598816871643,0.053849443793296814,0.9999266862869263,0.4296702742576599,0.5655769109725952,0.07926913350820541,0.9370908737182617,0.4200975000858307,0.22725990414619446,-0.06004549562931061,0.9836909174919128,0.2886674106121063,0.5515182018280029,-0.07423226535320282,0.9689240455627441,0.5303151607513428,0.17739003896713257,-0.1370929330587387,0.9915315508842468,0.2668779790401459,0.535537600517273,-0.11161106824874878,0.9638472199440002,0.5373131632804871,0.14295873045921326,-0.1925538033246994,0.9875029921531677,0.26628777384757996,0.5199921131134033,-0.1296452283859253,0.9632619619369507,0.540073037147522,0.14633837342262268,-0.1772628128528595,0.9865370988845825,0.27171170711517334,0.5256909132003784,-0.07952980697154999,0.9422276020050049,0.5374619960784912,0.16053664684295654,-0.13926926255226135,0.9820466637611389,0.42350077629089355,0.6058489084243774,0.013559073209762573,0.9998027682304382,0.3171091675758362,0.6110779047012329,-0.013940474018454552,0.9998292922973633,0.5517294406890869,0.5907264947891235,-0.502960741519928,0.9890579581260681,0.29582372307777405,0.7804034352302551,-0.4181985855102539,0.9554390907287598,0.39932501316070557,0.78636634349823,-0.4706246256828308,0.9429035186767578,0.4034993350505829,0.9385629296302795,-0.29122602939605713,0.8725848197937012,0.36924389004707336,0.7869543433189392,-0.471527636051178,0.9101739525794983,0.4267711639404297,0.9697651267051697,-0.27939727902412415,0.7761638164520264,0.3764844834804535,0.8180941343307495,-0.6388707756996155,0.9609763026237488,0.37531742453575134,0.9735574722290039,-0.44811853766441345,0.8851326107978821
aug_0_1192.png,odissi,0.5524561405181885,0.2098059356212616,-0.20483151078224182,0.9999620914459229,0.5571576952934265,0.19068104028701782,-0.13880468904972076,0.9999374151229858,0.562355101108551,0.19143861532211304,-0.1393819898366928,0.9999351501464844,0.566768229007721,0.19225627183914185,-0.139360710978508,0.9999473094940186,0.5359437465667725,0.18776026368141174,-0.16818608343601227,0.9999630451202393,0.5236246585845947,0.1857002079486847,-0.1686863899230957,0.9999696016311646,0.5112066864967346,0.1837596595287323,-0.16884766519069672,0.9999654293060303,0.5391052961349487,0.1969662308692932,0.17237676680088043,0.9999650716781616,0.4630816876888275,0.1882559061050415,0.035612691193819046,0.9999191761016846,0.5496999025344849,0.23068919777870178,-0.08570557087659836,0.9999649524688721,0.5226001739501953,0.22552257776260376,-0.1298508644104004,0.9999637603759766,0.5938103199005127,0.3114239573478699,0.21111923456192017,0.9999794960021973,0.32728639245033264,0.26715338230133057,0.12321959435939789,0.9998886585235596,0.7156318426132202,0.3897731900215149,-0.06113457679748535,0.9824218153953552,0.28418025374412537,0.3393622636795044,-0.2906530797481537,0.9387121796607971,0.7899640202522278,0.41024088859558105,-0.6970796585083008,0.9969769716262817,0.3967539072036743,0.3875963091850281,-0.9490458965301514,0.9871166348457336,0.8348871469497681,0.39759883284568787,-0.8369432687759399,0.9971502423286438,0.41781437397003174,0.3996848464012146,-1.104540467262268,0.9883596897125244,0.8182533979415894,0.3839626908302307,-0.8807214498519897,0.9976571798324585,0.44837573170661926,0.39309394359588623,-1.114268183708191,0.9891139268875122,0.7938142418861389,0.39185601472854614,-0.7320435643196106,0.9963640570640564,0.43648409843444824,0.3933202922344208,-0.9722152948379517,0.9808945059776306,0.5108547806739807,0.5315827131271362,-0.010948153212666512,0.9999690055847168,0.371110200881958,0.5318259000778198,0.010557428933680058,0.9999476671218872,0.44004666805267334,0.7152593731880188,-0.16666823625564575,0.9421439170837402,0.35016730427742004,0.7175729870796204,-0.322898805141449,0.9620538353919983,0.36420539021492004,0.8916715383529663,0.11719734221696854,0.950397789478302,0.5590793490409851,0.870398759841919,-0.03899441659450531,0.9690369367599487,0.34742987155914307,0.9076717495918274,0.13163872063159943,0.8219161629676819,0.6060634851455688,0.8697315454483032,-0.01682070456445217,0.9203190803527832,0.3344234228134155,0.9334972500801086,-0.15025834739208221,0.9405235052108765,0.6069281101226807,0.9465353488922119,-0.2743801474571228,0.9551788568496704
aug_0_3029.png,odissi,0.5273793339729309,0.43358683586120605,-0.6626576781272888,0.9999270439147949,0.537871241569519,0.41714510321617126,-0.6281402707099915,0.9995777010917664,0.5448576807975769,0.4200568199157715,-0.6285418272018433,0.9995977282524109,0.5516753196716309,0.423929363489151,-0.628569483757019,0.9995031356811523,0.5192347168922424,0.413229763507843,-0.6297066807746887,0.999752938747406,0.5125970840454102,0.41351425647735596,-0.6300570368766785,0.9998437166213989,0.505945086479187,0.4143996834754944,-0.6302595138549805,0.9997795224189758,0.5602359175682068,0.43945449590682983,-0.4248344600200653,0.9998576641082764,0.4923098385334015,0.42868006229400635,-0.43276265263557434,0.9996671676635742,0.5369336009025574,0.4637658894062042,-0.5833977460861206,0.9998806715011597,0.5117600560188293,0.4562738835811615,-0.5881759524345398,0.9998737573623657,0.5988137722015381,0.593523383140564,-0.3158824145793915,0.99997878074646,0.42412739992141724,0.5699440836906433,-0.32148897647857666,0.9999680519104004,0.6718654632568359,0.7338985204696655,-0.530886709690094,0.9851110577583313,0.30933326482772827,0.6519445180892944,-0.6073213219642639,0.967414379119873,0.5592398047447205,0.7679414749145508,-0.8622231483459473,0.8983769416809082,0.42344367504119873,0.6997647881507874,-0.9969989061355591,0.9599990248680115,0.5205778479576111,0.7623379826545715,-0.9425199031829834,0.8319365978240967,0.4567091464996338,0.7023045420646667,-1.101754903793335,0.9127611517906189,0.5176408886909485,0.7408558130264282,-0.9266481995582581,0.8226279616355896,0.4689083993434906,0.6941141486167908,-1.0691590309143066,0.896122395992279,0.5269946455955505,0.7481580376625061,-0.8598377704620361,0.6522743701934814,0.4604455828666687,0.6990410089492798,-0.9936166405677795,0.8009047508239746,0.5380202531814575,0.8832621574401855,0.015704700723290443,0.9877514839172363,0.4273943603038788,0.8671442270278931,-0.01588648371398449,0.9921255707740784,0.5190661549568176,1.120736002922058,-0.039748240262269974,0.003097300650551915,0.3837992548942566,1.0713223218917847,-0.3462947905063629,0.02879432588815689,0.5001784563064575,1.3144073486328125,0.4478723704814911,0.0003606312966439873,0.35555747151374817,1.2794713973999023,0.013410143554210663,0.0032127853482961655,0.4986869692802429,1.3434160947799683,0.4855397343635559,0.0008808646816760302,0.3535289764404297,1.3127057552337646,0.04114868491888046,0.0038949467707425356,0.486301988363266,1.3902195692062378,0.33606085181236267,0.0003882718738168478,0.3510272204875946,1.349132776260376,-0.1433866322040558,0.001928090350702405
aug_0_431.png,mohiniyattam,0.6243089437484741,0.15744349360466003,-0.41168397665023804,0.9999241828918457,0.6387364864349365,0.1338927447795868,-0.3712767958641052,0.9998546838760376,0.6449095010757446,0.13732457160949707,-0.3714979887008667,0.9998045563697815,0.6499021053314209,0.13999256491661072,-0.37142622470855713,0.999845027923584,0.618623673915863,0.11941754817962646,-0.38239532709121704,0.9999368190765381,0.6116147637367249,0.11433589458465576,-0.38276833295822144,0.9999475479125977,0.605478048324585,0.10984861850738525,-0.38286033272743225,0.9999569654464722,0.6474113464355469,0.14788833260536194,-0.14974373579025269,0.9998565912246704,0.589453399181366,0.1078416109085083,-0.2037162482738495,0.9998958110809326,0.626836895942688,0.18457725644111633,-0.32586726546287537,0.9999096393585205,0.6049749851226807,0.17004629969596863,-0.34367525577545166,0.9999374151229858,0.6540024280548096,0.30930590629577637,-0.037442054599523544,0.999957799911499,0.507918119430542,0.22364544868469238,-0.12377267330884933,0.9999650716781616,0.6764607429504395,0.5237973928451538,-0.22241580486297607,0.9759197235107422,0.45031625032424927,0.39704209566116333,-0.33916035294532776,0.9811437129974365,0.6038255095481873,0.4180246591567993,-0.5779082775115967,0.9613175392150879,0.565203070640564,0.39886966347694397,-0.6288949251174927,0.9798762798309326,0.6047812700271606,0.37477174401283264,-0.6430718898773193,0.919136106967926,0.5936192870140076,0.3693872094154358,-0.6992568969726562,0.9524264931678772,0.6052443981170654,0.3517778217792511,-0.6306203007698059,0.91472989320755,0.5932450890541077,0.34854504466056824,-0.673935055732727,0.9442030787467957,0.5986988544464111,0.36990800499916077,-0.5775337219238281,0.81586754322052,0.5844545364379883,0.3631223440170288,-0.6230000257492065,0.8705332279205322,0.5668522119522095,0.5907662510871887,0.03135030344128609,0.9998335838317871,0.4743698239326477,0.5446330904960632,-0.031622257083654404,0.9999420642852783,0.6300176978111267,0.8145017623901367,-0.28321337699890137,0.92144775390625,0.3882463872432709,0.49273326992988586,-0.7060709595680237,0.9907580614089966,0.5218008756637573,0.7237428426742554,0.28666409850120544,0.03829163685441017,0.4120108485221863,0.729415237903595,-0.4775833785533905,0.8713734745979309,0.498586505651474,0.7288599014282227,0.34498369693756104,0.09445487707853317,0.41700083017349243,0.7829223871231079,-0.4545040428638458,0.6566875576972961,0.4806995987892151,0.7808669805526733,0.2408924698829651,0.06532786786556244,0.4130737781524658,0.7960455417633057,-0.6361291408538818,0.8640767931938171
aug_0_362.png,mohiniyattam,0.5339094400405884,0.23426267504692078,-0.21597959101200104,0.9999986886978149,0.5517977476119995,0.2164667546749115,-0.15626806020736694,0.9999978542327881,0.5611910820007324,0.2189253270626068,-0.15688693523406982,0.9999971389770508,0.5701919198036194,0.2211577296257019,-0.156773179769516,0.9999983310699463,0.5218507051467896,0.20679503679275513,-0.1729809045791626,0.9999974966049194,0.509795069694519,0.20348259806632996,-0.1737116426229477,0.9999961853027344,0.49780523777008057,0.20079341530799866,-0.1738475263118744,0.9999969005584717,0.5578449964523315,0.22527316212654114,0.1023188903927803,0.9999967813491821,0.46425414085388184,0.1983933448791504,0.02814493328332901,0.9999841451644897,0.5341984629631042,0.25243163108825684,-0.11579579859972,0.9999850988388062,0.5004117488861084,0.24265575408935547,-0.14322158694267273,0.9999798536300659,0.57420814037323,0.3257058262825012,0.21577219665050507,0.9999479055404663,0.3443526327610016,0.26304396986961365,0.05938531830906868,0.9998574256896973,0.6396085023880005,0.45471101999282837,0.13264554738998413,0.6030771732330322,0.3055990934371948,0.14442968368530273,-0.06785335391759872,0.9557389616966248,0.8243414163589478,0.4664899408817291,-0.12018948048353195,0.7871566414833069,0.4108771085739136,0.04316216707229614,-0.057826511561870575,0.9433308243751526,0.872215986251831,0.4989526867866516,-0.14321084320545197,0.7639138102531433,0.4571010172367096,0.030087053775787354,-0.09622840583324432,0.8878516554832458,0.8799813985824585,0.49399876594543457,-0.2086125612258911,0.7845999598503113,0.4736390709877014,0.03515815734863281,-0.08151502907276154,0.8824794888496399,0.853937029838562,0.48413535952568054,-0.15313881635665894,0.7796879410743713,0.46220338344573975,0.04365801811218262,-0.06330593675374985,0.8825506567955017,0.47274699807167053,0.5107408761978149,0.05881483107805252,0.9994723200798035,0.3072805404663086,0.5234357118606567,-0.059466082602739334,0.9994968175888062,0.6966114044189453,0.6274304389953613,-0.1913032829761505,0.5544743537902832,0.33322906494140625,0.654819905757904,-0.2936130166053772,0.5202255845069885,0.7765207290649414,0.8297938108444214,-0.4115695357322693,0.5595744252204895,0.4041958749294281,0.8494018316268921,-0.05814562737941742,0.1937563568353653,0.7476930618286133,0.8703411817550659,-0.4481402635574341,0.4748620390892029,0.42065656185150146,0.8797624707221985,-0.03928457573056221,0.1354387104511261,0.93239426612854,0.8787873983383179,-0.6505632400512695,0.5687770843505859,0.4316249489784241,0.8990841507911682,-0.16133476793766022,0.16730652749538422
aug_0_120.png,mohiniyattam,0.4405372440814972,0.12159445881843567,-0.5910962820053101,0.999319314956665,0.44607895612716675,0.10462480783462524,-0.5453241467475891,0.9983702301979065,0.4547879099845886,0.10426858067512512,-0.5459849834442139,0.9980729818344116,0.46231183409690857,0.10416758060455322,-0.5459665060043335,0.998663067817688,0.4200844168663025,0.1028708815574646,-0.5635096430778503,0.998931348323822,0.4099576473236084,0.10123452544212341,-0.5641316175460815,0.999076247215271,0.39650067687034607,0.0999101996421814,-0.5644384622573853,0.9992464780807495,0.4499720633029938,0.11052843928337097,-0.26183727383613586,0.9990108013153076,0.3696986734867096,0.10495921969413757,-0.3457278311252594,0.9973748922348022,0.4430157542228699,0.13881856203079224,-0.4758799970149994,0.9990897178649902,0.4159752428531647,0.13687551021575928,-0.504799485206604,0.9991638660430908,0.4945777654647827,0.21380560100078583,-0.11308178305625916,0.9999023675918579,0.260659396648407,0.19868716597557068,-0.15991394221782684,0.9998006224632263,0.5423084497451782,0.32809779047966003,-0.2781296670436859,0.832798182964325,0.1703977733850479,0.3032616972923279,-0.44006115198135376,0.8334873914718628,0.3952479660511017,0.29765960574150085,-0.7056275010108948,0.7464978694915771,0.30193960666656494,0.2956542670726776,-0.8970454335212708,0.8139999508857727,0.36850953102111816,0.27277684211730957,-0.8087470531463623,0.7058084011077881,0.3206935524940491,0.2713577151298523,-1.0085625648498535,0.7863693237304688,0.3705127537250519,0.2599913477897644,-0.8058803081512451,0.6900175213813782,0.3298044502735138,0.25821641087532043,-0.9982531070709229,0.7690800428390503,0.3740662932395935,0.2696332335472107,-0.7107356190681458,0.5530669093132019,0.32578930258750916,0.2692297101020813,-0.9029854536056519,0.6443408131599426,0.4731280207633972,0.44567054510116577,0.01950904354453087,0.9999291896820068,0.32986879348754883,0.45399412512779236,-0.01994870789349079,0.9999027252197266,0.525583803653717,0.6005714535713196,-0.24181360006332397,0.9059559106826782,0.3316107988357544,0.6171359419822693,-0.23429249227046967,0.7380507588386536,0.5100712776184082,0.7895452976226807,0.019476423040032387,0.8805500268936157,0.3439052999019623,0.8067118525505066,0.07374118268489838,0.8200934529304504,0.48245033621788025,0.8144479990005493,0.027814501896500587,0.7031471133232117,0.37031126022338867,0.8279802203178406,0.09157796949148178,0.5606004595756531,0.5847500562667847,0.843187689781189,-0.24929198622703552,0.8382253646850586,0.29600295424461365,0.8562595844268799,-0.17237333953380585,0.7179712653160095
aug_0_66.png,mohiniyattam,0.45232832431793213,0.3250228464603424,-0.6522464156150818,0.9999284744262695,0.4570219814777374,0.3069981336593628,-0.6419731974601746,0.9997777342796326,0.4650487005710602,0.3035551905632019,-0.6426042318344116,0.9996850490570068,0.47421517968177795,0.30030810832977295,-0.6424346566200256,0.9998161196708679,0.44571933150291443,0.3126378059387207,-0.6036776900291443,0.9998431205749512,0.44424134492874146,0.31372758746147156,-0.6043661236763,0.999826967716217,0.4426225423812866,0.3148534893989563,-0.6045863628387451,0.9998610019683838,0.5156199932098389,0.2955426573753357,-0.5125940442085266,0.999829888343811,0.47588837146759033,0.310736745595932,-0.32831770181655884,0.9994459748268127,0.48272716999053955,0.3331323564052582,-0.5962790846824646,0.9997988343238831,0.4686688780784607,0.33775702118873596,-0.547196090221405,0.9995855689048767,0.6662065982818604,0.32421183586120605,-0.4081738293170929,0.999946117401123,0.5019581317901611,0.41187453269958496,-0.1556253284215927,0.9996975660324097,0.8251864910125732,0.23259314894676208,-0.7283073663711548,0.9889985918998718,0.4207228422164917,0.5075523257255554,-0.10028515011072159,0.8889092206954956,0.695367157459259,0.2649192810058594,-1.1069434881210327,0.9639161825180054,0.3042713403701782,0.5700101852416992,-0.29529863595962524,0.9581232666969299,0.6814167499542236,0.28798654675483704,-1.214542031288147,0.9178591966629028,0.27495184540748596,0.6022811532020569,-0.3454584777355194,0.9214456677436829,0.6715695858001709,0.2959482669830322,-1.2058788537979126,0.9162613153457642,0.27074992656707764,0.6018932461738586,-0.429812490940094,0.9299234747886658,0.6765028834342957,0.29316720366477966,-1.1134365797042847,0.8912156224250793,0.28446608781814575,0.5925445556640625,-0.340070515871048,0.9186880588531494,0.7321246862411499,0.5580978989601135,-0.052364639937877655,0.9998039603233337,0.6367968916893005,0.5671045780181885,0.0515672042965889,0.9997110962867737,0.7173569202423096,0.7335030436515808,-0.09130000323057175,0.22416259348392487,0.6354028582572937,0.7232347130775452,-0.04986004903912544,0.28787147998809814,0.7319024205207825,0.9088627099990845,0.09978892654180527,0.31955233216285706,0.49959927797317505,0.8892133235931396,0.10893798619508743,0.3177558481693268,0.7134475111961365,0.9321975111961365,0.10236378759145737,0.3102167844772339,0.4773668944835663,0.8953382968902588,0.11534922569990158,0.25613680481910706,0.7329906225204468,0.9451846480369568,-0.13428299129009247,0.3661312758922577,0.4685981273651123,0.9404399991035461,-0.08393725007772446,0.37671783566474915
aug_0_8125.png,mohiniyattam,0.7905555963516235,0.23271101713180542,-0.41601860523223877,0.9997603297233582,0.7938727140426636,0.19546270370483398,-0.3864136040210724,0.9996840953826904,0.8016852736473083,0.1937273144721985,-0.3868351876735687,0.9997207522392273,0.8077013492584229,0.1911502480506897,-0.38684993982315063,0.9997977614402771,0.7683504819869995,0.20092111825942993,-0.4002488851547241,0.9997451901435852,0.7601080536842346,0.20468002557754517,-0.40071046352386475,0.9997804760932922,0.7506150603294373,0.20846861600875854,-0.4010488986968994,0.9997580647468567,0.8074995279312134,0.19731628894805908,-0.22298695147037506,0.9999135732650757,0.7305604219436646,0.22571557760238647,-0.2750847339630127,0.9995821118354797,0.8032156825065613,0.2583070993423462,-0.3501300811767578,0.9996453523635864,0.7767418026924133,0.2661793828010559,-0.3677195906639099,0.9991464614868164,0.8622312545776367,0.37549665570259094,-0.11515150219202042,0.9999872446060181,0.6668649911880493,0.36237913370132446,-0.24904851615428925,0.9987731575965881,0.8533614873886108,0.6310632824897766,-0.12771664559841156,0.8570672869682312,0.6965574622154236,0.612857460975647,-0.41125375032424927,0.6826452016830444,0.853286623954773,0.8620606660842896,-0.25755488872528076,0.856456458568573,0.7652876377105713,0.4060181677341461,-0.5279541015625,0.8036615252494812,0.8758102655410767,0.8891863822937012,-0.2672131657600403,0.8140396475791931,0.7712895274162292,0.3450104594230652,-0.5686888098716736,0.7539635896682739,0.8724809885025024,0.9008103609085083,-0.3149789273738861,0.831613302230835,0.7575190663337708,0.3237434923648834,-0.556416392326355,0.7436806559562683,0.8535617589950562,0.8945954442024231,-0.2773071527481079,0.8223078846931458,0.7579617500305176,0.34690746665000916,-0.5271309614181519,0.6451736092567444,0.7354087829589844,0.7478577494621277,0.04870754852890968,0.9995861649513245,0.6295406222343445,0.6921109557151794,-0.04884161055088043,0.9992527365684509,0.8322292566299438,0.8464810848236084,-0.40166008472442627,0.9364506602287292,0.5443071722984314,0.7261348962783813,-0.4760715961456299,0.9712435007095337,0.5818598866462708,0.8327509760856628,-0.25898319482803345,0.34409549832344055,0.3072812259197235,0.8160367012023926,-0.3874855041503906,0.7925505042076111,0.572396993637085,0.7967644333839417,-0.2436942756175995,0.42140287160873413,0.27751225233078003,0.8331384062767029,-0.3723672926425934,0.6136677861213684,0.47407492995262146,0.8150604367256165,-0.331510066986084,0.4006311893463135,0.24088585376739502,0.8370147347450256,-0.459632933139801,0.7655958533287048
aug_0_2443.png,mohiniyattam,0.6334176659584045,0.1304459571838379,-0.23978330194950104,0.9999983310699463,0.6382572054862976,0.11863285303115845,-0.18827277421951294,0.9999972581863403,0.6442788243293762,0.12061771750450134,-0.18872839212417603,0.9999957084655762,0.6487892270088196,0.1220562756061554,-0.18865275382995605,0.9999971389770508,0.6201537251472473,0.11420351266860962,-0.2379414290189743,0.9999988079071045,0.6125556826591492,0.11326950788497925,-0.23845145106315613,0.9999988079071045,0.6027552485466003,0.1120854914188385,-0.23857960104942322,0.999998927116394,0.6380999088287354,0.1311149299144745,0.060684699565172195,0.9999970197677612,0.5704888701438904,0.11783820390701294,-0.16417470574378967,0.999996542930603,0.6324433088302612,0.1513502299785614,-0.14181910455226898,0.9999954700469971,0.6109666228294373,0.1456819474697113,-0.2105422466993332,0.9999957084655762,0.6384713649749756,0.25909101963043213,0.3005044162273407,0.9999743700027466,0.5129768252372742,0.20916415750980377,-0.2652641236782074,0.99997878074646,0.7204427719116211,0.3569816052913666,0.19664819538593292,0.7760314345359802,0.6020523309707642,0.30184513330459595,-0.624719500541687,0.9713252782821655,0.8137764930725098,0.3027876019477844,-0.25814783573150635,0.9656767845153809,0.6989521980285645,0.2624472677707672,-0.9216477870941162,0.9969289898872375,0.8392399549484253,0.2783210873603821,-0.3198823630809784,0.9708141684532166,0.7221454977989197,0.24134501814842224,-1.0368883609771729,0.9960700273513794,0.8317824602127075,0.26399683952331543,-0.3592073619365692,0.9725500345230103,0.7251827716827393,0.2289721965789795,-1.0041966438293457,0.9955646991729736,0.8123334646224976,0.2722521424293518,-0.2860317826271057,0.9608814120292664,0.7198705673217773,0.24053321778774261,-0.9185368418693542,0.9913507699966431,0.5437005162239075,0.4946998953819275,0.17172612249851227,0.9998840093612671,0.44859182834625244,0.4786052703857422,-0.17204366624355316,0.99989914894104,0.521653413772583,0.6941934823989868,0.09640549123287201,0.123038649559021,0.4422762095928192,0.6770976185798645,-0.25913453102111816,0.35657036304473877,0.41960787773132324,0.8941166400909424,0.200820654630661,0.1356731802225113,0.35230565071105957,0.8869446516036987,-0.18767951428890228,0.4461689591407776,0.3871746361255646,0.9120031595230103,0.19763760268688202,0.17245613038539886,0.32887229323387146,0.9023615121841431,-0.1900063157081604,0.2447560429573059,0.4328615367412567,0.9540350437164307,0.0014384130481630564,0.2696542739868164,0.39733362197875977,0.9479972720146179,-0.41587480902671814,0.4593100845813751
aug_0_244.png,mohiniyattam,0.421842098236084,0.05839988589286804,-0.9560416340827942,0.9999985694885254,0.44751864671707153,0.040326446294784546,-0.8809295892715454,0.9999971389770508,0.4656149744987488,0.042310625314712524,-0.8819850087165833,0.9999970197677612,0.48216527700424194,0.04386782646179199,-0.8822935223579407,0.9999974966049194,0.3895847797393799,0.03428530693054199,-0.8725913763046265,0.999997615814209,0.36897972226142883,0.03257995843887329,-0.8734734654426575,0.9999973773956299,0.3506595194339752,0.031147273257374763,-0.8739417195320129,0.9999969005584717,0.4838981628417969,0.05107960104942322,-0.42494648694992065,0.999998927116394,0.3060469329357147,0.040580928325653076,-0.3863580524921417,0.9999933242797852,0.4376958906650543,0.08326071500778198,-0.7751505374908447,0.999996542930603,0.370755136013031,0.07602527737617493,-0.7708689570426941,0.9999953508377075,0.49864110350608826,0.16967341303825378,-0.2968490421772003,0.9999920129776001,0.17530664801597595,0.150638610124588,0.07321914285421371,0.9998794794082642,0.6159038543701172,0.32207125425338745,-0.3421328663825989,0.9909371733665466,0.0310247540473938,0.2914819121360779,-0.2468644678592682,0.8672590255737305,0.8250070810317993,0.38653281331062317,-0.7518739700317383,0.9930302500724792,0.1050950139760971,0.26377958059310913,-1.0683215856552124,0.9712522029876709,0.8810900449752808,0.4286850094795227,-0.8770402073860168,0.9872496724128723,0.10621931403875351,0.23919762670993805,-1.227994680404663,0.9722345471382141,0.8799646496772766,0.4288508892059326,-0.9701989889144897,0.9889773726463318,0.13404840230941772,0.22842882573604584,-1.2708207368850708,0.9748809933662415,0.8503537178039551,0.4143924415111542,-0.7990643382072449,0.9854926466941833,0.1433633267879486,0.23983025550842285,-1.1118695735931396,0.9630472660064697,0.4134454131126404,0.45643916726112366,-0.20265543460845947,0.9998446702957153,0.269356369972229,0.4579571485519409,0.20210078358650208,0.9997677206993103,0.3721349835395813,0.6753453016281128,-0.43522173166275024,0.9590684175491333,0.3487119674682617,0.6687300205230713,0.09982605278491974,0.6182227730751038,0.5486600399017334,0.8763921856880188,-0.02093556337058544,0.9326316118240356,0.47027072310447693,0.8817538619041443,0.5371861457824707,0.7994368672370911,0.6015417575836182,0.9009052515029907,-0.0014548239996656775,0.8368546962738037,0.5088876485824585,0.9134330749511719,0.5652704834938049,0.7759962677955627,0.4803042411804199,0.9577615261077881,-0.41279202699661255,0.9318262934684753,0.3508664667606354,0.931607186794281,0.21552316844463348,0.8226661086082458
aug_0_5323.png,mohiniyattam,0.43229860067367554,0.11512476205825806,-0.4964733123779297,0.9999780654907227,0.45731526613235474,0.10006147623062134,-0.4689711630344391,0.9999691247940063,0.4667153060436249,0.10935134440660477,-0.4694720208644867,0.9999641180038452,0.4764776825904846,0.11815852671861649,-0.46955546736717224,0.999970555305481,0.4379296600818634,0.07882851362228394,-0.47297680377960205,0.9999643564224243,0.4302833676338196,0.07404059171676636,-0.47331514954566956,0.9999595880508423,0.4215841591358185,0.0698125958442688,-0.4734821021556854,0.9999610185623169,0.4883993864059448,0.14760011434555054,-0.2991761267185211,0.9999781847000122,0.40340834856033325,0.08021777868270874,-0.3226110339164734,0.9999008178710938,0.43563079833984375,0.15910446643829346,-0.42855608463287354,0.9998942613601685,0.4020181894302368,0.12894803285598755,-0.43921223282814026,0.9998718500137329,0.5103524923324585,0.247758150100708,-0.22444288432598114,0.9999374151229858,0.2717466652393341,0.21880260109901428,-0.3052644729614258,0.9995874762535095,0.7036474347114563,0.24224402010440826,-0.47387415170669556,0.9970898628234863,0.32766181230545044,0.3808101713657379,-0.5162131786346436,0.9833431243896484,0.5763534307479858,0.22825422883033752,-0.7891868352890015,0.9863331913948059,0.5225178003311157,0.2652024030685425,-0.6745007634162903,0.960515022277832,0.5632044076919556,0.1881365031003952,-0.8525767922401428,0.9720436930656433,0.5715994834899902,0.22708962857723236,-0.7397171258926392,0.9289589524269104,0.5484763383865356,0.17803072929382324,-0.8269878029823303,0.9672093987464905,0.5660802125930786,0.21758607029914856,-0.7030729651451111,0.9216854572296143,0.5459450483322144,0.2027159482240677,-0.7828316688537598,0.9566468000411987,0.5528420209884644,0.23484960198402405,-0.665032148361206,0.8993855118751526,0.4785609841346741,0.5770213603973389,0.04470856860280037,0.9999462366104126,0.33578288555145264,0.6374999284744263,-0.045126184821128845,0.9998875856399536,0.6906733512878418,0.527733564376831,-0.21568791568279266,0.9698168039321899,0.20410588383674622,0.7410104274749756,-0.5323561429977417,0.9905684590339661,0.8990621566772461,0.7088463306427002,-0.25343406200408936,0.8096557259559631,0.4912002682685852,0.7460955381393433,-0.3491041362285614,0.5154973268508911,0.9032517671585083,0.76836758852005,-0.258815735578537,0.755847692489624,0.5227372646331787,0.7338983416557312,-0.3207382261753082,0.496824711561203,0.9620223045349121,0.758216917514801,-0.3628115952014923,0.7734782099723816,0.5935138463973999,0.7682990431785583,-0.3654474914073944,0.4269321858882904
aug_0_217.png,mohiniyattam,0.5640756487846375,0.29219871759414673,-0.7758067846298218,0.999962568283081,0.5718491077423096,0.2727416455745697,-0.7253159284591675,0.9998866319656372,0.5810530781745911,0.27316492795944214,-0.7260251641273499,0.9998587369918823,0.5887902975082397,0.273455947637558,-0.726078987121582,0.9998971223831177,0.53805011510849,0.2719040513038635,-0.7465988993644714,0.9999080896377563,0.5242117643356323,0.27187395095825195,-0.7471700310707092,0.9999035596847534,0.5126349925994873,0.27217531204223633,-0.7474214434623718,0.999881386756897,0.5798139572143555,0.2815834879875183,-0.4199065864086151,0.9999734163284302,0.4831818640232086,0.2823595702648163,-0.5112085342407227,0.9998134970664978,0.5740846395492554,0.31549569964408875,-0.6531968712806702,0.9999512434005737,0.5372976660728455,0.315108060836792,-0.6835464835166931,0.9999115467071533,0.6598241329193115,0.4094986021518707,-0.24015890061855316,0.9999830722808838,0.3985525369644165,0.3876086175441742,-0.4417448937892914,0.9998431205749512,0.876197099685669,0.46879738569259644,-0.6298577785491943,0.9928554892539978,0.25511378049850464,0.44150567054748535,-1.028408169746399,0.9780002236366272,0.7710369229316711,0.47880470752716064,-1.2651188373565674,0.9805995225906372,0.4746030867099762,0.4531783163547516,-1.652559757232666,0.9564952850341797,0.754008412361145,0.46341216564178467,-1.4102939367294312,0.9723955988883972,0.5338025093078613,0.4384016692638397,-1.827024221420288,0.9269202351570129,0.7220924496650696,0.45451921224594116,-1.3930368423461914,0.9708957076072693,0.5557345747947693,0.43466565012931824,-1.7646594047546387,0.9031960964202881,0.7206456661224365,0.46704405546188354,-1.2734429836273193,0.9503751397132874,0.5394721627235413,0.44877734780311584,-1.6450496912002563,0.828660786151886,0.5382620692253113,0.658025860786438,0.06805654615163803,0.9991557598114014,0.38129958510398865,0.6368606686592102,-0.06835675984621048,0.9988609552383423,0.5505145192146301,0.822428822517395,0.15211330354213715,0.11116299778223038,0.3640437722206116,0.8138515949249268,-0.04282888025045395,0.14823880791664124,0.5351018309593201,0.9725752472877502,0.7798683047294617,0.03005293197929859,0.36249709129333496,0.9915244579315186,0.4542137384414673,0.06929828971624374,0.5125585198402405,0.9800620079040527,0.8278066515922546,0.07052964717149734,0.3696141839027405,1.026771068572998,0.49141383171081543,0.06401431560516357,0.5916070938110352,1.0500974655151367,0.6725562810897827,0.018665596842765808,0.34430181980133057,1.0457792282104492,0.28801652789115906,0.022801749408245087
aug_0_2068.png,mohiniyattam,0.5733696818351746,0.2282368391752243,-0.6149442195892334,0.9999972581863403,0.5835855007171631,0.20743413269519806,-0.5773424506187439,0.9999908208847046,0.5955219268798828,0.20704275369644165,-0.5780309438705444,0.9999915361404419,0.6047701835632324,0.2065473347902298,-0.5779796838760376,0.999992847442627,0.5498113036155701,0.21079643070697784,-0.5669233798980713,0.9999911785125732,0.5396715402603149,0.21313458681106567,-0.5674631595611572,0.9999922513961792,0.528377890586853,0.21578286588191986,-0.5676836371421814,0.9999881982803345,0.6202287673950195,0.2146720588207245,-0.336758553981781,0.9999967813491821,0.5172562003135681,0.22718305885791779,-0.2841181755065918,0.9999731779098511,0.5972948670387268,0.24588778614997864,-0.517277181148529,0.9999921321868896,0.5548807978630066,0.25195586681365967,-0.5067473649978638,0.9999827146530151,0.7354722619056702,0.29926255345344543,-0.2559460401535034,0.9999947547912598,0.47664880752563477,0.3143870234489441,-0.08165820688009262,0.9999510049819946,0.8911418914794922,0.3681776225566864,-0.3831014037132263,0.9787142872810364,0.3304732143878937,0.31751906871795654,-0.46038156747817993,0.8837451338768005,0.7957274913787842,0.46112698316574097,-0.6630948185920715,0.985977292060852,0.3401359021663666,0.2870418429374695,-1.01089608669281,0.989632248878479,0.7779451608657837,0.49612289667129517,-0.7455258965492249,0.9900770783424377,0.33668532967567444,0.25837695598602295,-1.1354782581329346,0.993181049823761,0.7543933391571045,0.4839916229248047,-0.7638058662414551,0.9915224313735962,0.36713898181915283,0.2500331401824951,-1.1191697120666504,0.9927433729171753,0.7542480826377869,0.4747801423072815,-0.6722418665885925,0.987319827079773,0.3761165738105774,0.2660711109638214,-1.023966908454895,0.9908437728881836,0.6975960731506348,0.5775517225265503,-0.08904967457056046,0.9997226595878601,0.5741339921951294,0.5810054540634155,0.0882784053683281,0.9997134804725647,0.6336434483528137,0.7292147278785706,-0.1953015774488449,0.29518598318099976,0.5404372215270996,0.7485223412513733,0.05650177597999573,0.3000633120536804,0.6464259624481201,0.8247942328453064,0.3631671965122223,0.12855316698551178,0.5805262923240662,0.9282298684120178,0.22892220318317413,0.6878058910369873,0.6558293700218201,0.8352252840995789,0.4108561873435974,0.1519370675086975,0.6097466349601746,0.9629486799240112,0.23690859973430634,0.6140013337135315,0.6097636818885803,0.8810731172561646,0.34365159273147583,0.19992244243621826,0.49025729298591614,0.9731414318084717,0.0949716717004776,0.6126896739006042
aug_0_1154.png,mohiniyattam,0.36435550451278687,0.3944877088069916,-0.5630708336830139,0.9999768733978271,0.3638448417186737,0.3569571077823639,-0.480864942073822,0.9999538660049438,0.37754568457603455,0.35326868295669556,-0.4816714823246002,0.9999457597732544,0.38786575198173523,0.3504474461078644,-0.4816671311855316,0.9999560117721558,0.3057538866996765,0.37039756774902344,-0.5291467308998108,0.9999659061431885,0.282914400100708,0.3760963976383209,-0.5300374031066895,0.9999638795852661,0.26494669914245605,0.38230741024017334,-0.5305184125900269,0.99996018409729,0.38509535789489746,0.3627466857433319,-0.07132663577795029,0.9999701976776123,0.2226480096578598,0.40621107816696167,-0.2802581191062927,0.9999182224273682,0.3979170024394989,0.4185754060745239,-0.401339590549469,0.9998917579650879,0.3457310199737549,0.4383048415184021,-0.46784156560897827,0.9998063445091248,0.4922276735305786,0.5084851384162903,0.21192094683647156,0.9998970031738281,0.22355130314826965,0.5789546966552734,-0.2520236372947693,0.9988008737564087,0.7259893417358398,0.581973135471344,0.0007257574470713735,0.7941831350326538,0.2724698483943939,0.7763301730155945,-0.5648608803749084,0.8022257089614868,0.7036994695663452,0.567436933517456,-0.6575295329093933,0.9287125468254089,0.49342861771583557,0.626837968826294,-0.8083975315093994,0.9373454451560974,0.7008629441261292,0.5272709727287292,-0.7462389469146729,0.9420360922813416,0.49423733353614807,0.5901103019714355,-0.9079604148864746,0.9304807782173157,0.6545538902282715,0.518702507019043,-0.7550097107887268,0.9454599022865295,0.472701758146286,0.5625593662261963,-0.8599157929420471,0.9205425381660461,0.6425780653953552,0.5465819239616394,-0.6737009882926941,0.9325595498085022,0.48896512389183044,0.5846017599105835,-0.7956258058547974,0.8937469720840454,0.5848454236984253,0.9109622240066528,0.16529522836208344,0.9849476218223572,0.40499764680862427,0.9324289560317993,-0.16582009196281433,0.9792851805686951,0.6755513548851013,1.1904476881027222,0.28486135601997375,0.01929107867181301,0.4413648247718811,1.1720951795578003,-0.29558077454566956,0.0658458024263382,0.6844671964645386,1.4033324718475342,0.5727306008338928,0.00558570958673954,0.49115365743637085,1.4300897121429443,0.02308066189289093,0.01142840925604105,0.6780421137809753,1.4372360706329346,0.5923359990119934,0.014600721187889576,0.4816349148750305,1.4708987474441528,0.05392971262335777,0.0114823579788208,0.7150675058364868,1.478117823600769,0.478979229927063,0.006160520017147064,0.5966320633888245,1.5085655450820923,-0.07705625146627426,0.006666439585387707
aug_0_3920.png,mohiniyattam,0.6161400675773621,0.1629062294960022,-0.05209025368094444,0.9999949932098389,0.6173515319824219,0.13633307814598083,-0.01588728465139866,0.9999816417694092,0.6238991022109985,0.135134756565094,-0.016156531870365143,0.9999769926071167,0.629438579082489,0.13389062881469727,-0.016037587076425552,0.9999821186065674,0.597789466381073,0.13968321681022644,-0.015925420448184013,0.9999935626983643,0.5892248749732971,0.1431543231010437,-0.01634494587779045,0.999995231628418,0.579692542552948,0.1475798785686493,-0.016478564590215683,0.9999953508377075,0.6272012591362,0.13996976613998413,0.16272684931755066,0.9999895095825195,0.5661584734916687,0.1609603464603424,0.1684461534023285,0.9999921321868896,0.6279270052909851,0.18179813027381897,0.016453653573989868,0.9999932050704956,0.6021588444709778,0.18889915943145752,0.015453889034688473,0.9999935626983643,0.6887730360031128,0.25368982553482056,0.17799009382724762,0.9999953508377075,0.5162226557731628,0.256515771150589,0.28349900245666504,0.9999915361404419,0.7091120481491089,0.4007037281990051,0.009133429266512394,0.9795080423355103,0.38589340448379517,0.3259800672531128,0.07657808810472488,0.9325636029243469,0.6079569458961487,0.28644096851348877,-0.2791610360145569,0.9949510097503662,0.4778609871864319,0.23642337322235107,-0.2739749550819397,0.9980043768882751,0.5700839161872864,0.24962812662124634,-0.33849069476127625,0.9948411583900452,0.5131435394287109,0.20654338598251343,-0.338260680437088,0.9978918433189392,0.5835129618644714,0.23317736387252808,-0.31816205382347107,0.9945732951164246,0.5204600095748901,0.19938892126083374,-0.3105440139770508,0.9973192811012268,0.5838847756385803,0.2447901964187622,-0.27296361327171326,0.9896062016487122,0.5159779191017151,0.21880891919136047,-0.2701992392539978,0.9957958459854126,0.5988087058067322,0.529338538646698,-0.06116466969251633,0.9998557567596436,0.5004092454910278,0.488295316696167,0.06061931699514389,0.9999194145202637,0.6293474435806274,0.6894795298576355,-0.40134215354919434,0.844967782497406,0.3089374303817749,0.46221840381622314,-0.3461292088031769,0.7839173078536987,0.45902571082115173,0.7283662557601929,-0.19561518728733063,0.43958336114883423,0.17389243841171265,0.6941485404968262,-0.4002344012260437,0.8317856192588806,0.4419884979724884,0.7325677871704102,-0.1766994446516037,0.4283011257648468,0.17993417382240295,0.7394986748695374,-0.40854573249816895,0.8132631778717041,0.37608134746551514,0.7537005543708801,-0.2866954505443573,0.4625125229358673,0.038239359855651855,0.7342008948326111,-0.5575693845748901,0.7926524877548218
aug_0_8095.png,mohiniyattam,0.48331794142723083,0.29445600509643555,-0.5931311845779419,0.9999698400497437,0.48957446217536926,0.2761945426464081,-0.572792112827301,0.999900221824646,0.49827858805656433,0.2730623185634613,-0.5733593702316284,0.9998582601547241,0.5064998865127563,0.2704070806503296,-0.5732663869857788,0.9999039173126221,0.47420260310173035,0.28234848380088806,-0.5377550721168518,0.9999387264251709,0.4713454842567444,0.28367820382118225,-0.5383585691452026,0.9999326467514038,0.46844765543937683,0.28480827808380127,-0.5385163426399231,0.9999443292617798,0.5342585444450378,0.26882708072662354,-0.4119720757007599,0.9999276399612427,0.48874592781066895,0.2866150438785553,-0.24126669764518738,0.9998288154602051,0.5090434551239014,0.30129000544548035,-0.5278311967849731,0.9999126195907593,0.491390585899353,0.3102964758872986,-0.4828757643699646,0.9998408555984497,0.670772135257721,0.3030027747154236,-0.35363078117370605,0.9999513626098633,0.518648624420166,0.3989278972148895,-0.05667904019355774,0.9997383952140808,0.8109837174415588,0.18914878368377686,-0.7389724850654602,0.9986293315887451,0.4557662010192871,0.5124232769012451,-0.024288363754749298,0.9004235863685608,0.7001074552536011,0.22520753741264343,-1.1382575035095215,0.9883348941802979,0.3471197783946991,0.5917208790779114,-0.27652454376220703,0.9762177467346191,0.685749351978302,0.24984556436538696,-1.2593990564346313,0.9612727165222168,0.32301729917526245,0.625176191329956,-0.3357236385345459,0.9567469358444214,0.6765695214271545,0.25685763359069824,-1.2465566396713257,0.9614041447639465,0.31794387102127075,0.6255350708961487,-0.4251963794231415,0.9616355895996094,0.6808552145957947,0.2562420964241028,-1.146607518196106,0.9532337784767151,0.3299907445907593,0.6149721145629883,-0.32476696372032166,0.9545571208000183,0.7404679656028748,0.5487551093101501,-0.08324005454778671,0.9995131492614746,0.644531786441803,0.5620092153549194,0.08256737887859344,0.9993534684181213,0.7238868474960327,0.7317232489585876,-0.1595877707004547,0.29367953538894653,0.6428747177124023,0.735142707824707,0.003739979350939393,0.16327081620693207,0.7024634480476379,0.9185124039649963,0.042906489223241806,0.23068375885486603,0.5801243782043457,0.9213731288909912,0.18147331476211548,0.18245911598205566,0.6906588673591614,0.9380576610565186,0.04826150834560394,0.23334364593029022,0.5621402263641357,0.935441792011261,0.18824507296085358,0.1708507388830185,0.7005722522735596,0.978699266910553,-0.18148888647556305,0.258788138628006,0.5584812760353088,0.9840551018714905,-0.022257106378674507,0.20001614093780518
aug_0_430.png,mohiniyattam,0.4139060080051422,0.23004983365535736,-0.4215441942214966,0.9999711513519287,0.42327240109443665,0.2152334451675415,-0.38767382502555847,0.9999104738235474,0.4253614842891693,0.21608617901802063,-0.3882488012313843,0.9999104738235474,0.4277481734752655,0.21696504950523376,-0.38823509216308594,0.9999216794967651,0.4071950316429138,0.2102065533399582,-0.4151138961315155,0.9999442100524902,0.4008181393146515,0.2082144021987915,-0.4156190752983093,0.9999572038650513,0.391726016998291,0.2054525911808014,-0.41581571102142334,0.9999542236328125,0.40339139103889465,0.2169068604707718,-0.20067617297172546,0.9999493360519409,0.3552889823913574,0.20171457529067993,-0.3298429250717163,0.9999113082885742,0.40729981660842896,0.24441546201705933,-0.3462062478065491,0.9999266862869263,0.3890953063964844,0.2375468909740448,-0.3877484202384949,0.9999529123306274,0.40105217695236206,0.31551769375801086,-0.14869362115859985,0.9999722242355347,0.21901658177375793,0.23770476877689362,-0.2445499747991562,0.9999327659606934,0.4849761128425598,0.4058862030506134,-0.14990174770355225,0.9643846154212952,0.05095440149307251,0.16888859868049622,-0.5806971788406372,0.975044846534729,0.6157954931259155,0.46134746074676514,-0.2881563603878021,0.9812297821044922,0.18083438277244568,0.19343069195747375,-0.9792274236679077,0.9920197129249573,0.6484450697898865,0.48427650332450867,-0.32109296321868896,0.9794250130653381,0.20023037493228912,0.2186771035194397,-1.0741806030273438,0.9908865690231323,0.6541157364845276,0.48609238862991333,-0.39203423261642456,0.9841773509979248,0.21558433771133423,0.22510670125484467,-1.0676004886627197,0.9914646744728088,0.6377795338630676,0.4794655442237854,-0.3204745948314667,0.9833395481109619,0.21300047636032104,0.22283963859081268,-0.9911637306213379,0.9892110824584961,0.3115593194961548,0.47762808203697205,0.00024304100952576846,0.9998098015785217,0.20839810371398926,0.47729191184043884,-0.0007541833911091089,0.9997609257698059,0.30852484703063965,0.641503095626831,-0.062218327075242996,0.6063240170478821,0.28005918860435486,0.6201881170272827,-0.15557630360126495,0.45753541588783264,0.28739434480667114,0.8345181345939636,-0.04533502086997032,0.8829362988471985,0.48497533798217773,0.7781670093536377,-0.04612278938293457,0.7047935128211975,0.307981938123703,0.845657229423523,-0.05754522234201431,0.7763264775276184,0.519805371761322,0.7745689153671265,-0.04202922806143761,0.5900463461875916,0.27889254689216614,0.8725096583366394,-0.31693583726882935,0.9174588322639465,0.5176793336868286,0.8452319502830505,-0.2517227530479431,0.748426616191864
aug_0_2941.png,mohiniyattam,0.4952198266983032,0.13404527306556702,-0.6077515482902527,0.9996960163116455,0.501963198184967,0.11443683505058289,-0.5600338578224182,0.9992652535438538,0.5100705623626709,0.11403024196624756,-0.5607346296310425,0.9991412162780762,0.5169292688369751,0.11406770348548889,-0.5606493949890137,0.9993682503700256,0.4761619567871094,0.1135837733745575,-0.5816662311553955,0.9995155334472656,0.46526339650154114,0.11282035708427429,-0.5822752118110657,0.9995884299278259,0.4538467526435852,0.11259454488754272,-0.5825443267822266,0.9996423721313477,0.5051665902137756,0.12041080743074417,-0.2647922933101654,0.999446451663971,0.42370328307151794,0.11789104342460632,-0.3630673289299011,0.9986521601676941,0.49973857402801514,0.1518419086933136,-0.4874892234802246,0.9994843006134033,0.4730767607688904,0.15139621496200562,-0.5208507776260376,0.9995343685150146,0.5695247650146484,0.2189972996711731,-0.10505052655935287,0.999930739402771,0.3266124129295349,0.22305403649806976,-0.19056633114814758,0.9998559951782227,0.6314648985862732,0.3233312964439392,-0.3120410740375519,0.8486647605895996,0.24269193410873413,0.3328723907470703,-0.5148472189903259,0.9111979007720947,0.48592743277549744,0.3133752942085266,-0.8115826845169067,0.8362805247306824,0.3839019536972046,0.3112746477127075,-1.0137931108474731,0.9060753583908081,0.45144373178482056,0.29109659790992737,-0.9262446165084839,0.8169441223144531,0.39981549978256226,0.28731322288513184,-1.1392240524291992,0.8880034685134888,0.44783031940460205,0.2775535583496094,-0.9264680743217468,0.8096938729286194,0.40728482604026794,0.27487659454345703,-1.124314785003662,0.8796531558036804,0.4557588994503021,0.2875567376613617,-0.819632887840271,0.7006919980049133,0.4042435586452484,0.28621384501457214,-1.0193428993225098,0.7910440564155579,0.5796253085136414,0.4556950628757477,0.03266616538167,0.9999228715896606,0.4398854374885559,0.47711706161499023,-0.03311588987708092,0.9999027252197266,0.6651846170425415,0.5991420745849609,-0.18580684065818787,0.9009808897972107,0.4554670751094818,0.6371146440505981,-0.20813588798046112,0.7837662696838379,0.6738067865371704,0.7860480546951294,0.12214253842830658,0.885097324848175,0.5053848028182983,0.825151801109314,0.11918182671070099,0.853499174118042,0.6500080823898315,0.8129764199256897,0.13441896438598633,0.7157687544822693,0.5328695774078369,0.8419802188873291,0.1379731297492981,0.5738598704338074,0.7621666193008423,0.8347897529602051,-0.13744567334651947,0.8583443760871887,0.4632129371166229,0.8791453838348389,-0.13062702119350433,0.7713341116905212
aug_0_494.png,mohiniyattam,0.7652956247329712,0.17661245167255402,-0.4613562524318695,0.9999834299087524,0.7599838972091675,0.14433926343917847,-0.4292702376842499,0.9999711513519287,0.7690638303756714,0.1382712721824646,-0.4295850098133087,0.999962568283081,0.7756603956222534,0.13478022813796997,-0.4295017123222351,0.9999754428863525,0.7286586761474609,0.16817514598369598,-0.4337930679321289,0.9999839067459106,0.7182834148406982,0.17917275428771973,-0.4344303011894226,0.9999809265136719,0.7091549038887024,0.19063201546669006,-0.434721440076828,0.9999853372573853,0.7796943187713623,0.14786016941070557,-0.23298051953315735,0.9999840259552002,0.695713222026825,0.22691282629966736,-0.2500021159648895,0.9999760389328003,0.7926210761070251,0.19973117113113403,-0.3823084235191345,0.9999716281890869,0.7561542987823486,0.23485931754112244,-0.3904707431793213,0.9999696016311646,0.9048202633857727,0.30459409952163696,-0.21268250048160553,0.999954104423523,0.6693565249443054,0.33931243419647217,-0.13902543485164642,0.9999517202377319,0.8613271117210388,0.471360981464386,-0.4493955373764038,0.968646228313446,0.4482119381427765,0.295284241437912,-0.39445066452026367,0.9795406460762024,0.6637041568756104,0.3471141457557678,-0.6296593546867371,0.8852803111076355,0.5966960191726685,0.2920653820037842,-0.6412909626960754,0.8762035369873047,0.62282794713974,0.3037647306919098,-0.6808245778083801,0.8080246448516846,0.6154832243919373,0.2696091830730438,-0.6926245093345642,0.7571055889129639,0.626121461391449,0.289929062128067,-0.6432740092277527,0.7762944102287292,0.6347650289535522,0.26510903239250183,-0.6509612798690796,0.719754695892334,0.633500337600708,0.3118930459022522,-0.614256739616394,0.7088718414306641,0.6370818614959717,0.2906930148601532,-0.6286013126373291,0.6833341717720032,0.8722230195999146,0.7095767855644226,-0.032947808504104614,0.9991612434387207,0.7207726240158081,0.6924490928649902,0.03241431340575218,0.9995947480201721,0.9166578054428101,0.8386880159378052,-0.5442431569099426,0.9327199459075928,0.6964976191520691,0.7490178942680359,-0.4571751356124878,0.8103846907615662,0.6772785782814026,0.8685994148254395,-0.3752624988555908,0.18577605485916138,0.714682936668396,0.908035159111023,-0.19396984577178955,0.11377281695604324,0.6570649743080139,0.8680638670921326,-0.35311439633369446,0.22165757417678833,0.7273325324058533,0.9348523616790771,-0.1596575826406479,0.1495373696088791,0.565009355545044,0.879160463809967,-0.40669864416122437,0.17114317417144775,0.6885063648223877,0.9572080969810486,-0.1922323852777481,0.11049920320510864
aug_0_115.png,mohiniyattam,0.6832263469696045,0.3276194930076599,-0.5522353649139404,0.9997468590736389,0.6861653327941895,0.29138612747192383,-0.5169228911399841,0.9997847676277161,0.6936266422271729,0.29091155529022217,-0.5172527432441711,0.9997112154960632,0.6998565793037415,0.2915602922439575,-0.517205536365509,0.9997984766960144,0.6599823832511902,0.2982923984527588,-0.5289303064346313,0.9998972415924072,0.6509259939193726,0.3027098774909973,-0.5293724536895752,0.9999126195907593,0.6402050852775574,0.3089526891708374,-0.5296698212623596,0.9999396800994873,0.6996235251426697,0.3027310371398926,-0.316495805978775,0.9998189806938171,0.6181141138076782,0.33412402868270874,-0.36522090435028076,0.9998351335525513,0.6975527405738831,0.3627467751502991,-0.471558541059494,0.9997853636741638,0.666933536529541,0.37706196308135986,-0.48800894618034363,0.9997182488441467,0.7637761235237122,0.49190157651901245,-0.18805132806301117,0.9995249509811401,0.5561292767524719,0.48083391785621643,-0.30631446838378906,0.9984059929847717,0.7606585025787354,0.7590053081512451,-0.1973598152399063,0.6826426386833191,0.5916430354118347,0.7403839826583862,-0.5145949125289917,0.958568811416626,0.766068160533905,0.9831510782241821,-0.36511197686195374,0.47706109285354614,0.6573162078857422,0.5282799005508423,-0.7642366290092468,0.9911449551582336,0.7800945043563843,1.0549461841583252,-0.38918250799179077,0.474002867937088,0.66766357421875,0.46799060702323914,-0.8330020308494568,0.9866654276847839,0.7597082853317261,1.034834384918213,-0.4400153160095215,0.5176098346710205,0.655773937702179,0.44578513503074646,-0.8304031491279602,0.9876821637153625,0.7544842958450317,1.002366065979004,-0.3860171139240265,0.506742000579834,0.65693199634552,0.46812140941619873,-0.7681954503059387,0.9759909510612488,0.6666352152824402,0.8783470988273621,0.023863576352596283,0.9903263449668884,0.555595338344574,0.8267471790313721,-0.02409656159579754,0.9928648471832275,0.7329353094100952,0.9638997912406921,-0.6320207118988037,0.9053235054016113,0.4780306816101074,0.8245658278465271,-0.7371898293495178,0.9403252005577087,0.5078024864196777,1.080188512802124,-0.3746589124202728,0.15410853922367096,0.581142008304596,1.0776786804199219,-0.5099400877952576,0.29044169187545776,0.4834774136543274,1.0764272212982178,-0.349008172750473,0.2612243890762329,0.5958001017570496,1.113754391670227,-0.48317065834999084,0.2412194460630417,0.43269866704940796,1.0878612995147705,-0.5020827651023865,0.15930883586406708,0.6165273189544678,1.1088895797729492,-0.6403689384460449,0.29038476943969727
aug_0_4297.png,mohiniyattam,0.6562026739120483,0.2307170033454895,-0.27698737382888794,0.9999426603317261,0.6523590683937073,0.19550758600234985,-0.25229474902153015,0.9998898506164551,0.6609447598457336,0.1889306902885437,-0.25263625383377075,0.9998652935028076,0.6680793762207031,0.18504351377487183,-0.2525467872619629,0.9999107122421265,0.624910831451416,0.2171473503112793,-0.248331680893898,0.9999488592147827,0.6141984462738037,0.22577130794525146,-0.24900753796100616,0.9999514818191528,0.6052011847496033,0.2359771728515625,-0.24934746325016022,0.9999598264694214,0.6767189502716064,0.1941545009613037,-0.0833282396197319,0.9999558925628662,0.5929739475250244,0.2714255452156067,-0.06025735288858414,0.9999500513076782,0.6821310520172119,0.2529873847961426,-0.2079450786113739,0.9999518394470215,0.6472758650779724,0.283344030380249,-0.20423604547977448,0.9999451637268066,0.8026622533798218,0.3527979850769043,-0.08415721356868744,0.9999637603759766,0.5681822299957275,0.3895953595638275,0.05522005632519722,0.9999585151672363,0.7522656321525574,0.5502389669418335,-0.23334366083145142,0.9822797179222107,0.3634234666824341,0.36668121814727783,-0.18933582305908203,0.9494569897651672,0.566110372543335,0.41558951139450073,-0.3534049093723297,0.9527174830436707,0.5170683860778809,0.37931832671165466,-0.4933771789073944,0.9342617392539978,0.5215238332748413,0.3735891878604889,-0.3965618312358856,0.9296770691871643,0.5282927751541138,0.33247214555740356,-0.5485166907310486,0.9036261439323425,0.5264094471931458,0.3567039668560028,-0.36771854758262634,0.9235610365867615,0.5472748279571533,0.3220551311969757,-0.5099266767501831,0.8837699294090271,0.5373314023017883,0.3756633996963501,-0.3389955759048462,0.899425208568573,0.5466905236244202,0.3477363884449005,-0.4826354384422302,0.8652968406677246,0.7514538764953613,0.8074633479118347,-0.06897938996553421,0.9995836615562439,0.6048950552940369,0.7641223669052124,0.0683925598859787,0.9997952580451965,0.8084973692893982,0.9409948587417603,-0.6152699589729309,0.9697153568267822,0.45884332060813904,0.6496982574462891,-0.3322097361087799,0.8018158078193665,0.5270636677742004,0.9842129349708557,-0.4582469165325165,0.5210938453674316,0.5213695168495178,0.995839536190033,-0.22349311411380768,0.3761008679866791,0.5019541382789612,0.9819157123565674,-0.4355800449848175,0.5155795216560364,0.5547388195991516,1.0481212139129639,-0.2071116417646408,0.3739438056945801,0.3668050169944763,0.9419122934341431,-0.5068869590759277,0.4326322674751282,0.4684530198574066,1.1068027019500732,-0.2794170677661896,0.28923749923706055
aug_0_3988.png,mohiniyattam,0.4124801456928253,0.2517096996307373,-0.8796457052230835,1.0,0.437000036239624,0.23253914713859558,-0.8310340046882629,0.9999998807907104,0.4486686885356903,0.23575899004936218,-0.8315273523330688,0.9999998807907104,0.4582751393318176,0.2387053668498993,-0.8313739895820618,0.9999998807907104,0.40292638540267944,0.22535094618797302,-0.8389184474945068,1.0,0.39293697476387024,0.22360163927078247,-0.839327871799469,0.9999998807907104,0.38335540890693665,0.22205239534378052,-0.8393063545227051,0.9999998807907104,0.4662265181541443,0.250169962644577,-0.5594397187232971,0.9999997615814209,0.37375760078430176,0.22571977972984314,-0.5929150581359863,0.9999995231628418,0.4272255301475525,0.27611979842185974,-0.7746970653533936,0.9999995231628418,0.3929629325866699,0.2677769958972931,-0.7885991334915161,0.9999996423721313,0.48619943857192993,0.3542636036872864,-0.413252055644989,0.999994158744812,0.284532368183136,0.32208141684532166,-0.43116211891174316,0.9999945163726807,0.6666020750999451,0.39390936493873596,-0.6494818925857544,0.9669705629348755,0.1356373280286789,0.3599018454551697,-0.45022159814834595,0.9774117469787598,0.579843282699585,0.4161847233772278,-1.0680204629898071,0.9061887264251709,0.07510825991630554,0.44118666648864746,-0.5806599259376526,0.9872887134552002,0.5497826337814331,0.4301246404647827,-1.1711058616638184,0.8610896468162537,0.04847559332847595,0.46560752391815186,-0.6412239670753479,0.9734638929367065,0.5247542262077332,0.4238012135028839,-1.177015781402588,0.860895574092865,0.0719720721244812,0.47072210907936096,-0.6924628019332886,0.9766824245452881,0.535801887512207,0.42141568660736084,-1.0799853801727295,0.8152710199356079,0.08798518031835556,0.4658624529838562,-0.6068449020385742,0.969683825969696,0.43201830983161926,0.5711227059364319,0.04101850464940071,0.9997097849845886,0.3088413178920746,0.5751839280128479,-0.04170547053217888,0.9997594952583313,0.529930591583252,0.6906946897506714,-0.08713367581367493,0.0446348711848259,0.3629758358001709,0.6978099942207336,-0.25390875339508057,0.07476941496133804,0.51109379529953,0.8536442518234253,0.14419762790203094,0.017757903784513474,0.3836950957775116,0.876098096370697,0.027317160740494728,0.04265504702925682,0.4947757124900818,0.8736458420753479,0.15681158006191254,0.04319014400243759,0.38509514927864075,0.900886058807373,0.05025947839021683,0.03957004472613335,0.5264967083930969,0.9181569218635559,0.03234681859612465,0.03530719876289368,0.4086539149284363,0.9410727024078369,-0.0752033069729805,0.04754392430186272
aug_0_9792.png,mohiniyattam,0.5846479535102844,0.20566388964653015,-0.7081231474876404,0.9999433755874634,0.589053213596344,0.18656888604164124,-0.6379879117012024,0.9998164772987366,0.5984781980514526,0.1859864592552185,-0.6384986042976379,0.9997395873069763,0.606606125831604,0.1856362223625183,-0.6385490894317627,0.9998338222503662,0.5548714399337769,0.1893937885761261,-0.6603497266769409,0.9998891353607178,0.541042685508728,0.19098058342933655,-0.6609187126159668,0.9998798370361328,0.5295688509941101,0.1931440532207489,-0.6609988808631897,0.9998875856399536,0.5990155935287476,0.19302839040756226,-0.2970621883869171,0.9999163150787354,0.5009810924530029,0.20550289750099182,-0.3890007436275482,0.9997076392173767,0.6007726192474365,0.22860532999038696,-0.5766923427581787,0.9999278783798218,0.5632045865058899,0.23177361488342285,-0.6075379252433777,0.9999147653579712,0.7049669027328491,0.30826932191848755,-0.16772550344467163,0.9999760389328003,0.42642271518707275,0.31231340765953064,-0.36664485931396484,0.9998834133148193,0.9419068098068237,0.35274386405944824,-0.7353420853614807,0.9952764511108398,0.29032593965530396,0.3734280467033386,-1.0551038980484009,0.9942049384117126,0.8491994142532349,0.3651999235153198,-1.5054389238357544,0.9794592261314392,0.523522675037384,0.3700878620147705,-1.6929090023040771,0.9674366116523743,0.832807719707489,0.3531673848628998,-1.6669870615005493,0.9472907185554504,0.5857364535331726,0.35138583183288574,-1.8608027696609497,0.8989201784133911,0.7971246242523193,0.34771573543548584,-1.6302860975265503,0.938164472579956,0.6030566692352295,0.3513599932193756,-1.7846599817276,0.8574017882347107,0.7958900332450867,0.35906460881233215,-1.5094934701919556,0.8932563662528992,0.5900823473930359,0.3640868365764618,-1.6786186695098877,0.7387774586677551,0.6356388926506042,0.5697141885757446,0.06522045284509659,0.9996535778045654,0.45642781257629395,0.5674386024475098,-0.06576881557703018,0.9996041655540466,0.8188768625259399,0.6938482522964478,-0.6778479814529419,0.3133954703807831,0.4218558967113495,0.6989923119544983,-0.756703794002533,0.3522353172302246,0.7503145337104797,0.856572151184082,0.019882548600435257,0.022838039323687553,0.4778291881084442,0.8963391780853271,-0.25332579016685486,0.10174143314361572,0.7146660089492798,0.8818945288658142,0.07323715090751648,0.04558289051055908,0.5015825629234314,0.9327113032341003,-0.21698305010795593,0.06386260688304901,0.8077273368835449,0.9164232611656189,-0.16361142694950104,0.013764893636107445,0.4593855142593384,0.9462189078330994,-0.5130974054336548,0.03788384795188904
aug_0_32.png,mohiniyattam,0.5467810034751892,0.17244890332221985,-0.890988826751709,1.0,0.5605851411819458,0.14255239069461823,-0.8413119912147522,0.9999998807907104,0.5706543326377869,0.14011895656585693,-0.8420129418373108,0.9999998807907104,0.5814741253852844,0.13823926448822021,-0.8419116735458374,0.9999998807907104,0.5250990390777588,0.15037959814071655,-0.8368474245071411,0.9999998807907104,0.5148489475250244,0.15240415930747986,-0.8373797535896301,0.9999998807907104,0.5041531920433044,0.15423554182052612,-0.8375744819641113,0.9999997615814209,0.5924997329711914,0.14226198196411133,-0.5409602522850037,0.9999998807907104,0.492380827665329,0.16300219297409058,-0.5174522399902344,0.9999986886978149,0.5741283893585205,0.18978312611579895,-0.7732805013656616,0.9999996423721313,0.5346301198005676,0.19656705856323242,-0.770543098449707,0.9999991655349731,0.693185031414032,0.23697429895401,-0.3744620382785797,0.9999991655349731,0.46971186995506287,0.2913845181465149,-0.29531922936439514,0.999961256980896,0.8532039523124695,0.27468961477279663,-0.4082701802253723,0.9955236911773682,0.3031555414199829,0.34339970350265503,-0.5448190569877625,0.855007529258728,0.9251672625541687,0.35041892528533936,-0.674968421459198,0.9981484413146973,0.3709430396556854,0.3552309274673462,-1.005302906036377,0.8174147009849548,0.9557926654815674,0.37123429775238037,-0.762673556804657,0.9970470070838928,0.38709312677383423,0.36685293912887573,-1.1223713159561157,0.7787997126579285,0.9271624088287354,0.37791717052459717,-0.8121012449264526,0.997529923915863,0.4270348846912384,0.3513096272945404,-1.1345996856689453,0.7852122783660889,0.9093548059463501,0.37582898139953613,-0.6989824175834656,0.9959895014762878,0.43033838272094727,0.35126733779907227,-1.026361346244812,0.7568566203117371,0.7136854529380798,0.5164506435394287,-0.027857733890414238,0.9995748400688171,0.5797645449638367,0.5235217213630676,0.027251752093434334,0.998977541923523,0.7091711759567261,0.6739025115966797,-0.03219359740614891,0.07826455682516098,0.5290673971176147,0.6704391837120056,-0.03527264669537544,0.05283566191792488,0.708932101726532,0.8368313908576965,0.4343973398208618,0.04431728646159172,0.4974127411842346,0.834999144077301,0.4443780481815338,0.059627942740917206,0.7085025906562805,0.8557800054550171,0.46802595257759094,0.05369790643453598,0.509762167930603,0.8640248775482178,0.48405176401138306,0.07209785282611847,0.698460042476654,0.8849011659622192,0.2986406981945038,0.0600227452814579,0.45658451318740845,0.8940893411636353,0.340657114982605,0.060084227472543716
aug_0_1144.png,mohiniyattam,0.5505915284156799,0.11378008127212524,-0.2979514002799988,0.9999998807907104,0.5732005834579468,0.09816861152648926,-0.2513241469860077,0.9999997615814209,0.5854076743125916,0.10156846046447754,-0.25172120332717896,0.9999996423721313,0.5954222679138184,0.10493943095207214,-0.2515356242656708,0.9999997615814209,0.5380753874778748,0.0905430018901825,-0.2583718001842499,0.9999998807907104,0.5278576016426086,0.08900558948516846,-0.25884976983070374,0.9999997615814209,0.5178290009498596,0.08784165978431702,-0.2587795853614807,0.9999998807907104,0.6014435291290283,0.1162249743938446,-0.026843611150979996,0.9999995231628418,0.5038092732429504,0.09382882714271545,-0.05407235398888588,0.999998927116394,0.5645431876182556,0.13915395736694336,-0.2116270810365677,0.999998927116394,0.5245645046234131,0.12998342514038086,-0.22419041395187378,0.9999990463256836,0.6232746243476868,0.21227841079235077,0.06116991117596626,0.9999946355819702,0.3992771506309509,0.17353194952011108,0.01632213406264782,0.9999933242797852,0.8177433013916016,0.25028494000434875,-0.13271872699260712,0.9613435864448547,0.21620959043502808,0.18316204845905304,-0.02453734539449215,0.9773648381233215,0.7144152522087097,0.2648870050907135,-0.48479634523391724,0.9491564631462097,0.1514485776424408,0.2560606300830841,-0.12929180264472961,0.9830575585365295,0.692680299282074,0.2777637243270874,-0.5582022666931152,0.9305787086486816,0.12778878211975098,0.2818290591239929,-0.16707280278205872,0.9748289585113525,0.6679061651229858,0.2741084694862366,-0.5571491122245789,0.9309212565422058,0.1526864469051361,0.2842521667480469,-0.20909327268600464,0.9770793318748474,0.6721456050872803,0.2742201089859009,-0.4916146397590637,0.9119583964347839,0.1683281660079956,0.2799742519855499,-0.15172843635082245,0.9756911396980286,0.4912770986557007,0.43326982855796814,0.07004571706056595,0.9997887015342712,0.369231641292572,0.4335155189037323,-0.07079958915710449,0.9997827410697937,0.6784272789955139,0.5338255167007446,-0.029064618051052094,0.09167922288179398,0.5121490359306335,0.5374430418014526,-0.2673185467720032,0.27653905749320984,0.6167132258415222,0.7410227656364441,0.01317147072404623,0.07099458575248718,0.49715375900268555,0.7639448046684265,-0.08688990771770477,0.21968668699264526,0.5947619676589966,0.7632594704627991,0.008990760892629623,0.09805865585803986,0.483742892742157,0.7943903803825378,-0.06866385042667389,0.16508279740810394,0.6332069039344788,0.824894905090332,-0.057426512241363525,0.11130756139755249,0.5363335609436035,0.8451080322265625,-0.11635318398475647,0.21666373312473297
aug_0_1145.png,mohiniyattam,0.5310262441635132,0.19640320539474487,-0.10539427399635315,0.9999655485153198,0.5286238193511963,0.16373151540756226,-0.07549156248569489,0.9998832941055298,0.534687876701355,0.16023766994476318,-0.07578589767217636,0.9998781681060791,0.5396565198898315,0.15735119581222534,-0.07573937624692917,0.9999068975448608,0.511688232421875,0.17392879724502563,-0.07692349702119827,0.9999433755874634,0.5040687918663025,0.17985975742340088,-0.07735656201839447,0.9999560117721558,0.49527686834335327,0.18776047229766846,-0.07756391167640686,0.9999573230743408,0.538612961769104,0.16819137334823608,0.07071514427661896,0.9999631643295288,0.48375770449638367,0.20631664991378784,0.07033233344554901,0.999932050704956,0.5470425486564636,0.21346020698547363,-0.04866253584623337,0.9999699592590332,0.5261961221694946,0.2298620045185089,-0.05163127928972244,0.9999645948410034,0.6211646199226379,0.27775484323501587,0.08595997840166092,0.9999957084655762,0.4527535140514374,0.32204023003578186,0.16337862610816956,0.9999805688858032,0.6714922785758972,0.43885257840156555,-0.053581658750772476,0.986890971660614,0.34044355154037476,0.44184964895248413,0.003032656852155924,0.9408852458000183,0.5416823625564575,0.3381446599960327,-0.28567951917648315,0.995081901550293,0.41480982303619385,0.3209298849105835,-0.26108884811401367,0.9911887645721436,0.49735239148139954,0.3025584816932678,-0.33015283942222595,0.9936297535896301,0.44547387957572937,0.28736555576324463,-0.3120047152042389,0.988189697265625,0.5087282061576843,0.2798731327056885,-0.30947673320770264,0.9929539561271667,0.44817811250686646,0.271025151014328,-0.2838076651096344,0.9851609468460083,0.5184404850006104,0.29123011231422424,-0.2774959206581116,0.9877196550369263,0.444912850856781,0.2869458794593811,-0.25524836778640747,0.979776918888092,0.5919687151908875,0.6218450665473938,-0.03381015360355377,0.9996764659881592,0.4814409911632538,0.6048834919929504,0.03337007015943527,0.9998044371604919,0.6368499398231506,0.8033865094184875,-0.20336470007896423,0.48601481318473816,0.32707878947257996,0.6481916904449463,-0.31839248538017273,0.78959721326828,0.491726279258728,0.8504115343093872,0.12069497257471085,0.02973228134214878,0.23931285738945007,0.9181643724441528,-0.45010462403297424,0.6267409324645996,0.47872135043144226,0.8477974534034729,0.15439046919345856,0.050103385001420975,0.22419151663780212,0.961589515209198,-0.4634767472743988,0.6000118255615234,0.41782718896865845,0.9129893183708191,0.13744093477725983,0.026813331991434097,0.11017641425132751,0.9849697351455688,-0.5657039880752563,0.504664421081543
aug_0_368.png,mohiniyattam,0.6871812343597412,0.08128383755683899,-0.7141398191452026,0.9999165534973145,0.678788423538208,0.05303603410720825,-0.7008427977561951,0.9998700618743896,0.6855443120002747,0.04498481750488281,-0.7010916471481323,0.9997596144676208,0.6906633377075195,0.03940063714981079,-0.700957179069519,0.9998507499694824,0.6579532027244568,0.08484208583831787,-0.699549674987793,0.9999450445175171,0.6496773958206177,0.10098680853843689,-0.7001795768737793,0.9999350309371948,0.6410700082778931,0.1161007285118103,-0.7004581689834595,0.999961256980896,0.7036389708518982,0.04933583736419678,-0.5236424803733826,0.999891996383667,0.6360706686973572,0.14196455478668213,-0.5113975405693054,0.9999371767044067,0.7220524549484253,0.09542030096054077,-0.6363752484321594,0.9999381303787231,0.6916841268539429,0.13733279705047607,-0.6354767680168152,0.9999393224716187,0.8661404252052307,0.17108461260795593,-0.4187226891517639,0.9999356269836426,0.63700270652771,0.2378627359867096,-0.37608593702316284,0.9999774694442749,0.8425458073616028,0.33846357464790344,-0.6378055810928345,0.9670687913894653,0.4233851432800293,0.2679804265499115,-0.6719714999198914,0.9859739542007446,0.6327592134475708,0.2702378034591675,-0.861914336681366,0.8569766879081726,0.5601177215576172,0.2614683210849762,-1.0175540447235107,0.9729273915290833,0.5790122747421265,0.24667254090309143,-0.9204395413398743,0.7849103212356567,0.5710779428482056,0.20679715275764465,-1.0920120477676392,0.9391829371452332,0.5844250917434692,0.21907973289489746,-0.8924450874328613,0.7461115121841431,0.5903637409210205,0.1879505217075348,-1.0520780086517334,0.9274753332138062,0.5977680087089539,0.23296798765659332,-0.8497364521026611,0.6780014634132385,0.5981874465942383,0.20979303121566772,-1.005840539932251,0.9046912789344788,0.8584578037261963,0.5568788051605225,-0.02932441420853138,0.9993756413459778,0.7174957394599915,0.5309145450592041,0.02904682047665119,0.9997885823249817,0.9700536727905273,0.6998252272605896,-0.5828123688697815,0.9025458693504333,0.6059628129005432,0.5862321257591248,-0.47778287529945374,0.6744088530540466,0.7148523330688477,0.7501089572906494,-0.3455832302570343,0.15180622041225433,0.7117722034454346,0.7404835224151611,-0.13689878582954407,0.09579233080148697,0.6897598505020142,0.7367529273033142,-0.3179311752319336,0.14302733540534973,0.7350311279296875,0.7489454746246338,-0.09566843509674072,0.1198730394244194,0.6062226891517639,0.7822016477584839,-0.4224214255809784,0.11448336392641068,0.7119085788726807,0.8077470660209656,-0.1673535704612732,0.06539271026849747
aug_0_8698.png,mohiniyattam,0.4260696768760681,0.31345289945602417,-0.6191089153289795,0.9999973773956299,0.4376510977745056,0.298999547958374,-0.6000945568084717,0.9999831914901733,0.4478450417518616,0.2970278263092041,-0.600632905960083,0.9999816417694092,0.4584420919418335,0.295207679271698,-0.6004179120063782,0.999982476234436,0.4199464023113251,0.30365487933158875,-0.5840427279472351,0.99998939037323,0.4160791337490082,0.3050517141819,-0.584504246711731,0.9999921321868896,0.4121062755584717,0.30633917450904846,-0.5846270322799683,0.9999899864196777,0.49066275358200073,0.2993620038032532,-0.44064027070999146,0.9999884366989136,0.424734890460968,0.3117057681083679,-0.3668878376483917,0.9999727010726929,0.45261067152023315,0.32547861337661743,-0.5541802048683167,0.9999912977218628,0.4305489659309387,0.33082568645477295,-0.5363968014717102,0.9999879598617554,0.6032307744026184,0.377477765083313,-0.3172212541103363,0.9999909400939941,0.3967212736606598,0.3904004693031311,-0.2443035989999771,0.9999860525131226,0.7704076766967773,0.41165608167648315,-0.561480700969696,0.9308710694313049,0.25633499026298523,0.40280061960220337,-0.48933684825897217,0.6797705888748169,0.6490058302879333,0.411953866481781,-0.9303747415542603,0.9582093358039856,0.16947469115257263,0.40613144636154175,-0.9519284963607788,0.9905152320861816,0.604949951171875,0.40305960178375244,-1.0224565267562866,0.9744338989257812,0.1524278223514557,0.40027815103530884,-1.0657923221588135,0.9949272871017456,0.593648374080658,0.39766502380371094,-1.0265343189239502,0.9770530462265015,0.17099276185035706,0.39442408084869385,-1.079641342163086,0.9952397346496582,0.6048523187637329,0.4030115604400635,-0.9377475380897522,0.9590789675712585,0.18176588416099548,0.39902427792549133,-0.9760792851448059,0.9939635396003723,0.5904942750930786,0.5784567594528198,0.009265326894819736,0.9991279244422913,0.46342772245407104,0.5781740546226501,-0.009938839823007584,0.9991137385368347,0.648279070854187,0.7112982273101807,-0.049108583480119705,0.030852703377604485,0.40886449813842773,0.713441014289856,-0.06408065557479858,0.04463670402765274,0.6756631135940552,0.8454764485359192,0.1574045568704605,0.06871744990348816,0.33341795206069946,0.8488205671310425,0.15745751559734344,0.11221464723348618,0.6623005270957947,0.8642063736915588,0.16263097524642944,0.07729991525411606,0.32083186507225037,0.8627757430076599,0.16774436831474304,0.0615607388317585,0.7104017734527588,0.8833187222480774,-0.05673911049962044,0.1514989286661148,0.3148314654827118,0.8874841928482056,-0.04384288191795349,0.11725479364395142
aug_0_1301.png,mohiniyattam,0.532925546169281,0.21157944202423096,-0.6882016062736511,0.9999631643295288,0.5426859855651855,0.18995139002799988,-0.6206095218658447,0.9998742341995239,0.5524653196334839,0.19045120477676392,-0.6211497187614441,0.9998284578323364,0.5612756609916687,0.1912078559398651,-0.6212198138237,0.9998924732208252,0.5057081580162048,0.1867886781692505,-0.6464170217514038,0.9999129772186279,0.4900430142879486,0.18589821457862854,-0.6470013856887817,0.9998996257781982,0.47598734498023987,0.18519312143325806,-0.6470999717712402,0.9998900890350342,0.5514227151870728,0.19957587122917175,-0.286193311214447,0.9999566078186035,0.44284483790397644,0.19679290056228638,-0.3972127139568329,0.9997569918632507,0.5418313145637512,0.2364884316921234,-0.5594500303268433,0.9999488592147827,0.504837155342102,0.23391230404376984,-0.5957005620002747,0.99992835521698,0.6220989227294922,0.3267870545387268,-0.1414278745651245,0.99998939037323,0.3433535397052765,0.2993389964103699,-0.3574654459953308,0.9998935461044312,0.8575299978256226,0.3917703926563263,-0.612005889415741,0.9927588701248169,0.19028256833553314,0.3472084403038025,-0.9850187301635742,0.9834081530570984,0.7609557509422302,0.40073758363723755,-1.2985501289367676,0.9651153683662415,0.4180717170238495,0.36685603857040405,-1.5656346082687378,0.8808491826057434,0.741405725479126,0.38901472091674805,-1.4400341510772705,0.9237433075904846,0.48551589250564575,0.35407713055610657,-1.722030758857727,0.7263187766075134,0.7067306041717529,0.38081398606300354,-1.4108736515045166,0.9123485684394836,0.5074715614318848,0.35152381658554077,-1.6508252620697021,0.646782636642456,0.7051374912261963,0.39223477244377136,-1.3027827739715576,0.8442768454551697,0.48729828000068665,0.3661707639694214,-1.5517643690109253,0.46175384521484375,0.49440619349479675,0.5739217400550842,0.07685738056898117,0.999748170375824,0.32537367939949036,0.5493299961090088,-0.07730608433485031,0.999666690826416,0.6278356313705444,0.7229925394058228,-0.3994302749633789,0.2530710697174072,0.27843034267425537,0.6564436554908752,-0.7886750102043152,0.4705161154270172,0.5243945121765137,0.8711962103843689,0.29770126938819885,0.024964220821857452,0.23053766787052155,0.8721129894256592,-0.3883766233921051,0.198766827583313,0.482422411441803,0.8908907175064087,0.3526114821434021,0.04944982752203941,0.24033747613430023,0.9142248630523682,-0.36063873767852783,0.11398215591907501,0.5724906921386719,0.9426674842834473,0.18571609258651733,0.013606882654130459,0.17414632439613342,0.9244394302368164,-0.6128779053688049,0.07600704580545425
aug_0_1331.png,mohiniyattam,0.5805513858795166,0.20428809523582458,-0.7617191076278687,0.9999994039535522,0.6033477187156677,0.1894102692604065,-0.7076045274734497,0.9999991655349731,0.611542820930481,0.19295552372932434,-0.7084499001502991,0.999998927116394,0.6195546388626099,0.19631332159042358,-0.7084274888038635,0.9999994039535522,0.5741521120071411,0.17534756660461426,-0.7289499640464783,0.9999985694885254,0.5624619126319885,0.17045943439006805,-0.7296720743179321,0.9999974966049194,0.549597978591919,0.1658650040626526,-0.7297998666763306,0.9999973773956299,0.6038083434104919,0.19884300231933594,-0.39429396390914917,0.999998927116394,0.5152360200881958,0.1605226993560791,-0.4885695278644562,0.9999840259552002,0.5744242668151855,0.22213268280029297,-0.6331385374069214,0.9999880790710449,0.5438069105148315,0.2092568725347519,-0.6664657592773438,0.9999769926071167,0.5597884654998779,0.3125036358833313,-0.21407316625118256,0.9999731779098511,0.3731034994125366,0.20518898963928223,-0.3256225287914276,0.9994542002677917,0.5607203841209412,0.4543403089046478,-0.3024972081184387,0.6918653845787048,0.3970099091529846,0.07547372579574585,-0.43762391805648804,0.7368295788764954,0.7298213243484497,0.500214695930481,-0.6077828407287598,0.7282362580299377,0.5400813817977905,-0.006839752197265625,-0.43773722648620605,0.3080357313156128,0.7491178512573242,0.5399200916290283,-0.6594549417495728,0.682942807674408,0.5872859358787537,-0.008848309516906738,-0.4846233129501343,0.2355603128671646,0.7578490972518921,0.5390256643295288,-0.7315350770950317,0.7076852321624756,0.5907422304153442,-0.012237309478223324,-0.4835214614868164,0.23389294743537903,0.7427237033843994,0.5233652591705322,-0.6460584402084351,0.7086538076400757,0.575397253036499,-0.006433308124542236,-0.4501029849052429,0.26838216185569763,0.372548907995224,0.48129966855049133,0.037111781537532806,0.999683141708374,0.21074225008487701,0.45964518189430237,-0.03759125992655754,0.9995166063308716,0.5312635898590088,0.656596839427948,-0.23882342875003815,0.5093486905097961,0.09535861015319824,0.64215087890625,-0.09854737669229507,0.315463125705719,0.5045711994171143,0.8851363658905029,-0.25054052472114563,0.4429081678390503,0.05977557599544525,0.8241702914237976,0.22463048994541168,0.15164971351623535,0.4531201720237732,0.9229041934013367,-0.2669592499732971,0.39446836709976196,0.06310625374317169,0.8558696508407593,0.24725434184074402,0.09451737999916077,0.6341626644134521,0.9658693671226501,-0.4905136525630951,0.43189889192581177,0.04730512201786041,0.8820292353630066,0.07245582342147827,0.11553043872117996
aug_0_4697.png,mohiniyattam,0.30295729637145996,0.27186155319213867,-0.2808959484100342,0.9999934434890747,0.312865287065506,0.2551872730255127,-0.25637689232826233,0.9999624490737915,0.3226446807384491,0.2530568540096283,-0.2568494975566864,0.9999544620513916,0.33253195881843567,0.2516172230243683,-0.25664323568344116,0.9999639987945557,0.2950574457645416,0.26020967960357666,-0.24944965541362762,0.9999780654907227,0.29044434428215027,0.26147225499153137,-0.24994848668575287,0.9999815225601196,0.285433292388916,0.26262810826301575,-0.2500239312648773,0.9999790191650391,0.3584345877170563,0.2562728226184845,-0.10485737025737762,0.9999724626541138,0.2931067645549774,0.2682524025440216,-0.07509677112102509,0.999945878982544,0.32642659544944763,0.28411710262298584,-0.22092151641845703,0.999977707862854,0.30423158407211304,0.2884322702884674,-0.21607598662376404,0.9999697208404541,0.45143765211105347,0.3388896882534027,-0.025097323581576347,0.9999833106994629,0.26829782128334045,0.35548365116119385,-0.024692507460713387,0.9999748468399048,0.5961034893989563,0.38529402017593384,-0.23091565072536469,0.8387193083763123,0.14839088916778564,0.37129268050193787,-0.3084781765937805,0.5670939087867737,0.4854385256767273,0.37924396991729736,-0.5038250088691711,0.9416449069976807,0.07729405164718628,0.37419062852859497,-0.6937589645385742,0.9860943555831909,0.44830942153930664,0.37003496289253235,-0.5628117918968201,0.9627623558044434,0.059438496828079224,0.3663744330406189,-0.7844863533973694,0.9918728470802307,0.4355054199695587,0.36271926760673523,-0.5582853555679321,0.9654628038406372,0.07657292485237122,0.35975760221481323,-0.7837483286857605,0.9918909072875977,0.44339656829833984,0.36876899003982544,-0.5049929618835449,0.9451918601989746,0.08694368600845337,0.3650670051574707,-0.7096785306930542,0.9900858402252197,0.43992507457733154,0.5603969097137451,0.022800764068961143,0.9995373487472534,0.3358914852142334,0.5642110705375671,-0.023519262671470642,0.9994891881942749,0.4792354702949524,0.7076161503791809,-0.010448534041643143,0.026295188814401627,0.29301536083221436,0.723536491394043,-0.09967350214719772,0.04371746629476547,0.4967920184135437,0.8637102246284485,0.11493589729070663,0.0848839059472084,0.21030250191688538,0.8753593564033508,0.08559493720531464,0.11185075342655182,0.48578891158103943,0.8872984051704407,0.11325861513614655,0.06407618522644043,0.19957835972309113,0.8851175308227539,0.09455480426549911,0.04401928186416626,0.5236992835998535,0.9058849811553955,-0.07638784497976303,0.1633511334657669,0.1927786022424698,0.9180347919464111,-0.08332103490829468,0.11777883023023605
aug_0_9382.png,mohiniyattam,0.3535275161266327,0.20851591229438782,-0.648201048374176,0.9999922513961792,0.36367860436439514,0.1907106339931488,-0.6000198125839233,0.9999663829803467,0.3750513195991516,0.18936893343925476,-0.6006901264190674,0.9999712705612183,0.3871028423309326,0.18788212537765503,-0.600604772567749,0.9999732971191406,0.3297726511955261,0.1961219161748886,-0.5974931120872498,0.9999693632125854,0.32065653800964355,0.19867511093616486,-0.5979758501052856,0.9999769926071167,0.31067490577697754,0.20107662677764893,-0.5982519388198853,0.9999616146087646,0.4004199802875519,0.19157059490680695,-0.31220555305480957,0.9999901056289673,0.29758697748184204,0.2138822376728058,-0.2947276830673218,0.999925971031189,0.38054153323173523,0.2257138192653656,-0.5340347290039062,0.9999802112579346,0.3398059010505676,0.23352067172527313,-0.533376157283783,0.9999557733535767,0.533115804195404,0.271821528673172,-0.16428126394748688,0.9999896287918091,0.2709502577781677,0.3179941177368164,-0.1250726729631424,0.9998809099197388,0.7060033679008484,0.333371639251709,-0.24631795287132263,0.9754299521446228,0.12640881538391113,0.3413759469985962,-0.49083587527275085,0.9006929993629456,0.6271795034408569,0.4433154761791229,-0.5541674494743347,0.9867883920669556,0.1210881769657135,0.29809150099754333,-1.0341421365737915,0.9932732582092285,0.6129775643348694,0.4811306297779083,-0.6359541416168213,0.991815984249115,0.11176717281341553,0.26654189825057983,-1.1664621829986572,0.9960895776748657,0.5887415409088135,0.4729328155517578,-0.6619421243667603,0.9932476282119751,0.14223745465278625,0.25702229142189026,-1.1534907817840576,0.995927631855011,0.5885730385780334,0.4626413881778717,-0.5673589706420898,0.9910547137260437,0.15556207299232483,0.27397239208221436,-1.0481932163238525,0.9954497218132019,0.5500114560127258,0.565962016582489,-0.015971045941114426,0.9992480874061584,0.41662922501564026,0.5847780108451843,0.015253229066729546,0.9990410208702087,0.5489839315414429,0.729913592338562,-0.23403625190258026,0.183407261967659,0.4195019602775574,0.7574059367179871,-0.02277951128780842,0.17425377666950226,0.5585840940475464,0.8656031489372253,0.24318301677703857,0.14259213209152222,0.4885270893573761,0.9520303606987,0.25336870551109314,0.4185265004634857,0.5597632527351379,0.8802767992019653,0.28016746044158936,0.15722768008708954,0.5086521506309509,0.9667084813117981,0.2703384757041931,0.26922065019607544,0.5589362382888794,0.9455153942108154,0.10826895385980606,0.18234708905220032,0.4783060848712921,1.0326817035675049,0.04924171790480614,0.25723209977149963
aug_0_6253.png,kathak,0.3691878020763397,0.3241918087005615,-0.7553205490112305,0.9999496936798096,0.37903887033462524,0.30286088585853577,-0.7102116942405701,0.9999477863311768,0.3896355628967285,0.3017473816871643,-0.7108561992645264,0.9999123811721802,0.39938461780548096,0.3009715974330902,-0.711018443107605,0.9999432563781738,0.34722504019737244,0.3055635392665863,-0.7277073860168457,0.9999655485153198,0.3358604609966278,0.30642062425613403,-0.7284058332443237,0.9999545812606812,0.3252744674682617,0.3070993423461914,-0.7286121249198914,0.9999618530273438,0.4013645648956299,0.30724579095840454,-0.44795849919319153,0.999948263168335,0.30485355854034424,0.31432273983955383,-0.5230529308319092,0.9999139308929443,0.38967061042785645,0.34206682443618774,-0.6517447233200073,0.9998268485069275,0.3494395613670349,0.34392863512039185,-0.6771723628044128,0.9998338222503662,0.49343299865722656,0.4213232398033142,-0.3857724368572235,0.9999339580535889,0.2404802292585373,0.4189833998680115,-0.609194815158844,0.9999098777770996,0.6101056337356567,0.4419618844985962,-0.9956510066986084,0.8411615490913391,0.31114399433135986,0.45704635977745056,-1.3436721563339233,0.9767226576805115,0.7430582642555237,0.43661463260650635,-1.7211393117904663,0.6542394161224365,0.4980805814266205,0.4576871395111084,-2.0032753944396973,0.9565020203590393,0.7815699577331543,0.41727057099342346,-1.8664976358413696,0.6410602331161499,0.5319705009460449,0.4418044090270996,-2.1842637062072754,0.909475564956665,0.7681546211242676,0.41585642099380493,-1.8835989236831665,0.6333805322647095,0.5372515916824341,0.4364356994628906,-2.131152391433716,0.8870246410369873,0.7488911151885986,0.42688852548599243,-1.7507400512695312,0.546849250793457,0.5311122536659241,0.4476941227912903,-2.0044867992401123,0.7503253817558289,0.445979505777359,0.6724073886871338,0.04125399515032768,0.9997729659080505,0.28517159819602966,0.6740592122077942,-0.04176827520132065,0.9997970461845398,0.6245143413543701,0.807364821434021,-0.5086699724197388,0.08103971928358078,0.15602445602416992,0.827822208404541,-0.48728254437446594,0.07975705713033676,0.5428654551506042,0.8545374870300293,0.3492216467857361,0.0009311728063039482,0.27261728048324585,0.8804913759231567,0.25352656841278076,0.0020582706201821566,0.518242597579956,0.8560376167297363,0.4342520833015442,0.004121206235140562,0.30831974744796753,0.8852881193161011,0.32862067222595215,0.003971598111093044,0.5677543878555298,0.9019808769226074,0.43585842847824097,0.0008958366815932095,0.2602974474430084,0.9264081120491028,0.296470046043396,0.0012550014071166515
aug_0_6945.png,kathak,0.5527985692024231,0.13602861762046814,-0.0658465325832367,0.9999558925628662,0.561462938785553,0.11522504687309265,-0.05698297545313835,0.9999430179595947,0.5695054531097412,0.11083909869194031,-0.05725174769759178,0.9999216794967651,0.5765284299850464,0.10724571347236633,-0.05719505622982979,0.9999712705612183,0.5431489944458008,0.1258215308189392,-0.03172706067562103,0.9999297857284546,0.538959801197052,0.12823864817619324,-0.03222387284040451,0.9998804330825806,0.535490095615387,0.1300237774848938,-0.03239955008029938,0.999915599822998,0.5960395932197571,0.10596787929534912,0.018209820613265038,0.9999744892120361,0.5448220372200012,0.13103565573692322,0.13511084020137787,0.9997010827064514,0.5754247307777405,0.14405569434165955,-0.03165677934885025,0.9999526739120483,0.5538573265075684,0.1525568962097168,-0.0011134730884805322,0.9998472929000854,0.6842448711395264,0.19771699607372284,0.009964201599359512,0.9999712705612183,0.5315930247306824,0.21232740581035614,0.2431180477142334,0.9997273087501526,0.6730396747589111,0.30151885747909546,-0.1685774177312851,0.9656763076782227,0.4223298728466034,0.16555967926979065,0.25362628698349,0.8639097809791565,0.5626691579818726,0.22964131832122803,-0.2860451638698578,0.970999538898468,0.5001670122146606,0.056333985179662704,0.22584930062294006,0.5793982744216919,0.5270889401435852,0.2181050330400467,-0.33287814259529114,0.9433043003082275,0.5168710350990295,0.022838294506072998,0.20903198421001434,0.388528048992157,0.5317021608352661,0.20224107801914215,-0.3112694323062897,0.9415196776390076,0.5231466889381409,0.022134512662887573,0.22373077273368835,0.35620200634002686,0.5412135124206543,0.20541264116764069,-0.2764776051044464,0.8836216926574707,0.5201272368431091,0.038670510053634644,0.22694849967956543,0.3240062892436981,0.6516438722610474,0.4686870276927948,-0.060210876166820526,0.9996155500411987,0.5730783343315125,0.465349406003952,0.05999519303441048,0.9996675252914429,0.594832718372345,0.6374685764312744,-0.22661881148815155,0.06786022335290909,0.5346465706825256,0.6334272027015686,-0.17857645452022552,0.11003928631544113,0.5051552057266235,0.8449425101280212,-0.23348884284496307,0.13185854256153107,0.442901611328125,0.8453513979911804,-0.14069177210330963,0.08836794644594193,0.4949410557746887,0.8751311302185059,-0.2445351481437683,0.13601838052272797,0.4372812509536743,0.8788925409317017,-0.145442932844162,0.0687481090426445,0.4777601361274719,0.9014838337898254,-0.46832096576690674,0.20121140778064728,0.41318273544311523,0.9027810096740723,-0.35836735367774963,0.12756218016147614
aug_0_5029.png,kathak,0.6959555149078369,0.2198529988527298,-0.1956838071346283,0.9999967813491821,0.7058990001678467,0.2210293412208557,-0.17740479111671448,0.999990701675415,0.7091476321220398,0.22543737292289734,-0.1777174323797226,0.9999841451644897,0.7121739983558655,0.23011599481105804,-0.1777210235595703,0.9999860525131226,0.6962285041809082,0.21263059973716736,-0.16151027381420135,0.9999967813491821,0.6915953159332275,0.21017013490200043,-0.16182252764701843,0.9999958276748657,0.6854584217071533,0.20708030462265015,-0.16187883913516998,0.9999972581863403,0.7078025341033936,0.2427302449941635,-0.07903549075126648,0.9999839067459106,0.666978657245636,0.20950686931610107,-0.006340717896819115,0.999994158744812,0.6874465942382812,0.2379668653011322,-0.15809465944766998,0.9999804496765137,0.6766290664672852,0.22491523623466492,-0.14006051421165466,0.9999911785125732,0.6729677319526672,0.31958699226379395,-0.15537725389003754,0.9997637867927551,0.5587963461875916,0.2661423683166504,0.12264001369476318,0.9999570846557617,0.7227194309234619,0.26412081718444824,-0.494459867477417,0.9298285245895386,0.4447770118713379,0.24550126492977142,0.08026377111673355,0.7670733332633972,0.7800527215003967,0.18087199330329895,-0.8388523459434509,0.9338546395301819,0.3362824320793152,0.19974085688591003,-0.08888786286115646,0.9305363893508911,0.7976670861244202,0.15696513652801514,-0.9300743341445923,0.9214226603507996,0.3186326324939728,0.17989647388458252,-0.11518263071775436,0.9192461967468262,0.8024149537086487,0.1559360921382904,-0.9214990735054016,0.9201926589012146,0.31819620728492737,0.17194285988807678,-0.16814447939395905,0.9272448420524597,0.7963383197784424,0.16094911098480225,-0.8480658531188965,0.8730278611183167,0.3227435052394867,0.1806422472000122,-0.11998885869979858,0.9312418699264526,0.5640349984169006,0.4904203712940216,-0.08230580389499664,0.9999924898147583,0.5044045448303223,0.4774799942970276,0.08179978281259537,0.9999961853027344,0.6163731217384338,0.659220814704895,-0.1997358351945877,0.8212209939956665,0.43932095170021057,0.6277714371681213,-0.04180949926376343,0.5136070847511292,0.7101668119430542,0.8401423692703247,-0.15473033487796783,0.8784201145172119,0.48226335644721985,0.79823899269104,0.1745009869337082,0.485336571931839,0.7051640748977661,0.860700786113739,-0.16023968160152435,0.7838562726974487,0.5029698610305786,0.8193079233169556,0.19081363081932068,0.5742649435997009,0.7448124885559082,0.8970120549201965,-0.3362595736980438,0.9068878293037415,0.4473159909248352,0.8543117046356201,0.06345774978399277,0.4975168704986572
aug_0_9258.png,kathak,0.4069197177886963,0.2985247075557709,-0.29107365012168884,0.9999735355377197,0.4218592047691345,0.2846541702747345,-0.2268058806657791,0.9999314546585083,0.4319835901260376,0.28598201274871826,-0.2274564504623413,0.9999074935913086,0.4382311701774597,0.2875572144985199,-0.22741512954235077,0.9999392032623291,0.3917941451072693,0.285281240940094,-0.2647561728954315,0.9999504089355469,0.38117003440856934,0.2872416079044342,-0.26551225781440735,0.9999483823776245,0.37076276540756226,0.2890474200248718,-0.2658798396587372,0.9999568462371826,0.44649797677993774,0.30062076449394226,0.04161975905299187,0.9999241828918457,0.356741726398468,0.30123579502105713,-0.1296301931142807,0.999821126461029,0.4288943111896515,0.32047373056411743,-0.18902026116847992,0.9998006224632263,0.39249521493911743,0.31872129440307617,-0.24298802018165588,0.9997197985649109,0.5028685927391052,0.41862040758132935,0.2365719974040985,0.9996684789657593,0.31533509492874146,0.38409319519996643,-0.23172707855701447,0.9995618462562561,0.6607316732406616,0.4189133048057556,0.26869723200798035,0.7447571754455566,0.2609134018421173,0.3055923283100128,-0.5749799609184265,0.9766315817832947,0.8391531705856323,0.39529141783714294,0.0226978100836277,0.8982663750648499,0.32836171984672546,0.18341410160064697,-0.8683280944824219,0.9863980412483215,0.8949974775314331,0.38556867837905884,0.00449917558580637,0.8825737237930298,0.3340805768966675,0.142045259475708,-0.9861801266670227,0.9734488725662231,0.9056000113487244,0.38002830743789673,-0.08414344489574432,0.903969943523407,0.34838852286338806,0.1423499584197998,-0.9661952257156372,0.9722431302070618,0.8834233283996582,0.3866119384765625,-0.02300536260008812,0.9123179912567139,0.35055726766586304,0.15883177518844604,-0.879455029964447,0.9673166871070862,0.4575902223587036,0.6515751481056213,0.16180287301540375,0.9977707862854004,0.3574938476085663,0.6525314450263977,-0.16211365163326263,0.9981920123100281,0.5034846067428589,0.831713080406189,0.28729572892189026,0.029111914336681366,0.3970099091529846,0.8440191745758057,-0.19294323027133942,0.15335650742053986,0.46355941891670227,0.9739053845405579,0.5885151028633118,0.01326604001224041,0.37241071462631226,1.0236468315124512,0.11705272644758224,0.042548224329948425,0.4483220875263214,1.0298449993133545,0.6061131358146667,0.03528091311454773,0.35867592692375183,1.050052285194397,0.13986919820308685,0.042557694017887115,0.5132197737693787,1.046399712562561,0.4496878683567047,0.020609743893146515,0.43181487917900085,1.0741835832595825,-0.04740900546312332,0.029825715348124504
aug_0_747.png,kathak,0.6381473541259766,0.029982566833496094,-0.4481125473976135,0.9999829530715942,0.6464461088180542,0.010127604007720947,-0.4330800771713257,0.9998929500579834,0.6506890654563904,0.011434763669967651,-0.4333593547344208,0.9999088048934937,0.6550047397613525,0.012610703706741333,-0.4333605170249939,0.9998791217803955,0.6329143047332764,0.004025250673294067,-0.4350619912147522,0.999963641166687,0.6282485723495483,0.002281486988067627,-0.4354236125946045,0.9999792575836182,0.6234027147293091,0.0007728040218353271,-0.4356254041194916,0.9999768733978271,0.6548082828521729,0.019168496131896973,-0.3218317925930023,0.9999427795410156,0.6139464378356934,0.008260548114776611,-0.32985720038414,0.9999592304229736,0.643072247505188,0.05286532640457153,-0.40298575162887573,0.9999104738235474,0.6282074451446533,0.04661911725997925,-0.40696993470191956,0.9999507665634155,0.6785827875137329,0.15163001418113708,-0.22098936140537262,0.9999210834503174,0.5703040957450867,0.13016563653945923,-0.24929547309875488,0.9999568462371826,0.7501745223999023,0.2263653725385666,-0.22866415977478027,0.9865808486938477,0.48985669016838074,0.17567598819732666,-0.2862696945667267,0.9798635840415955,0.8270352482795715,0.2132905274629593,-0.33923736214637756,0.9620407819747925,0.4100629389286041,0.14778156578540802,-0.42312121391296387,0.9948482513427734,0.8489306569099426,0.199859157204628,-0.35754212737083435,0.9578752517700195,0.3890927731990814,0.13012820482254028,-0.45558595657348633,0.9920064806938171,0.8522366285324097,0.19208316504955292,-0.39363187551498413,0.9686756134033203,0.38639360666275024,0.12061026692390442,-0.48997941613197327,0.9936046004295349,0.8435360193252563,0.2004043310880661,-0.35803094506263733,0.9742863178253174,0.3937210440635681,0.13069969415664673,-0.4440217614173889,0.9953590035438538,0.6274136304855347,0.42878445982933044,0.024694113060832024,0.9997772574424744,0.5745378136634827,0.4226095676422119,-0.025014888495206833,0.9998979568481445,0.6723967790603638,0.6484524011611938,0.026163265109062195,0.72613525390625,0.5943300127983093,0.613621175289154,-0.1358502209186554,0.9206995964050293,0.612758457660675,0.8075338006019592,0.24130073189735413,0.3604378402233124,0.5915033221244812,0.872613787651062,-0.05750346556305885,0.9035750031471252,0.6018818616867065,0.8152521848678589,0.2578575909137726,0.382699579000473,0.5887658596038818,0.8900073766708374,-0.05286656692624092,0.7614821791648865,0.5929535031318665,0.9073024988174438,0.17285193502902985,0.4477148652076721,0.5929275155067444,0.9942631125450134,-0.1770683079957962,0.8583380579948425
aug_0_6089.png,kathak,0.5621253848075867,0.19463977217674255,-0.23491577804088593,0.9999978542327881,0.5810967087745667,0.18213099241256714,-0.20724733173847198,0.9999971389770508,0.5907717347145081,0.18450704216957092,-0.20785728096961975,0.999996542930603,0.6013175249099731,0.18739590048789978,-0.2079147845506668,0.999997615814209,0.5540081858634949,0.1781536042690277,-0.16908611357212067,0.9999974966049194,0.545741617679596,0.1776500940322876,-0.16960345208644867,0.999996542930603,0.5384339094161987,0.17726758122444153,-0.1697322428226471,0.9999970197677612,0.6116188764572144,0.20026978850364685,-0.04111071303486824,0.999996542930603,0.5316033959388733,0.18801948428153992,0.13727831840515137,0.9999822378158569,0.575005829334259,0.215305358171463,-0.1678374856710434,0.9999871253967285,0.5420336723327637,0.20952805876731873,-0.1212737187743187,0.999984622001648,0.6113781332969666,0.28342193365097046,-0.09080063551664352,0.9999842643737793,0.49588990211486816,0.2927814722061157,0.42211011052131653,0.9998869895935059,0.621824324131012,0.3828275799751282,-0.24995099008083344,0.7528599500656128,0.4453078806400299,0.4056614637374878,0.38326188921928406,0.21446649730205536,0.6852222084999084,0.4515044391155243,-0.5107596516609192,0.8183203339576721,0.36687174439430237,0.32128995656967163,-0.006850691046565771,0.8730047941207886,0.7143369913101196,0.4508523941040039,-0.5898840427398682,0.8103517293930054,0.35067611932754517,0.29190438985824585,-0.06820202618837357,0.9092599749565125,0.720150351524353,0.4429262578487396,-0.6197261810302734,0.814655601978302,0.3487168550491333,0.2823152542114258,-0.11956550925970078,0.9166573286056519,0.7057169079780579,0.44464582204818726,-0.5262405872344971,0.7349681258201599,0.355751097202301,0.28969165682792664,-0.04492011293768883,0.8963647484779358,0.605607807636261,0.495653361082077,-0.1897674798965454,0.9999443292617798,0.5335446000099182,0.5009600520133972,0.18917885422706604,0.9999449253082275,0.7050754427909851,0.6660357713699341,-0.35125648975372314,0.7336019277572632,0.5648550391197205,0.6728730797767639,0.05419061332941055,0.22043883800506592,0.8253422975540161,0.8247276544570923,-0.2129327803850174,0.690186083316803,0.6802797913551331,0.843392014503479,0.1925988346338272,0.48572564125061035,0.8392758369445801,0.8364264965057373,-0.21158155798912048,0.44553738832473755,0.7139768004417419,0.8727316856384277,0.19851860404014587,0.5111894607543945,0.8473290801048279,0.8890281915664673,-0.39920446276664734,0.7242667078971863,0.5943974852561951,0.8865605592727661,0.059725452214479446,0.5801803469657898
aug_0_408.png,kathak,0.5874608159065247,0.3572237491607666,-0.11671014130115509,0.9999985694885254,0.596517026424408,0.34349820017814636,-0.07572285085916519,0.9999982118606567,0.6043837070465088,0.34421271085739136,-0.07607293874025345,0.9999971389770508,0.6122017502784729,0.34504789113998413,-0.07598022371530533,0.9999983310699463,0.5724976062774658,0.34208226203918457,-0.07309217751026154,0.9999983310699463,0.5636619925498962,0.34205499291419983,-0.07350276410579681,0.9999969005584717,0.5546376705169678,0.3422650694847107,-0.07354380935430527,0.9999978542327881,0.6134702563285828,0.3521178662776947,0.0949743315577507,0.9999949932098389,0.5338343381881714,0.3476923108100891,0.11329744756221771,0.9999890327453613,0.5972364544868469,0.37268033623695374,-0.05217113718390465,0.999985933303833,0.568953275680542,0.370262086391449,-0.0511944517493248,0.9999825954437256,0.6306414604187012,0.43558675050735474,0.0482286661863327,0.999933123588562,0.4702484607696533,0.3999823033809662,0.18622630834579468,0.9998648166656494,0.6425666213035583,0.4822573661804199,-0.27735793590545654,0.4546412229537964,0.39597460627555847,0.31778934597969055,0.09323596954345703,0.9179789423942566,0.6670653820037842,0.4764517545700073,-0.7154000997543335,0.6353729367256165,0.4767836928367615,0.262265145778656,0.03591921553015709,0.9167832732200623,0.6724107265472412,0.47393637895584106,-0.8040961027145386,0.6997686624526978,0.4985200762748718,0.24558475613594055,-0.0020820533391088247,0.8554679751396179,0.6842246055603027,0.46339482069015503,-0.8125150799751282,0.7139253616333008,0.5088666081428528,0.2464706301689148,0.006177941802889109,0.8460820913314819,0.6707375049591064,0.4670668840408325,-0.7292472124099731,0.6360538005828857,0.5031030774116516,0.2559206187725067,0.030885158106684685,0.8350260853767395,0.574148416519165,0.6179471015930176,-0.08216682076454163,0.9998120665550232,0.4737876057624817,0.6344704031944275,0.0815671756863594,0.999876856803894,0.6296948790550232,0.743939995765686,-0.374205082654953,0.15292085707187653,0.40717029571533203,0.7460543513298035,-0.0975487157702446,0.06754946708679199,0.7244333624839783,0.8749638795852661,-0.4684428572654724,0.1889593005180359,0.505919337272644,0.8942387104034424,0.023066742345690727,0.04538489878177643,0.7277790307998657,0.8806018829345703,-0.4861533045768738,0.14543002843856812,0.5347310900688171,0.9129806160926819,0.031384509056806564,0.08125363290309906,0.7010657787322998,0.9329019784927368,-0.660636305809021,0.26547756791114807,0.4819510281085968,0.9481852650642395,-0.06515846401453018,0.06700478494167328
aug_0_6121.png,kathak,0.43533286452293396,0.2679382860660553,-0.07525093108415604,0.999996542930603,0.44239652156829834,0.2546042501926422,-0.0353277362883091,0.9999945163726807,0.44818758964538574,0.25557950139045715,-0.03567913919687271,0.9999916553497314,0.4549137055873871,0.2569737434387207,-0.03559507802128792,0.999995231628418,0.4206618666648865,0.25166356563568115,-0.038700781762599945,0.999995231628418,0.41087639331817627,0.2518150806427002,-0.039139408618211746,0.999991774559021,0.40000152587890625,0.25266599655151367,-0.039196670055389404,0.999994158744812,0.4486326575279236,0.26402613520622253,0.12311158329248428,0.9999872446060181,0.37527376413345337,0.25794219970703125,0.11374939978122711,0.9999706745147705,0.4408513903617859,0.28496482968330383,-0.015755826607346535,0.999970555305481,0.41513246297836304,0.2822783887386322,-0.022820891812443733,0.9999628067016602,0.4540649354457855,0.3500584363937378,0.07319153845310211,0.9999176263809204,0.31050118803977966,0.30121850967407227,0.17357023060321808,0.9998064637184143,0.4567437469959259,0.40371331572532654,-0.2299787998199463,0.44965794682502747,0.2489968240261078,0.2143808901309967,0.05563153699040413,0.8633571863174438,0.48223876953125,0.3941044807434082,-0.6372637152671814,0.582656741142273,0.33631858229637146,0.1658840775489807,-0.018959492444992065,0.8883393406867981,0.493854284286499,0.3868672251701355,-0.7156009078025818,0.6417426466941833,0.3627432584762573,0.14920386672019958,-0.05784733593463898,0.8240095973014832,0.5021713376045227,0.37796247005462646,-0.7202561497688293,0.6529678702354431,0.3720460832118988,0.15115991234779358,-0.049881353974342346,0.8140380382537842,0.48790138959884644,0.38325998187065125,-0.6484832167625427,0.5795735716819763,0.36428719758987427,0.1600559651851654,-0.024695497006177902,0.804498553276062,0.364704966545105,0.5215752124786377,-0.06692256778478622,0.9994741082191467,0.2765209972858429,0.5236656069755554,0.06633257865905762,0.9996614456176758,0.40425655245780945,0.6503900289535522,-0.2437756359577179,0.060130342841148376,0.2158154547214508,0.6332382559776306,-0.07756375521421432,0.02860897406935692,0.4634154438972473,0.7880516648292542,-0.3910263478755951,0.07282700389623642,0.24372270703315735,0.7920370697975159,-0.020267387852072716,0.02097603678703308,0.45519039034843445,0.8013724088668823,-0.41393157839775085,0.05621820315718651,0.26725494861602783,0.8120970726013184,-0.01860632374882698,0.03469574823975563,0.43782755732536316,0.8393920660018921,-0.5505463480949402,0.09515726566314697,0.17867612838745117,0.8490464687347412,-0.09042695164680481,0.027068693190813065
aug_0_5301.png,kathak,0.4692003130912781,0.2971634566783905,-0.19477929174900055,0.9999682903289795,0.4714520275592804,0.2803892195224762,-0.14920802414417267,0.9999375343322754,0.4795253872871399,0.27844420075416565,-0.1495894193649292,0.9999001026153564,0.4880297780036926,0.27741143107414246,-0.14940331876277924,0.9999477863311768,0.4506332278251648,0.2855786085128784,-0.16671866178512573,0.9999579191207886,0.4421122670173645,0.2873082160949707,-0.16740542650222778,0.9999421834945679,0.43395695090293884,0.2892448604106903,-0.16762137413024902,0.9999617338180542,0.50193852186203,0.28106483817100525,0.060573071241378784,0.9998729228973389,0.43069788813591003,0.29691335558891296,-0.013870708644390106,0.9997746348381042,0.489812433719635,0.3068644106388092,-0.10981706529855728,0.9996176958084106,0.46606919169425964,0.3147113025188446,-0.13583092391490936,0.9994788765907288,0.5554092526435852,0.3350940942764282,0.22807374596595764,0.9996166229248047,0.42784780263900757,0.36499202251434326,-0.03495587036013603,0.9991845488548279,0.6296029090881348,0.24226897954940796,0.19124633073806763,0.5606738924980164,0.33145177364349365,0.28816649317741394,-0.12415122240781784,0.6764616966247559,0.6364579200744629,0.16547700762748718,-0.01704626902937889,0.7630916833877563,0.39470016956329346,0.19354817271232605,-0.1514325737953186,0.6799985766410828,0.6092139482498169,0.15496698021888733,-0.0598008967936039,0.7479051947593689,0.4204425811767578,0.17096245288848877,-0.20978780090808868,0.5918700098991394,0.5959088802337646,0.1575976312160492,-0.08215726912021637,0.7562724947929382,0.43169018626213074,0.17081046104431152,-0.19375956058502197,0.5645169615745544,0.6007209420204163,0.1636054813861847,-0.032791633158922195,0.7204598784446716,0.42693954706192017,0.18010368943214417,-0.1511402726173401,0.52397620677948,0.5281345844268799,0.5561809539794922,0.09538175910711288,0.9995514750480652,0.4893156886100769,0.5557571053504944,-0.09599362313747406,0.9994598031044006,0.5115298628807068,0.7121850252151489,0.04197169467806816,0.046011488884687424,0.5261968374252319,0.708980143070221,-0.17625479400157928,0.09322351962327957,0.5120702981948853,0.8879756927490234,-0.026571542024612427,0.11630892008543015,0.5615189671516418,0.9025567770004272,-0.20033028721809387,0.1487758606672287,0.5049737691879272,0.9121735095977783,-0.048216234892606735,0.15095292031764984,0.5466458201408386,0.9058927297592163,-0.21231874823570251,0.10607179254293442,0.5298619866371155,0.9182634353637695,-0.27235832810401917,0.17480188608169556,0.5469908714294434,0.9255831241607666,-0.4385712742805481,0.14608335494995117
aug_0_5592.png,kathak,0.42895057797431946,0.3534879982471466,0.13050706684589386,0.99982750415802,0.43130815029144287,0.3390742838382721,0.09267422556877136,0.9998724460601807,0.4313134551048279,0.3399506211280823,0.09248222410678864,0.999832272529602,0.4312151372432709,0.34115171432495117,0.09258102625608444,0.9998843669891357,0.43457308411598206,0.33570146560668945,0.11631903052330017,0.9999042749404907,0.43690383434295654,0.33413150906562805,0.11591124534606934,0.9999072551727295,0.4392763078212738,0.33251625299453735,0.11585691571235657,0.9999455213546753,0.4406658709049225,0.3463766872882843,-0.03000175766646862,0.9998167157173157,0.4548618197441101,0.33211642503738403,0.07548193633556366,0.999828577041626,0.43477675318717957,0.3681054413318634,0.09768839925527573,0.9994376301765442,0.43884167075157166,0.366194486618042,0.12554465234279633,0.9994524121284485,0.4361671507358551,0.4310588538646698,-0.07564035058021545,0.9996335506439209,0.5275821685791016,0.3778795003890991,0.07695195823907852,0.9997764229774475,0.3683696687221527,0.40494975447654724,-0.12220828235149384,0.9740040302276611,0.579429566860199,0.29625415802001953,0.1986985057592392,0.7271915078163147,0.3244956135749817,0.3291907012462616,-0.12727317214012146,0.964629590511322,0.6115939617156982,0.21974611282348633,0.30668291449546814,0.9012746214866638,0.31776532530784607,0.30395087599754333,-0.1455116868019104,0.9601335525512695,0.6160236597061157,0.19288800656795502,0.3036728501319885,0.8853232860565186,0.32492080330848694,0.29593831300735474,-0.1420329511165619,0.9610188007354736,0.6122863292694092,0.18950259685516357,0.2965729236602783,0.8918702602386475,0.3290832042694092,0.3041415810585022,-0.12296221405267715,0.9256322383880615,0.6103665828704834,0.20123930275440216,0.3040112257003784,0.8269420266151428,0.46758076548576355,0.6807318329811096,-0.03822273761034012,0.9950879216194153,0.5240741968154907,0.6825355291366577,0.03788101300597191,0.996417760848999,0.47689080238342285,0.8762909173965454,0.039394501596689224,0.029398329555988312,0.5564095377922058,0.8546240329742432,-0.006962975021451712,0.04123476892709732,0.47466060519218445,1.0691282749176025,0.021914852783083916,0.011934882961213589,0.5603084564208984,1.0842926502227783,-0.04569479450583458,0.008729669265449047,0.4868554472923279,1.1037683486938477,0.017121093347668648,0.08693518489599228,0.5601562857627869,1.1251577138900757,-0.051284898072481155,0.04666013643145561,0.443668931722641,1.0787384510040283,-0.018688926473259926,0.009064030833542347,0.5584917068481445,1.0952998399734497,-0.09492581337690353,0.00762154208496213
aug_0_6057.png,kathak,0.37170684337615967,0.032522231340408325,-0.5950183868408203,0.9997746348381042,0.3889535367488861,0.010237157344818115,-0.5633661150932312,0.9990276098251343,0.4030546545982361,0.008368492126464844,-0.5638732314109802,0.9982787370681763,0.4166976511478424,0.007049679756164551,-0.5639201998710632,0.9988119602203369,0.35673001408576965,0.014595449902117252,-0.5780078768730164,0.9997820258140564,0.34837833046913147,0.015625476837158203,-0.5790054798126221,0.9997875094413757,0.3401021361351013,0.01650339365005493,-0.5796510577201843,0.9998664855957031,0.4379878342151642,0.009883135557174683,-0.33717435598373413,0.9989973902702332,0.3424433171749115,0.020820170640945435,-0.39770281314849854,0.9997320771217346,0.40055912733078003,0.044194310903549194,-0.4980258345603943,0.9994951486587524,0.36399775743484497,0.04890084266662598,-0.5197423100471497,0.999764621257782,0.49524518847465515,0.09164705872535706,-0.04028945043683052,0.9997263550758362,0.32260096073150635,0.12105518579483032,-0.3223406970500946,0.9999505281448364,0.6311158537864685,0.09151171147823334,0.1737307757139206,0.7209954261779785,0.23642781376838684,0.2606281340122223,-0.33470070362091064,0.9836788773536682,0.756261944770813,0.005832105875015259,0.24105244874954224,0.8658494353294373,0.30648472905158997,0.3910510540008545,-0.47846555709838867,0.9860032200813293,0.7842456698417664,-0.014986872673034668,0.23473244905471802,0.8308898210525513,0.30853185057640076,0.4337269365787506,-0.5479563474655151,0.9695988893508911,0.7837910652160645,-0.02466881275177002,0.17826782166957855,0.8462335467338562,0.32658714056015015,0.43495386838912964,-0.58372962474823,0.9707382321357727,0.7741279602050781,-0.016552388668060303,0.2195490449666977,0.8143441677093506,0.3272571265697479,0.420378714799881,-0.49570831656455994,0.9472144842147827,0.4509972631931305,0.38679754734039307,0.07553108781576157,0.9997574687004089,0.34364208579063416,0.386991024017334,-0.07615546882152557,0.9998500347137451,0.44868332147598267,0.5880313515663147,0.03640809655189514,0.4969359040260315,0.2617202699184418,0.5821430683135986,-0.07525525242090225,0.6596482396125793,0.43684011697769165,0.7939815521240234,0.2236669510602951,0.6848111748695374,0.1322111040353775,0.7768598794937134,0.08756347000598907,0.8102092146873474,0.41997212171554565,0.8104707598686218,0.22496946156024933,0.4321746230125427,0.14131729304790497,0.7865598201751709,0.09160836786031723,0.42461442947387695,0.47267651557922363,0.8558571338653564,-0.036443933844566345,0.661142885684967,0.09764959663152695,0.8218509554862976,-0.16665494441986084,0.7347944974899292
aug_0_8806.png,kathak,0.4396454393863678,0.2991350293159485,-0.21264612674713135,0.9999803304672241,0.4562898576259613,0.28754034638404846,-0.15773864090442657,0.9999675750732422,0.46690964698791504,0.28785401582717896,-0.15824846923351288,0.9999529123306274,0.4775168299674988,0.2887120246887207,-0.15818065404891968,0.9999781847000122,0.4355168342590332,0.2891600728034973,-0.17679880559444427,0.999970555305481,0.42906618118286133,0.290581077337265,-0.17750898003578186,0.9999620914459229,0.4221431314945221,0.29216504096984863,-0.1778305023908615,0.9999730587005615,0.49818432331085205,0.30132946372032166,0.06506984680891037,0.9999691247940063,0.4241470396518707,0.30571499466896057,-0.023015012964606285,0.9998807907104492,0.4617953300476074,0.3150348365306854,-0.12845413386821747,0.9999246597290039,0.4335206151008606,0.31630516052246094,-0.15766732394695282,0.9998751878738403,0.5586115717887878,0.40635377168655396,0.25139138102531433,0.9997484087944031,0.40383702516555786,0.39083704352378845,-0.06571998447179794,0.9995784163475037,0.6520595550537109,0.4691201448440552,0.3615768551826477,0.7752846479415894,0.3551330864429474,0.2865351736545563,-0.18492071330547333,0.9803798198699951,0.7885252237319946,0.4345408082008362,0.2725273072719574,0.9488351345062256,0.385786235332489,0.17558035254478455,-0.26299598813056946,0.9837591648101807,0.8188624382019043,0.41316497325897217,0.2716962397098541,0.9204859733581543,0.3944087624549866,0.1472369134426117,-0.33120980858802795,0.9547402858734131,0.8189519643783569,0.4041542410850525,0.2020362913608551,0.932244598865509,0.40629374980926514,0.14522382616996765,-0.3105424642562866,0.9517239332199097,0.8060773611068726,0.4123852252960205,0.24087217450141907,0.9253861904144287,0.4072859287261963,0.15501394867897034,-0.2651022970676422,0.9420444369316101,0.5707170367240906,0.5969530940055847,0.10642153769731522,0.9990418553352356,0.46622931957244873,0.6000223755836487,-0.1068030595779419,0.9992071986198425,0.5766188502311707,0.7543593645095825,0.07590235024690628,0.08123433589935303,0.49242013692855835,0.7611718773841858,-0.24647660553455353,0.28210484981536865,0.5423369407653809,0.9190702438354492,0.2668265700340271,0.07309699058532715,0.48543402552604675,0.9339300394058228,-0.016785694286227226,0.15031620860099792,0.5182572603225708,0.9379962682723999,0.27413299679756165,0.0946144312620163,0.46674561500549316,0.9563906788825989,-0.0020420278888195753,0.08188772946596146,0.581851601600647,0.9626755118370056,0.055860139429569244,0.10443945229053497,0.49806949496269226,0.9843798875808716,-0.24025090038776398,0.13476356863975525
aug_0_729.png,kathak,0.5381813049316406,0.305247038602829,-0.4136885106563568,0.9999953508377075,0.5449934005737305,0.29520291090011597,-0.4118214547634125,0.999977707862854,0.5493192672729492,0.2944727838039398,-0.4122369885444641,0.9999802112579346,0.5545832514762878,0.2936370372772217,-0.41215309500694275,0.9999831914901733,0.5406969785690308,0.2955227494239807,-0.3902621865272522,0.9999850988388062,0.5410489439964294,0.2952727973461151,-0.390776664018631,0.9999887943267822,0.5411107540130615,0.2949596643447876,-0.39099329710006714,0.9999890327453613,0.5859848260879517,0.29309558868408203,-0.3453570306301117,0.999984622001648,0.5642736554145813,0.2957695722579956,-0.24212266504764557,0.9999679327011108,0.5538832545280457,0.31454795598983765,-0.3823195695877075,0.9999810457229614,0.548583447933197,0.3156718611717224,-0.35525086522102356,0.9999717473983765,0.6902375817298889,0.34771454334259033,-0.24743551015853882,0.999981164932251,0.5313729047775269,0.3675677180290222,-0.13933439552783966,0.9999594688415527,0.8082548379898071,0.3741483688354492,-0.2715526819229126,0.9957596659660339,0.42665594816207886,0.3947119116783142,-0.14868970215320587,0.985030472278595,0.911772608757019,0.3558162748813629,-0.4448716342449188,0.9962867498397827,0.3302602767944336,0.3854624927043915,-0.3432796001434326,0.9921799898147583,0.9370080828666687,0.3445783257484436,-0.4815593361854553,0.9925112724304199,0.295348584651947,0.3839769661426544,-0.3877066671848297,0.9841721653938293,0.9391254186630249,0.34053415060043335,-0.5375864505767822,0.994146466255188,0.2927107512950897,0.379688024520874,-0.437445729970932,0.9865013957023621,0.9299111366271973,0.3460313081741333,-0.4726167917251587,0.9931601285934448,0.3078452944755554,0.38235414028167725,-0.37463104724884033,0.9879471659660339,0.6942642331123352,0.49832382798194885,-0.031282298266887665,0.9999020099639893,0.6117919683456421,0.5090511441230774,0.030873948708176613,0.9998892545700073,0.7343755960464478,0.6018842458724976,-0.06702149659395218,0.4829910695552826,0.6218409538269043,0.6174551844596863,0.009205027483403683,0.42439696192741394,0.7554015517234802,0.7140862345695496,0.09380179643630981,0.46805086731910706,0.6719866394996643,0.7239948511123657,0.21985572576522827,0.3456008732318878,0.7451804876327515,0.7341985702514648,0.09605108201503754,0.34163913130760193,0.6956088542938232,0.7346997857093811,0.23261705040931702,0.3197158873081207,0.7639340758323669,0.7371692061424255,-0.08996638655662537,0.5973591208457947,0.650774359703064,0.7483279705047607,0.08579050004482269,0.45198214054107666
aug_0_5676.png,kathak,0.6147233247756958,0.2129218727350235,-0.28029438853263855,0.9999655485153198,0.6023126840591431,0.20016607642173767,-0.238927960395813,0.9999090433120728,0.5995508432388306,0.1998560130596161,-0.23957696557044983,0.9999152421951294,0.5968014001846313,0.1995825469493866,-0.23953229188919067,0.9999446868896484,0.6006429195404053,0.20038551092147827,-0.2841145694255829,0.9999183416366577,0.5969879031181335,0.20029079914093018,-0.28453248739242554,0.9999300241470337,0.5934263467788696,0.20008867979049683,-0.28463152050971985,0.9999300241470337,0.5636537671089172,0.2037777304649353,-0.06459775567054749,0.9999576807022095,0.5576655864715576,0.20474570989608765,-0.2711121439933777,0.9998083710670471,0.6013790965080261,0.2270991951227188,-0.21191540360450745,0.9999513626098633,0.5991788506507874,0.22715558111667633,-0.2756527066230774,0.9999326467514038,0.5854587554931641,0.3091813325881958,0.020665906369686127,0.9999911785125732,0.4394480586051941,0.2559073865413666,-0.278278648853302,0.9999395608901978,0.6878935694694519,0.38604092597961426,0.04085410386323929,0.9356576800346375,0.3723312318325043,0.18265527486801147,-0.5227779746055603,0.9743021726608276,0.8304048180580139,0.4067203104496002,-0.19403348863124847,0.980027973651886,0.31195035576820374,0.09413212537765503,-0.764960527420044,0.9962427616119385,0.8625096082687378,0.43325257301330566,-0.22058673202991486,0.9660788178443909,0.286920964717865,0.06799635291099548,-0.8549328446388245,0.9936844706535339,0.8670313358306885,0.4318392276763916,-0.30489853024482727,0.9729180335998535,0.28784841299057007,0.06465479731559753,-0.8684234023094177,0.9939190149307251,0.8536038398742676,0.422715425491333,-0.23586514592170715,0.9710230827331543,0.2978366017341614,0.07364588975906372,-0.7869515419006348,0.992374837398529,0.5604566335678101,0.4731222093105316,0.09345604479312897,0.9999332427978516,0.47161176800727844,0.4689478278160095,-0.09388646483421326,0.9998947381973267,0.6179463863372803,0.610569953918457,0.12475297600030899,0.5569446086883545,0.5156424045562744,0.620164155960083,-0.21403983235359192,0.5726858973503113,0.6492818593978882,0.7761961221694946,0.3419947922229767,0.6820144057273865,0.5415157675743103,0.7647272348403931,0.031989533454179764,0.6751908659934998,0.6412972211837769,0.7937695980072021,0.3493320345878601,0.4957926869392395,0.5380663871765137,0.7868079543113708,0.04633232206106186,0.32529157400131226,0.6729453206062317,0.8086510300636292,0.13886579871177673,0.7912976145744324,0.5624789595603943,0.8211398124694824,-0.17542213201522827,0.6802923083305359
aug_0_4908.png,kathak,0.6105432510375977,0.368163526058197,-0.4647951126098633,0.9999678134918213,0.6203733682632446,0.3448093831539154,-0.4229583442211151,0.9999256134033203,0.6312950253486633,0.34303978085517883,-0.42344042658805847,0.9998942613601685,0.6421118974685669,0.34249788522720337,-0.423480749130249,0.9999071359634399,0.5952253341674805,0.3542974293231964,-0.4370194375514984,0.9999709129333496,0.5873560309410095,0.358111172914505,-0.4376484751701355,0.999969482421875,0.5799346566200256,0.3621479868888855,-0.4380359947681427,0.9999734163284302,0.6638444662094116,0.3497787117958069,-0.21819496154785156,0.9999287128448486,0.5804237723350525,0.3756677210330963,-0.2789992392063141,0.9999085664749146,0.6401439905166626,0.38808560371398926,-0.3857015073299408,0.9996777772903442,0.605107307434082,0.3973298668861389,-0.40643489360809326,0.9997591376304626,0.7173138856887817,0.4448709487915039,-0.09230197221040726,0.9997182488441467,0.5709006786346436,0.5025365948677063,-0.24623331427574158,0.9991356730461121,0.8090859651565552,0.3215146064758301,-0.1375318169593811,0.9158865809440613,0.5414520502090454,0.6349430680274963,-0.43175679445266724,0.6043834686279297,0.8517606258392334,0.17277902364730835,-0.3287375569343567,0.9305465221405029,0.4925571084022522,0.655205249786377,-0.740516185760498,0.7873424887657166,0.8395938873291016,0.13533633947372437,-0.3656049370765686,0.9139862656593323,0.4636784791946411,0.6685969829559326,-0.813614547252655,0.766249418258667,0.8337048292160034,0.12846654653549194,-0.4017793536186218,0.9200284481048584,0.46204665303230286,0.6556161046028137,-0.8435589075088501,0.7776429057121277,0.836922824382782,0.1397363543510437,-0.3512222170829773,0.9259486794471741,0.47745954990386963,0.6507775783538818,-0.7633453607559204,0.7401577830314636,0.737404465675354,0.7562118768692017,0.06388503313064575,0.9990693926811218,0.6473667621612549,0.7748588919639587,-0.06448516249656677,0.9982934594154358,0.8937633037567139,0.8518064022064209,0.05301462858915329,0.7058643698692322,0.6211661100387573,0.8823452591896057,-0.042338889092206955,0.28342679142951965,0.8018913269042969,0.9508954882621765,0.2716158926486969,0.12328541278839111,0.5276517868041992,0.9439675807952881,0.11741796880960464,0.06589864194393158,0.781177818775177,0.969247579574585,0.29050397872924805,0.19509810209274292,0.5229016542434692,0.9688488245010376,0.13491098582744598,0.09105782210826874,0.7870216965675354,0.9792424440383911,0.23829691112041473,0.06920904666185379,0.4972873330116272,0.94266277551651,0.09061787277460098,0.037320565432310104
aug_0_434.png,kathak,0.4417358934879303,0.2982495427131653,-0.20898525416851044,0.9998733997344971,0.4425359070301056,0.2819923460483551,-0.19338993728160858,0.9997619986534119,0.44639137387275696,0.28036999702453613,-0.19361825287342072,0.9995359182357788,0.45055004954338074,0.27938568592071533,-0.19349923729896545,0.999747097492218,0.433063805103302,0.2871175706386566,-0.20615331828594208,0.9998693466186523,0.42961958050727844,0.28887301683425903,-0.20644040405750275,0.9998356103897095,0.4265727996826172,0.2904457151889801,-0.20656296610832214,0.9998779296875,0.45585188269615173,0.28230613470077515,-0.09668218344449997,0.9993903636932373,0.4276494085788727,0.29387497901916504,-0.15273556113243103,0.9992290735244751,0.4519895613193512,0.30787912011146545,-0.16829237341880798,0.9980574250221252,0.4415449798107147,0.31579458713531494,-0.18621167540550232,0.9971166849136353,0.463486909866333,0.346265584230423,0.017499206587672234,0.9990283250808716,0.4437505900859833,0.356097012758255,-0.1528494656085968,0.9956032037734985,0.5095323324203491,0.3075176477432251,0.0522359274327755,0.13014763593673706,0.5044531226158142,0.31500008702278137,-0.15031516551971436,0.5015989542007446,0.5010405778884888,0.23725900053977966,0.0021204089280217886,0.2261156588792801,0.489654004573822,0.2489246279001236,-0.0914059579372406,0.47906795144081116,0.4904971420764923,0.22383812069892883,-0.0027922189328819513,0.2937883734703064,0.48333412408828735,0.2250049114227295,-0.11074317246675491,0.45428043603897095,0.4876340329647064,0.22225168347358704,-0.01501325611025095,0.29704368114471436,0.47997891902923584,0.22482815384864807,-0.11496879160404205,0.43753498792648315,0.4902696907520294,0.22761085629463196,-0.0036266285460442305,0.27632981538772583,0.4800795614719391,0.23542815446853638,-0.09380288422107697,0.3857477903366089,0.44595834612846375,0.539542019367218,0.053566642105579376,0.9998438358306885,0.42753663659095764,0.5302027463912964,-0.053832706063985825,0.9997764229774475,0.45935961604118347,0.6638684868812561,0.11522803455591202,0.26512086391448975,0.3764972686767578,0.6240021586418152,-0.06073342636227608,0.6183738708496094,0.424396812915802,0.7625236511230469,0.2097863256931305,0.5227051377296448,0.2595006227493286,0.723066508769989,-0.041586216539144516,0.8014686703681946,0.40402817726135254,0.7793284058570862,0.21471653878688812,0.5704390406608582,0.2521275281906128,0.7438043355941772,-0.04134860262274742,0.6204233765602112,0.4467073380947113,0.7971108555793762,0.16819515824317932,0.4727964997291565,0.23501981794834137,0.7662407159805298,-0.09351205825805664,0.7335764169692993
aug_0_6370.png,kathak,0.5373760461807251,0.2685679793357849,-0.12421240657567978,0.9999980926513672,0.5435458421707153,0.25888848304748535,-0.12175460159778595,0.9999933242797852,0.5480767488479614,0.25816214084625244,-0.12208175659179688,0.9999936819076538,0.5529767870903015,0.2575032114982605,-0.12196893990039825,0.9999945163726807,0.5395342111587524,0.25921112298965454,-0.09449876099824905,0.9999958276748657,0.5398882031440735,0.2590663433074951,-0.09504083544015884,0.9999967813491821,0.540078341960907,0.2587672472000122,-0.09520275145769119,0.9999970197677612,0.5823627710342407,0.2581123113632202,-0.08220698684453964,0.9999946355819702,0.5635589361190796,0.2594917416572571,0.04602396860718727,0.9999924898147583,0.5515578985214233,0.27907538414001465,-0.10465136170387268,0.9999918937683105,0.5459661483764648,0.279901921749115,-0.07062159478664398,0.9999892711639404,0.6764278411865234,0.3130151331424713,-0.06169194355607033,0.9999885559082031,0.532770037651062,0.33374178409576416,0.13629378378391266,0.999983549118042,0.7792497277259827,0.3395550847053528,-0.12891314923763275,0.993522584438324,0.44533324241638184,0.3639797568321228,0.18195953965187073,0.982729434967041,0.882041871547699,0.3205016851425171,-0.30257749557495117,0.9959807395935059,0.3521925210952759,0.3554096519947052,0.03680575266480446,0.9971319437026978,0.9047728776931763,0.30723637342453003,-0.3382094204425812,0.9919592142105103,0.3202091157436371,0.3527706265449524,0.011171712540090084,0.9940310120582581,0.9061167240142822,0.3034982979297638,-0.3833567798137665,0.9934206604957581,0.31712794303894043,0.3486243486404419,-0.038995612412691116,0.9948785305023193,0.8982527256011963,0.30985406041145325,-0.32586348056793213,0.99216228723526,0.3310343027114868,0.35133814811706543,0.00698069529607892,0.9946050047874451,0.6761667728424072,0.46540334820747375,-0.07009327411651611,0.9998914003372192,0.6099774241447449,0.4742218554019928,0.06967736035585403,0.9998854398727417,0.706973671913147,0.5769793391227722,-0.15635058283805847,0.46826913952827454,0.6188568472862244,0.5846964120864868,0.006538799032568932,0.29575228691101074,0.7133363485336304,0.7096096277236938,-0.126905158162117,0.4286268353462219,0.6635847687721252,0.7021880149841309,0.1277075707912445,0.19876663386821747,0.7203777432441711,0.7282601594924927,-0.136408731341362,0.3295089900493622,0.6785485148429871,0.7284560203552246,0.13301970064640045,0.246877059340477,0.6966427564620972,0.7426565289497375,-0.31899818778038025,0.5785425305366516,0.6304550170898438,0.7321230173110962,0.008035021834075451,0.35005539655685425
aug_0_155.png,kathak,0.5470547080039978,0.27370941638946533,-0.13466322422027588,0.9999418258666992,0.558120608329773,0.26185834407806396,-0.09445789456367493,0.9998663663864136,0.5661903023719788,0.2623458504676819,-0.09489712864160538,0.9998106360435486,0.5739090442657471,0.26293596625328064,-0.09480991214513779,0.9998854398727417,0.5354092121124268,0.260432630777359,-0.08213154971599579,0.9999126195907593,0.525154709815979,0.26007241010665894,-0.08258005231618881,0.9998843669891357,0.5141273736953735,0.26018866896629333,-0.08257775008678436,0.9999204874038696,0.5737448930740356,0.270241379737854,0.0818558931350708,0.9998514652252197,0.4966092109680176,0.26484039425849915,0.141299769282341,0.9996922016143799,0.553095817565918,0.2894497513771057,-0.06569280475378036,0.9993299245834351,0.5304486155509949,0.2883829176425934,-0.05361234024167061,0.999347984790802,0.5918739438056946,0.34563112258911133,-0.018667137250304222,0.9993676543235779,0.45927292108535767,0.33685362339019775,0.2691264748573303,0.9984021782875061,0.6651704907417297,0.256845086812973,-0.3805174231529236,0.9297089576721191,0.3769313097000122,0.2478216588497162,0.1480080932378769,0.6112479567527771,0.5759664177894592,0.1749315857887268,-0.663236677646637,0.9000093340873718,0.34515586495399475,0.16426360607147217,-0.010759962722659111,0.890855610370636,0.5484282374382019,0.15392935276031494,-0.7608045339584351,0.830485999584198,0.3640853762626648,0.15739232301712036,-0.06133072078227997,0.8699200749397278,0.5391943454742432,0.15649914741516113,-0.7250343561172485,0.8189235329627991,0.3790530562400818,0.1560773253440857,-0.06926998496055603,0.8651365637779236,0.5433331727981567,0.1659298539161682,-0.6588152647018433,0.7634472250938416,0.3750273585319519,0.16141492128372192,-0.027093442156910896,0.8576034903526306,0.5916689038276672,0.5462287664413452,-0.0982305109500885,0.9997231364250183,0.5176994204521179,0.5536001324653625,0.09758304804563522,0.9996888637542725,0.6206411123275757,0.6942352652549744,-0.19130650162696838,0.32978618144989014,0.5713387131690979,0.6948848962783813,0.012606361880898476,0.12605902552604675,0.6706604361534119,0.8522763252258301,-0.17680129408836365,0.39380013942718506,0.5885035991668701,0.8640482425689697,0.07659236341714859,0.2809930443763733,0.6671668291091919,0.8791843056678772,-0.1910664439201355,0.2006251960992813,0.6111012697219849,0.8946181535720825,0.07327844947576523,0.2604626715183258,0.6697525382041931,0.9071332216262817,-0.45020899176597595,0.45729905366897583,0.4968497157096863,0.9062339067459106,-0.12924432754516602,0.34019315242767334
aug_0_7412.png,kathak,0.7685238122940063,0.39463335275650024,-0.4820621609687805,0.9999984502792358,0.7864350080490112,0.3899449110031128,-0.4629044532775879,0.9999983310699463,0.7894817590713501,0.3945501446723938,-0.4635256230831146,0.9999973773956299,0.7935235500335693,0.3991795778274536,-0.4635940194129944,0.9999983310699463,0.7756274938583374,0.37643128633499146,-0.449214905500412,0.9999985694885254,0.7700775861740112,0.37187331914901733,-0.4497746527194977,0.9999978542327881,0.7630487680435181,0.3664872646331787,-0.44997984170913696,0.9999988079071045,0.7783752679824829,0.4003850817680359,-0.3247484862804413,0.9999970197677612,0.7344505190849304,0.3598986268043518,-0.2648528814315796,0.999995231628418,0.7486850619316101,0.40994226932525635,-0.4213730990886688,0.9999881982803345,0.7371097207069397,0.3931172490119934,-0.4093446433544159,0.9999887943267822,0.6941512823104858,0.4750751852989197,-0.4107556641101837,0.9998875856399536,0.5864394903182983,0.39786189794540405,-0.010181732475757599,0.9998897314071655,0.509357213973999,0.484274685382843,-0.5039340853691101,0.9547180533409119,0.4757503569126129,0.3079245686531067,0.02371697686612606,0.8845475912094116,0.35511013865470886,0.4221774935722351,-0.6002756357192993,0.9777312874794006,0.3796446621417999,0.21552765369415283,-0.08264660835266113,0.980613112449646,0.32073068618774414,0.3983229994773865,-0.6632692217826843,0.9720702171325684,0.35881322622299194,0.18985730409622192,-0.09280894696712494,0.9749999642372131,0.3220753073692322,0.38819390535354614,-0.6515414118766785,0.9727398753166199,0.3570493161678314,0.18353700637817383,-0.15582036972045898,0.977931797504425,0.33137184381484985,0.3964049518108368,-0.5943790674209595,0.946093738079071,0.3639238178730011,0.1959659457206726,-0.11590014398097992,0.9735486507415771,0.5091661214828491,0.6484083533287048,-0.11895369738340378,0.9996719360351562,0.42067164182662964,0.6240230798721313,0.11852097511291504,0.9998389482498169,0.4348892867565155,0.7951536178588867,-0.24781794846057892,0.2884192168712616,0.2535015940666199,0.7509924173355103,0.012086565606296062,0.2222318798303604,0.6128442287445068,0.8135837912559509,-0.06080785393714905,0.04475870728492737,0.46528151631355286,0.8115559220314026,0.26423925161361694,0.037314534187316895,0.6350376605987549,0.8189153671264648,-0.04058971256017685,0.12125794589519501,0.500760555267334,0.8175213932991028,0.2956920266151428,0.1330920159816742,0.6477178335189819,0.815392792224884,-0.05854916572570801,0.10215781629085541,0.4878908693790436,0.8289620876312256,0.2913096249103546,0.05153859406709671
aug_0_7058.png,kathak,0.3488387167453766,0.20793017745018005,-0.34153038263320923,0.9999996423721313,0.35036394000053406,0.19028988480567932,-0.27232280373573303,0.9999995231628418,0.3593537509441376,0.18956848978996277,-0.2728032171726227,0.9999992847442627,0.3659612834453583,0.1890486180782318,-0.27265405654907227,0.9999995231628418,0.3277568817138672,0.19233155250549316,-0.3314144015312195,0.9999997615814209,0.31975895166397095,0.19315895438194275,-0.33210286498069763,0.9999997615814209,0.30960094928741455,0.19440045952796936,-0.3323662579059601,0.9999997615814209,0.36451348662376404,0.1941228210926056,0.057977959513664246,0.9999992847442627,0.2890113592147827,0.20297810435295105,-0.20266097784042358,0.9999984502792358,0.36235007643699646,0.2211485505104065,-0.21150393784046173,0.999992847442627,0.3362668752670288,0.22290724515914917,-0.290397584438324,0.9999921321868896,0.40296584367752075,0.25773340463638306,0.42530643939971924,0.9999228715896606,0.2907485067844391,0.29205122590065,-0.3448575437068939,0.9998656511306763,0.515947163105011,0.2937694191932678,0.518399715423584,0.5346489548683167,0.4599594473838806,0.33717694878578186,-0.5055174827575684,0.9763936400413513,0.6216050386428833,0.2976248860359192,0.23234625160694122,0.8536483645439148,0.6349037885665894,0.33298128843307495,-0.47894373536109924,0.9744035601615906,0.6436988711357117,0.2815522253513336,0.21354316174983978,0.880508303642273,0.6767175793647766,0.3277886211872101,-0.5581064224243164,0.9586251974105835,0.6365587711334229,0.2803913950920105,0.1474609225988388,0.8884962797164917,0.6724193096160889,0.32321226596832275,-0.5362063646316528,0.9581109285354614,0.6274540424346924,0.2910771369934082,0.19906575977802277,0.8773984313011169,0.6539386510848999,0.32575008273124695,-0.4684738516807556,0.9368897080421448,0.4293791651725769,0.48427778482437134,0.24751338362693787,0.9998401403427124,0.3642303943634033,0.49815934896469116,-0.24823689460754395,0.9997183680534363,0.5742548704147339,0.6210715770721436,0.04896509274840355,0.645138680934906,0.6266285181045532,0.500204861164093,-0.4091310203075409,0.7700719833374023,0.5672307014465332,0.825086236000061,-0.11189964413642883,0.5994208455085754,0.7072664499282837,0.6738815903663635,-0.34711363911628723,0.5657591819763184,0.5460258722305298,0.8585380911827087,-0.13845893740653992,0.6373951435089111,0.6992218494415283,0.7286527156829834,-0.34074902534484863,0.5661424398422241,0.6267386674880981,0.8704001903533936,-0.2862182557582855,0.6293189525604248,0.8168413043022156,0.7135249376296997,-0.4075319766998291,0.6302985548973083
aug_0_685.png,kathak,0.6210024356842041,0.29422450065612793,-0.6233036518096924,0.9999973773956299,0.6212466955184937,0.27366918325424194,-0.602172315120697,0.9999959468841553,0.6251615285873413,0.27191945910453796,-0.6024453639984131,0.999992847442627,0.6285675168037415,0.27034151554107666,-0.6024287939071655,0.9999960660934448,0.6059452295303345,0.2793861925601959,-0.6193349957466125,0.9999980926513672,0.6010765433311462,0.281676709651947,-0.6196063756942749,0.9999977350234985,0.5961220860481262,0.28422480821609497,-0.6197316646575928,0.9999982118606567,0.6282560229301453,0.2758924961090088,-0.4495545029640198,0.999997615814209,0.5857349634170532,0.297284871339798,-0.5244238376617432,0.999995231628418,0.630662739276886,0.30946969985961914,-0.560530424118042,0.9999977350234985,0.6155100464820862,0.32154422998428345,-0.5834358930587769,0.9999970197677612,0.6712279915809631,0.3520604074001312,-0.2665995657444,0.9999983310699463,0.5753769874572754,0.4240601658821106,-0.47083988785743713,0.9999910593032837,0.7516129612922668,0.44985029101371765,-0.2635447382926941,0.9676195979118347,0.6289616823196411,0.5675214529037476,-0.5358713865280151,0.9978806972503662,0.7474815249443054,0.5454428195953369,-0.4351457953453064,0.9024854898452759,0.7281559109687805,0.5901093482971191,-0.6297271251678467,0.9964253306388855,0.7595553994178772,0.5722723603248596,-0.47801119089126587,0.8578699827194214,0.7504620552062988,0.5862143039703369,-0.6925152540206909,0.9909451007843018,0.7548079490661621,0.5663788318634033,-0.5035277605056763,0.8601300120353699,0.7541719079017639,0.5670183897018433,-0.6951334476470947,0.990566074848175,0.7436198592185974,0.5609551072120667,-0.4483758211135864,0.8191391229629517,0.7433976531028748,0.5672137141227722,-0.6323491334915161,0.9741014242172241,0.6752910017967224,0.5761173367500305,0.07145944237709045,0.9999537467956543,0.6285555362701416,0.6079700589179993,-0.07159065455198288,0.9999579191207886,0.7100064754486084,0.743217408657074,0.06029075011610985,0.1683257520198822,0.6821743845939636,0.7639026641845703,-0.2128867208957672,0.7181910276412964,0.6615445017814636,0.8919872641563416,0.2957265079021454,0.12151998281478882,0.629905104637146,0.9198608994483948,0.0049609532579779625,0.5100404024124146,0.6491512060165405,0.9149012565612793,0.3129459321498871,0.18685676157474518,0.6172658801078796,0.9436818361282349,0.024105548858642578,0.1767777055501938,0.6723393201828003,0.9396086931228638,0.2086578905582428,0.21152956783771515,0.6475779414176941,0.974839448928833,-0.0883585661649704,0.5361339449882507
aug_0_502.png,kathak,0.5163280963897705,0.3378095328807831,-0.5383861660957336,0.9998524188995361,0.541781485080719,0.314240038394928,-0.49827826023101807,0.9993546605110168,0.5564843416213989,0.31348904967308044,-0.49885812401771545,0.9992038607597351,0.5704075694084167,0.313766211271286,-0.4987605810165405,0.9994332194328308,0.5132325887680054,0.3183321952819824,-0.46709999442100525,0.9996330738067627,0.5066336393356323,0.31958019733428955,-0.46786025166511536,0.9996421337127686,0.5015183687210083,0.3201938271522522,-0.4682559669017792,0.9997227787971497,0.6081403493881226,0.3179457485675812,-0.2706387937068939,0.9996918439865112,0.5211371779441833,0.3238191604614258,-0.1232353076338768,0.9995037317276001,0.547976553440094,0.3574056625366211,-0.44710573554039,0.9993051290512085,0.5153436660766602,0.36010265350341797,-0.40988245606422424,0.9992104768753052,0.7335608005523682,0.38769030570983887,-0.16609938442707062,0.9983211159706116,0.49896061420440674,0.4518505334854126,-0.01252382155507803,0.9980175495147705,0.828112006187439,0.23610521852970123,-0.45735326409339905,0.9806168079376221,0.22560037672519684,0.4577861428260803,-0.16931818425655365,0.9344552755355835,0.5945543646812439,0.18296384811401367,-0.5956329107284546,0.953174352645874,0.234227254986763,0.29588913917541504,-0.3824576437473297,0.9895521998405457,0.5177724361419678,0.17318439483642578,-0.6787341237068176,0.913934588432312,0.18876701593399048,0.24732999503612518,-0.4645811915397644,0.9804744720458984,0.508751392364502,0.17166873812675476,-0.6215575337409973,0.9113086462020874,0.21067124605178833,0.24109846353530884,-0.4325019419193268,0.9782096147537231,0.5338101387023926,0.1801312267780304,-0.5783261656761169,0.8949329257011414,0.2352040410041809,0.26124197244644165,-0.3829386830329895,0.9762383103370667,0.783277690410614,0.6811061501502991,0.0009150727419182658,0.9739215970039368,0.6293289661407471,0.6817959547042847,-0.0017964949365705252,0.9787713885307312,0.7834419012069702,0.8973426222801208,-0.009379707276821136,0.00817915890365839,0.5990154147148132,0.9035801291465759,-0.1344524621963501,0.03246244043111801,0.7532410621643066,1.072584867477417,0.4446260333061218,0.0072411843575537205,0.5477906465530396,1.094874620437622,0.32552963495254517,0.01382073387503624,0.7493876218795776,1.0982214212417603,0.47397884726524353,0.013073128648102283,0.5452094078063965,1.1260161399841309,0.3652864098548889,0.014268164522945881,0.7378965020179749,1.1273882389068604,0.17108924686908722,0.009826227091252804,0.5499899387359619,1.1461756229400635,0.08471351116895676,0.010742481797933578
aug_0_3072.png,kathak,0.49400800466537476,0.3544834852218628,-0.17206479609012604,0.9998584985733032,0.5019230842590332,0.34174373745918274,-0.1305568367242813,0.9997089505195618,0.5094929933547974,0.3421421945095062,-0.13102507591247559,0.999603807926178,0.5160480737686157,0.34258949756622314,-0.13089929521083832,0.9997363686561584,0.4802578389644623,0.34115859866142273,-0.13444210588932037,0.9998069405555725,0.47194427251815796,0.34149229526519775,-0.1350134164094925,0.9997631907463074,0.4637990891933441,0.34211164712905884,-0.13515768945217133,0.999836802482605,0.5154403448104858,0.34780189394950867,0.060190778225660324,0.9995514750480652,0.44586414098739624,0.3468848466873169,0.04679972305893898,0.9993461966514587,0.5010298490524292,0.36962637305259705,-0.09550407528877258,0.9983021020889282,0.47755566239356995,0.36934328079223633,-0.10466140508651733,0.9984830021858215,0.5252766609191895,0.4209548830986023,0.021355101838707924,0.999104917049408,0.39406561851501465,0.404069721698761,0.1643349826335907,0.997229278087616,0.5991629362106323,0.33560118079185486,-0.17868295311927795,0.908467710018158,0.33284878730773926,0.3184952139854431,0.10889188945293427,0.5728539824485779,0.5249450206756592,0.2568163275718689,-0.398296058177948,0.8111087679862976,0.3118012249469757,0.240549698472023,0.0809207558631897,0.713677704334259,0.5007264018058777,0.23468658328056335,-0.4620303213596344,0.7597830891609192,0.3258763253688812,0.23428073525428772,0.05119692534208298,0.6673239469528198,0.4929560720920563,0.23661038279533386,-0.4492188096046448,0.7578198313713074,0.3365962505340576,0.23288369178771973,0.04419754818081856,0.6564300060272217,0.4996660649776459,0.24545630812644958,-0.3993624746799469,0.7264434099197388,0.3367258310317993,0.23704251646995544,0.06974908709526062,0.6594536900520325,0.5080578923225403,0.6183948516845703,-0.0695943534374237,0.9996695518493652,0.4337225556373596,0.620381236076355,0.06894119828939438,0.9996216297149658,0.5203685760498047,0.7603436708450317,-0.11791783571243286,0.6051838994026184,0.45715147256851196,0.7647863626480103,0.04405535012483597,0.2629728317260742,0.5540977120399475,0.9123830795288086,-0.13199058175086975,0.51068514585495,0.48580923676490784,0.9207378625869751,0.06677772849798203,0.3586113452911377,0.5563536286354065,0.9401713013648987,-0.14544668793678284,0.2848668694496155,0.5086395144462585,0.9519404768943787,0.06116979569196701,0.30905529856681824,0.545834481716156,0.967671811580658,-0.33085912466049194,0.45715370774269104,0.39230939745903015,0.9627290368080139,-0.08077352494001389,0.32043007016181946
aug_0_5492.png,kathak,0.5025440454483032,0.4205724000930786,-0.3025403320789337,0.9998592138290405,0.5081848502159119,0.41024255752563477,-0.29127606749534607,0.9997288584709167,0.5108036398887634,0.41281482577323914,-0.29152151942253113,0.9996916055679321,0.513514518737793,0.41548946499824524,-0.29152557253837585,0.9996867179870605,0.5017352104187012,0.40177813172340393,-0.29243719577789307,0.9998421669006348,0.49917396903038025,0.3981693387031555,-0.2927096486091614,0.9998369216918945,0.4958459734916687,0.3943657875061035,-0.29286429286003113,0.9998594522476196,0.5041086673736572,0.41339370608329773,-0.2001388520002365,0.9995174407958984,0.48581963777542114,0.3902961313724518,-0.2070065587759018,0.9994895458221436,0.4988105893135071,0.43311429023742676,-0.2639828324317932,0.9971486926078796,0.4909026026725769,0.4235996603965759,-0.26766324043273926,0.9987249970436096,0.4919305741786957,0.47181791067123413,-0.1544378399848938,0.9987558126449585,0.44576629996299744,0.4498407542705536,-0.1166708841919899,0.9982811212539673,0.430107057094574,0.4050617218017578,-0.15856298804283142,0.6909963488578796,0.43212780356407166,0.5251930952072144,-0.1115230992436409,0.17719712853431702,0.4590388238430023,0.3262602984905243,-0.17859713733196259,0.7529467344284058,0.42875567078590393,0.5714685916900635,-0.1621101200580597,0.026617566123604774,0.47016066312789917,0.31665000319480896,-0.2026272714138031,0.757554292678833,0.42810678482055664,0.5876278877258301,-0.1784820705652237,0.030695317313075066,0.47443339228630066,0.31950271129608154,-0.21199795603752136,0.7723776698112488,0.43130555748939514,0.5866461992263794,-0.19520792365074158,0.03520176559686661,0.4709872007369995,0.3250335156917572,-0.18383793532848358,0.7148117423057556,0.43184977769851685,0.578482985496521,-0.1705680936574936,0.03676099702715874,0.4724883735179901,0.6315986514091492,0.0013912107096984982,0.9996912479400635,0.4332391917705536,0.6264864206314087,-0.0015259759966284037,0.9996205568313599,0.5186236500740051,0.752800703048706,-0.04109545797109604,0.8366086483001709,0.40524718165397644,0.7424883842468262,-0.037835296243429184,0.6517354249954224,0.5701392889022827,0.8840553760528564,0.0122238053008914,0.8617461323738098,0.4060429334640503,0.8372184038162231,0.09795355051755905,0.5679316520690918,0.5707981586456299,0.9018301367759705,0.011012942530214787,0.5326347947120667,0.3813237249851227,0.8569585680961609,0.1081032007932663,0.21634767949581146,0.5764380693435669,0.924315869808197,-0.09806302189826965,0.8293581604957581,0.3822302520275116,0.8751582503318787,0.019048701971769333,0.45359206199645996
aug_0_7438.png,kathak,0.5311877727508545,0.38367316126823425,-0.3305962085723877,0.9999973773956299,0.5345582365989685,0.36572518944740295,-0.2696729302406311,0.999997615814209,0.5394914150238037,0.3655311167240143,-0.2701908051967621,0.9999961853027344,0.5437217950820923,0.3654108941555023,-0.27009791135787964,0.9999978542327881,0.5129522085189819,0.3665795624256134,-0.3205157518386841,0.9999979734420776,0.5016510486602783,0.3673988878726959,-0.3211422264575958,0.9999973773956299,0.4898845851421356,0.3687984347343445,-0.32135772705078125,0.9999977350234985,0.5288312435150146,0.37146034836769104,0.019798265770077705,0.9999969005584717,0.4595583975315094,0.3785000741481781,-0.2098643034696579,0.9999904632568359,0.5372858047485352,0.39948976039886475,-0.217744380235672,0.9999837875366211,0.5134264230728149,0.40087831020355225,-0.28763270378112793,0.9999743700027466,0.5548590421676636,0.4691024422645569,0.2260911911725998,0.9999464750289917,0.4272998869419098,0.4481514096260071,-0.2788034677505493,0.9997007846832275,0.6500046253204346,0.5213484764099121,0.21238183975219727,0.6084607839584351,0.47974488139152527,0.4573254883289337,-0.6251362562179565,0.9135687947273254,0.7755237817764282,0.5045252442359924,-0.11622858792543411,0.9208122491836548,0.5853185653686523,0.483733206987381,-0.8944177031517029,0.8236052989959717,0.8225818872451782,0.5078120231628418,-0.1605202704668045,0.935978889465332,0.612128734588623,0.49416157603263855,-0.9980339407920837,0.7674914002418518,0.8289288282394409,0.5055931806564331,-0.22132612764835358,0.9466433525085449,0.6207870244979858,0.4938998818397522,-0.9726476669311523,0.7569058537483215,0.811246931552887,0.5052591562271118,-0.15038034319877625,0.9353040456771851,0.6113564968109131,0.49488669633865356,-0.8926680684089661,0.6598505973815918,0.5322247743606567,0.6963484883308411,0.13164004683494568,0.9998506307601929,0.437399685382843,0.6960194706916809,-0.13200366497039795,0.9997013211250305,0.5707093477249146,0.8405460119247437,-0.024801082909107208,0.4948567748069763,0.34701108932495117,0.8554829955101013,-0.37618109583854675,0.4285891056060791,0.41741928458213806,0.9329825639724731,0.3208579123020172,0.1713944971561432,0.3177657127380371,0.8855950832366943,0.28674960136413574,0.04832932725548744,0.406143456697464,0.951416015625,0.3521404564380646,0.19746007025241852,0.31313556432724,0.8881350755691528,0.35837623476982117,0.056342024356126785,0.42405861616134644,0.9645938873291016,0.28422465920448303,0.19311216473579407,0.31790849566459656,0.9230402708053589,0.35781899094581604,0.04845606908202171
aug_0_7773.png,kathak,0.583864152431488,0.03715977072715759,-0.33293604850769043,0.9998420476913452,0.5988461971282959,0.016623377799987793,-0.3068571388721466,0.9995324611663818,0.6118159294128418,0.016833364963531494,-0.3075430393218994,0.9993206262588501,0.6216750741004944,0.017007797956466675,-0.307562917470932,0.9996609687805176,0.559262752532959,0.015039236284792423,-0.3234928548336029,0.9997798800468445,0.5459003448486328,0.014588505029678345,-0.3244585394859314,0.9997408986091614,0.5319967269897461,0.01403751876205206,-0.3247052729129791,0.9998266100883484,0.623139500617981,0.02215021848678589,-0.0942254513502121,0.9997580647468567,0.5053203701972961,0.017818361520767212,-0.16606904566287994,0.9996052384376526,0.5989419221878052,0.05376550555229187,-0.23814953863620758,0.9998650550842285,0.556162416934967,0.054699212312698364,-0.2654508352279663,0.9998422861099243,0.707148015499115,0.13186025619506836,0.003866171929985285,0.9999704360961914,0.3885551989078522,0.13227689266204834,0.001015708432532847,0.9999160766601562,0.9328954815864563,0.21975038945674896,-0.22778810560703278,0.9817521572113037,0.2715965509414673,0.24933496117591858,-0.004583860747516155,0.8967085480690002,0.7843620181083679,0.13795343041419983,-0.6229596734046936,0.9876318573951721,0.17369723320007324,0.3519265651702881,-0.15004125237464905,0.9696151614189148,0.7616103291511536,0.10831037163734436,-0.7027353048324585,0.9774636626243591,0.13379782438278198,0.37389612197875977,-0.18011349439620972,0.9642964601516724,0.7510067224502563,0.09498205780982971,-0.6915791630744934,0.9759520888328552,0.12918424606323242,0.37043261528015137,-0.2588745057582855,0.9643005728721619,0.7408982515335083,0.11275884509086609,-0.6254053115844727,0.9629471302032471,0.15026620030403137,0.3661724328994751,-0.18657894432544708,0.9556847810745239,0.5956156253814697,0.4412762224674225,8.399590296903625e-05,0.9999736547470093,0.4184311330318451,0.42665573954582214,-0.0010123967658728361,0.9999626874923706,0.588804304599762,0.669898271560669,-0.15389461815357208,0.8909851908683777,0.22079779207706451,0.5910583734512329,-0.22943711280822754,0.8017846941947937,0.38999485969543457,0.8902923464775085,-0.06411727517843246,0.9274961352348328,0.32779866456985474,0.8480623364448547,-0.09916678071022034,0.8677154779434204,0.35329222679138184,0.9171010255813599,-0.0709221139550209,0.8101906776428223,0.3470183312892914,0.8853837251663208,-0.098470039665699,0.6421043872833252,0.47712504863739014,0.9504470229148865,-0.2818547189235687,0.8955821394920349,0.25935864448547363,0.9355366826057434,-0.3041720986366272,0.7851630449295044
aug_0_6221.png,kathak,0.47601738572120667,0.26690107583999634,-0.07458176463842392,0.9998053908348083,0.4862276613712311,0.2525271773338318,-0.03986966237425804,0.999609649181366,0.49677562713623047,0.2516879439353943,-0.04031752422451973,0.999285876750946,0.5035024285316467,0.25189733505249023,-0.040339671075344086,0.9995599389076233,0.46474429965019226,0.2570369243621826,-0.04206089302897453,0.9998701810836792,0.45923060178756714,0.2588467597961426,-0.04258928820490837,0.9998550415039062,0.4521603584289551,0.26114800572395325,-0.04280118644237518,0.9999041557312012,0.5240839719772339,0.2579609751701355,0.12613873183727264,0.9996304512023926,0.45202407240867615,0.2690236568450928,0.11615116149187088,0.9997063279151917,0.49625054001808167,0.2785157561302185,-0.010125123895704746,0.999049961566925,0.4700527489185333,0.2816833257675171,-0.01657811366021633,0.9990699887275696,0.5842329859733582,0.2968626022338867,0.1356760412454605,0.9992960691452026,0.4575554132461548,0.3585570454597473,0.10938160866498947,0.9990198612213135,0.640143871307373,0.2027168869972229,-0.013571853749454021,0.7985023856163025,0.44665104150772095,0.4052046537399292,-0.24826690554618835,0.231367290019989,0.5531207323074341,0.15403655171394348,-0.13141325116157532,0.7461175918579102,0.42642301321029663,0.40025728940963745,-0.7180479168891907,0.859249472618103,0.5264406204223633,0.1399168074131012,-0.18107986450195312,0.6758641600608826,0.4117982089519501,0.3974893391132355,-0.8208569884300232,0.8954789638519287,0.5129374265670776,0.14159643650054932,-0.17792849242687225,0.6758451461791992,0.40924525260925293,0.3863771855831146,-0.8318080902099609,0.8950262069702148,0.5205177068710327,0.15029707551002502,-0.13655102252960205,0.6602154970169067,0.4210565686225891,0.3876206576824188,-0.7395775318145752,0.8374192714691162,0.6486763954162598,0.5261978507041931,0.007137598004192114,0.9996015429496765,0.5701983571052551,0.5419650673866272,-0.007561661768704653,0.9995248317718506,0.6664403676986694,0.6878362894058228,0.004720346070826054,0.08901086449623108,0.5756516456604004,0.6861239075660706,-0.15476106107234955,0.05746586620807648,0.602569043636322,0.8451207876205444,0.035240281373262405,0.08225975930690765,0.6003404855728149,0.8562028408050537,-0.12335391342639923,0.07875701040029526,0.5935921669006348,0.867348849773407,0.025748824700713158,0.08732513338327408,0.6152468323707581,0.8814568519592285,-0.12651591002941132,0.07692917436361313,0.5419396162033081,0.8877689242362976,-0.17061032354831696,0.1158551275730133,0.5597140789031982,0.8902774453163147,-0.3136614263057709,0.09369578212499619
aug_0_5456.png,kathak,0.7022252082824707,0.12692362070083618,-0.8773715496063232,0.9999997615814209,0.7059698700904846,0.10850733518600464,-0.8479231595993042,0.9999995231628418,0.7109020352363586,0.10798567533493042,-0.8487853407859802,0.9999994039535522,0.7159036993980408,0.10754317045211792,-0.8486418724060059,0.9999996423721313,0.6892163157463074,0.10778501629829407,-0.8469828367233276,0.9999992847442627,0.6796501874923706,0.10691002011299133,-0.8475406765937805,0.9999990463256836,0.6658116579055786,0.1060008704662323,-0.8476252555847168,0.999998927116394,0.697249710559845,0.11164277791976929,-0.6044974327087402,0.9999995231628418,0.6222457885742188,0.10562905669212341,-0.5929637551307678,0.9999946355819702,0.6992629170417786,0.14287638664245605,-0.7701044082641602,0.9999982118606567,0.6800578832626343,0.13999435305595398,-0.772928774356842,0.9999961853027344,0.7412278056144714,0.20799638330936432,-0.5147743821144104,0.9999974966049194,0.5272805094718933,0.17069321870803833,-0.18416985869407654,0.9999071359634399,0.806480348110199,0.33753082156181335,-0.49632322788238525,0.9921272993087769,0.3683550953865051,0.15198230743408203,0.0008854971965774894,0.9284635782241821,0.7131109833717346,0.44796112179756165,-0.6659045219421387,0.9944306015968323,0.25244054198265076,0.06607571244239807,0.020850080996751785,0.9891639947891235,0.7033672332763672,0.48365989327430725,-0.7328364253044128,0.9876208901405334,0.20354199409484863,0.047721296548843384,0.010371833108365536,0.9850207567214966,0.6832481026649475,0.4799613356590271,-0.7763730883598328,0.988170862197876,0.2013838291168213,0.03782334923744202,-0.06216328591108322,0.9866147637367249,0.6828309297561646,0.4692695140838623,-0.6829639077186584,0.9803580045700073,0.22278974950313568,0.04663491249084473,-0.014849335886538029,0.9842098951339722,0.668328046798706,0.4440779983997345,-0.12313234806060791,0.9999222755432129,0.5423731207847595,0.4357660412788391,0.1226470023393631,0.9998413324356079,0.7681119441986084,0.6086154580116272,-0.21948613226413727,0.9655665159225464,0.4988572895526886,0.6035680770874023,0.18737976253032684,0.7154340147972107,0.8627225160598755,0.8017905950546265,-0.16346445679664612,0.9792351126670837,0.5031932592391968,0.7942888736724854,0.36216726899147034,0.9154113531112671,0.8546217083930969,0.8290480971336365,-0.17762498557567596,0.9036654233932495,0.537036120891571,0.828328549861908,0.3648708760738373,0.8255306482315063,0.9263213276863098,0.8725442886352539,-0.43290215730667114,0.9808833003044128,0.39345407485961914,0.8377471566200256,0.1680184304714203,0.9293742179870605
aug_0_509.png,kathak,0.5408482551574707,0.14171671867370605,-0.2692182958126068,0.9999748468399048,0.546805739402771,0.1212802529335022,-0.2244926393032074,0.9999662637710571,0.5576223134994507,0.118772953748703,-0.22495250403881073,0.9999384880065918,0.5685774683952332,0.1179000735282898,-0.22484399378299713,0.999966025352478,0.5270881056785583,0.1282728910446167,-0.2335052341222763,0.9999756813049316,0.5219817161560059,0.12986794114112854,-0.23405802249908447,0.9999743700027466,0.517444372177124,0.13115674257278442,-0.23436953127384186,0.9999792575836182,0.5871710777282715,0.12408742308616638,-0.014851323328912258,0.9999722242355347,0.5230313539505005,0.1390465795993805,-0.05420423299074173,0.9999469518661499,0.5649433135986328,0.15483546257019043,-0.19047793745994568,0.999961256980896,0.5406132936477661,0.159934401512146,-0.2043881118297577,0.9999253749847412,0.6775363683700562,0.21903826296329498,0.1125730648636818,0.9999526739120483,0.5235981941223145,0.24597783386707306,-0.09400517493486404,0.9999057054519653,0.7388073205947876,0.33882373571395874,0.10153064131736755,0.8143520355224609,0.5522927641868591,0.24581316113471985,-0.4468398690223694,0.994175374507904,0.7809622883796692,0.4554134011268616,-0.0650615319609642,0.8202421069145203,0.6789724230766296,0.21797630190849304,-0.7926802039146423,0.9970546960830688,0.7893698811531067,0.48774272203445435,-0.10515257716178894,0.8127536773681641,0.7139241099357605,0.2112792432308197,-0.8970455527305603,0.9931665062904358,0.7848381400108337,0.4937727749347687,-0.151899516582489,0.8245812058448792,0.718741238117218,0.20659412443637848,-0.8652753829956055,0.9916626214981079,0.7771588563919067,0.4822220504283905,-0.08593707531690598,0.7902497053146362,0.710716724395752,0.21437907218933105,-0.789582371711731,0.9814414978027344,0.7077494263648987,0.44974860548973083,0.04109058529138565,0.9999908208847046,0.5948023796081543,0.45223888754844666,-0.04167909175157547,0.9999910593032837,0.6562151908874512,0.6459004282951355,-0.05297737941145897,0.9433922171592712,0.4918670952320099,0.6230290532112122,-0.10076296329498291,0.9748611450195312,0.5661764740943909,0.7843608856201172,0.2570130228996277,0.9731412529945374,0.38360732793807983,0.7729399800300598,0.14548256993293762,0.9855870008468628,0.5411561131477356,0.8073328137397766,0.2778097093105316,0.9299725294113159,0.3955625891685486,0.7777266502380371,0.16477417945861816,0.9004470705986023,0.6179726719856262,0.8401464223861694,0.08797131478786469,0.9678260684013367,0.3108256161212921,0.8565417528152466,-0.0219297893345356,0.9795907735824585
aug_0_2963.png,kathak,0.5919967293739319,0.294414758682251,-0.19062356650829315,0.9999967813491821,0.5901332497596741,0.279055655002594,-0.15871161222457886,0.9999951124191284,0.5905207395553589,0.27921032905578613,-0.15901558101177216,0.9999938011169434,0.5911023616790771,0.2794501483440399,-0.15891821682453156,0.999996542930603,0.5836756825447083,0.27689626812934875,-0.18651826679706573,0.9999951124191284,0.5794939994812012,0.2755175828933716,-0.18688194453716278,0.9999942779541016,0.575261116027832,0.27429062128067017,-0.18696124851703644,0.9999949932098389,0.576327919960022,0.28009065985679626,-0.011840829625725746,0.9999939203262329,0.5580544471740723,0.2736055850982666,-0.1394452005624771,0.9999798536300659,0.5849194526672363,0.311076283454895,-0.1322530061006546,0.9999853372573853,0.5781698822975159,0.3081437349319458,-0.1715589016675949,0.9999786615371704,0.5882630348205566,0.3875364363193512,0.11075466871261597,0.9999724626541138,0.5136826038360596,0.32631799578666687,-0.15477560460567474,0.9999251365661621,0.6406059861183167,0.47337719798088074,0.1421358734369278,0.8386488556861877,0.5098673105239868,0.2181694209575653,-0.22423598170280457,0.9916679859161377,0.7290188074111938,0.4696577191352844,-0.00024408509489148855,0.9860343337059021,0.5567101836204529,0.1323675811290741,-0.2388116419315338,0.9959255456924438,0.757135272026062,0.4711865484714508,-0.01328731793910265,0.9796267151832581,0.5763969421386719,0.12055134773254395,-0.28332027792930603,0.9895650148391724,0.7623871564865112,0.46769100427627563,-0.06156345456838608,0.9836785197257996,0.5810191035270691,0.12212821841239929,-0.2727475166320801,0.9890649318695068,0.7494359016418457,0.46773621439933777,-0.024217871949076653,0.9798890948295593,0.575480580329895,0.12837931513786316,-0.23969712853431702,0.9832914471626282,0.5544781684875488,0.5745640993118286,0.08007441461086273,0.9995085000991821,0.5067960023880005,0.5647305250167847,-0.08025391399860382,0.9995115995407104,0.5524388551712036,0.7424089908599854,0.08534413576126099,0.15744361281394958,0.48833054304122925,0.7394683361053467,-0.17847216129302979,0.5711389780044556,0.5587172508239746,0.9170301556587219,0.159551739692688,0.21983979642391205,0.47582724690437317,0.9263659715652466,-0.10709293931722641,0.440054714679718,0.5509638786315918,0.9561710357666016,0.15828381478786469,0.213672935962677,0.4740627408027649,0.9498015642166138,-0.10710848867893219,0.18871738016605377,0.5789563059806824,0.957594633102417,0.023576892912387848,0.3768261969089508,0.4839862287044525,0.9713002443313599,-0.2659448981285095,0.4443304240703583
aug_0_5276.png,kathak,0.5440971255302429,0.12074783444404602,-0.13874466717243195,0.999974250793457,0.5605854988098145,0.105682373046875,-0.09066138416528702,0.9999295473098755,0.5642614364624023,0.10736098885536194,-0.09099159389734268,0.9999029636383057,0.5683600306510925,0.10930970311164856,-0.09097617119550705,0.999900221824646,0.5467543005943298,0.09562993049621582,-0.10871970653533936,0.9999704360961914,0.5408366918563843,0.09028059244155884,-0.10907160490751266,0.9999730587005615,0.5337815284729004,0.08485192060470581,-0.10918401181697845,0.9999788999557495,0.5603076219558716,0.11176732182502747,0.12100725620985031,0.9998825788497925,0.5124683976173401,0.07666298747062683,0.04007507488131523,0.9999384880065918,0.5373413562774658,0.13419198989868164,-0.05798878148198128,0.9995322227478027,0.5232735872268677,0.12474644184112549,-0.08477631211280823,0.9997377991676331,0.5647557973861694,0.18474802374839783,0.16757501661777496,0.9992865920066833,0.4005061089992523,0.13984858989715576,0.037210218608379364,0.9995915293693542,0.6897473335266113,0.16769453883171082,-0.09364128112792969,0.9137284159660339,0.3830355107784271,0.24330741167068481,-0.27547991275787354,0.9623993039131165,0.6357613205909729,0.05069628357887268,-0.35828980803489685,0.8095211386680603,0.5237743854522705,0.19475792348384857,-0.5012276768684387,0.9910238981246948,0.6273851990699768,0.02089017629623413,-0.40902429819107056,0.6476265788078308,0.5588151216506958,0.1912466287612915,-0.5628941655158997,0.9784111976623535,0.616327166557312,0.023127734661102295,-0.3722442388534546,0.6015325784683228,0.5572414994239807,0.17101049423217773,-0.5247983336448669,0.9742344617843628,0.61700838804245,0.03389847278594971,-0.3509843945503235,0.5576371550559998,0.5493854284286499,0.1724640130996704,-0.49236780405044556,0.9553001523017883,0.4436485171318054,0.4114000201225281,0.02891719341278076,0.9997708201408386,0.34946730732917786,0.39580658078193665,-0.02947317622601986,0.9997658133506775,0.49153319001197815,0.5659424066543579,-0.2947101593017578,0.8659057021141052,0.31492388248443604,0.5569203495979309,-0.2424079328775406,0.5805888772010803,0.6290889382362366,0.7518949508666992,-0.5055747032165527,0.7650269865989685,0.34715938568115234,0.7632254362106323,-0.12803898751735687,0.2244308441877365,0.6159430146217346,0.803104817867279,-0.5395731925964355,0.6345864534378052,0.3564695715904236,0.7924327850341797,-0.12235311418771744,0.1763828843832016,0.6446460485458374,0.7994240522384644,-0.7642127275466919,0.8134557604789734,0.350820928812027,0.823906660079956,-0.27997151017189026,0.21768637001514435
aug_0_6347.png,kathak,0.5170000195503235,0.3893355429172516,-0.3722664415836334,0.9999475479125977,0.5283832550048828,0.365132600069046,-0.3378984034061432,0.9998844861984253,0.5388926267623901,0.36423301696777344,-0.3384064733982086,0.9998342990875244,0.5490581393241882,0.3646879494190216,-0.33844149112701416,0.9998413324356079,0.505192756652832,0.3703872561454773,-0.3478287160396576,0.9999600648880005,0.4976305067539215,0.3733460605144501,-0.3484983742237091,0.9999649524688721,0.4901405870914459,0.3768009841442108,-0.34889379143714905,0.9999697208404541,0.5703030824661255,0.37522202730178833,-0.16293255984783173,0.9998937845230103,0.49088364839553833,0.38698774576187134,-0.20728306472301483,0.9999173879623413,0.541665256023407,0.41123610734939575,-0.3037234842777252,0.999750554561615,0.5108910799026489,0.41684988141059875,-0.3197762072086334,0.9998413324356079,0.618682324886322,0.47725313901901245,-0.05671556293964386,0.9997135996818542,0.4816243350505829,0.5293183326721191,-0.21125438809394836,0.9997194409370422,0.7003822326660156,0.3480225205421448,-0.08702771365642548,0.9435242414474487,0.4521930515766144,0.6703112125396729,-0.49009668827056885,0.7394589781761169,0.744925856590271,0.19175922870635986,-0.2261088490486145,0.976851761341095,0.40548229217529297,0.6908057928085327,-0.9270375370979309,0.9796277284622192,0.7370387315750122,0.14717012643814087,-0.26013487577438354,0.9728953242301941,0.3738803267478943,0.7034721374511719,-1.0232518911361694,0.9807939529418945,0.7337433099746704,0.14041829109191895,-0.295244038105011,0.9760742783546448,0.37429285049438477,0.6894652247428894,-1.0468246936798096,0.9821924567222595,0.736368715763092,0.15510058403015137,-0.2470477819442749,0.9770054817199707,0.38950562477111816,0.6865271925926208,-0.9509992599487305,0.9744361639022827,0.6189641952514648,0.7973377108573914,0.060194484889507294,0.9988611936569214,0.5317388772964478,0.8141442537307739,-0.06086784973740578,0.998381495475769,0.7701478600502014,0.912309467792511,0.027231840416789055,0.7786897420883179,0.4679897129535675,0.9508868455886841,0.026581665500998497,0.3075261414051056,0.6444488763809204,1.0267807245254517,0.2940712869167328,0.13762472569942474,0.4086982011795044,1.0119271278381348,0.26298120617866516,0.0776538997888565,0.6185466647148132,1.0407037734985352,0.31901729106903076,0.17895154654979706,0.3997211456298828,1.0330982208251953,0.2887267470359802,0.07900985330343246,0.620063066482544,1.0607151985168457,0.2582082152366638,0.09675026684999466,0.4049563407897949,1.008448839187622,0.22923128306865692,0.04650617390871048
aug_0_7035.png,kathak,0.4909820258617401,0.23752477765083313,-0.1369212120771408,0.9999700784683228,0.5054458379745483,0.22679615020751953,-0.08307967334985733,0.9999319314956665,0.5143459439277649,0.2291547954082489,-0.08367184549570084,0.999897837638855,0.5231131911277771,0.23117533326148987,-0.08353260159492493,0.9999439716339111,0.47956961393356323,0.2229301631450653,-0.10957258939743042,0.9999492168426514,0.47102802991867065,0.22252458333969116,-0.11031383275985718,0.9999405145645142,0.46232226490974426,0.22182759642601013,-0.11058221757411957,0.9999598264694214,0.5235484838485718,0.2413252592086792,0.131447434425354,0.9998786449432373,0.4486238956451416,0.22967973351478577,0.01279780175536871,0.9997759461402893,0.5048964619636536,0.25872525572776794,-0.05463138967752457,0.9997809529304504,0.4737210273742676,0.25456082820892334,-0.09355118870735168,0.9997314810752869,0.5564135909080505,0.34529954195022583,0.27941787242889404,0.9997816681861877,0.38892123103141785,0.2888251543045044,-0.07047247886657715,0.9997871518135071,0.6880713701248169,0.36669591069221497,0.3114151954650879,0.8284431099891663,0.35783466696739197,0.22598180174827576,-0.23955711722373962,0.9887953996658325,0.8534328937530518,0.36464717984199524,0.12401469051837921,0.9558378458023071,0.44866442680358887,0.130264550447464,-0.3318237066268921,0.9943835735321045,0.9072591066360474,0.3665558993816376,0.11804184317588806,0.9342640042304993,0.4597596526145935,0.09604701399803162,-0.39892518520355225,0.9853994250297546,0.9160805940628052,0.36131617426872253,0.046074386686086655,0.9452033638954163,0.47191229462623596,0.09811607003211975,-0.3888240456581116,0.985216498374939,0.8936585187911987,0.3629327416419983,0.08904124796390533,0.9469567537307739,0.47362640500068665,0.1135244071483612,-0.3392723798751831,0.9817214012145996,0.49384844303131104,0.5582324862480164,0.11955595016479492,0.9993763566017151,0.39014819264411926,0.5456988215446472,-0.12007994204759598,0.9995067119598389,0.47499847412109375,0.7222422361373901,0.19029837846755981,0.12800347805023193,0.35934945940971375,0.7197190523147583,-0.27330848574638367,0.3633193075656891,0.4292909801006317,0.8665058016777039,0.38698869943618774,0.10562065988779068,0.2988360524177551,0.8874512910842896,-0.059149932116270065,0.1697237640619278,0.3929910361766815,0.8888106942176819,0.3953467607498169,0.1386299878358841,0.282395601272583,0.9073455333709717,-0.04377523437142372,0.09817169606685638,0.4684741199016571,0.9387495517730713,0.25091254711151123,0.14213459193706512,0.3262745440006256,0.9172646403312683,-0.2094959318637848,0.14821499586105347
aug_0_5473.png,kathak,0.4995395839214325,0.28537172079086304,-0.28070950508117676,0.999975323677063,0.500903308391571,0.27145788073539734,-0.2441186010837555,0.9999483823776245,0.505378007888794,0.27236446738243103,-0.24467597901821136,0.9999395608901978,0.5104815363883972,0.2732098698616028,-0.2446938157081604,0.9999358654022217,0.4840884208679199,0.27012163400650024,-0.22799505293369293,0.9999839067459106,0.4763333797454834,0.270644873380661,-0.22852064669132233,0.9999850988388062,0.46779492497444153,0.27192890644073486,-0.22876664996147156,0.9999889135360718,0.5008007287979126,0.2841763496398926,-0.06758660823106766,0.9999517202377319,0.44231677055358887,0.28496071696281433,0.013122950680553913,0.9999765157699585,0.5026376247406006,0.3037261962890625,-0.2097858488559723,0.9998867511749268,0.4841352105140686,0.302280992269516,-0.19129833579063416,0.999936580657959,0.5461390018463135,0.36889535188674927,-0.11813822388648987,0.9997945427894592,0.39414969086647034,0.40175098180770874,0.2339785099029541,0.9998403787612915,0.565686047077179,0.24788625538349152,-0.2931637167930603,0.9679765701293945,0.3227824866771698,0.4823586642742157,0.38480091094970703,0.6606763601303101,0.5223168134689331,0.13903596997261047,-0.45690086483955383,0.9772193431854248,0.1761995553970337,0.4498838782310486,0.2776815891265869,0.983644962310791,0.512624979019165,0.11051192879676819,-0.5372433066368103,0.9605957269668579,0.14494353532791138,0.43248826265335083,0.25856679677963257,0.9814926981925964,0.5045178532600403,0.10779395699501038,-0.5263876914978027,0.9618508219718933,0.14520880579948425,0.41996896266937256,0.17769165337085724,0.9834227561950684,0.5047105550765991,0.11870113015174866,-0.4601551294326782,0.9478861093521118,0.15736886858940125,0.42700695991516113,0.23769792914390564,0.978861927986145,0.5171312689781189,0.5986120700836182,-0.10785450786352158,0.9998700618743896,0.40879368782043457,0.6024156808853149,0.1074739620089531,0.9998981952667236,0.5997490286827087,0.7739250063896179,-0.25528502464294434,0.9296448230743408,0.35955512523651123,0.754285991191864,0.06884249299764633,0.7676571011543274,0.6917603611946106,0.8895823955535889,0.0911702886223793,0.6949569582939148,0.4059526026248932,0.9058916568756104,0.40889406204223633,0.5755713582038879,0.7065787315368652,0.9073042273521423,0.1164228543639183,0.507330060005188,0.42342573404312134,0.9458577632904053,0.436697393655777,0.4218817353248596,0.7030634880065918,0.9287729263305664,-0.08367305248975754,0.6908085346221924,0.3632866144180298,0.9531302452087402,0.24758391082286835,0.49558892846107483
aug_0_6191.png,kathak,0.4478992819786072,0.2215571403503418,-0.043590206652879715,0.9999876022338867,0.4578026533126831,0.20776242017745972,0.013089298270642757,0.9999759197235107,0.46731024980545044,0.20844358205795288,0.012502635829150677,0.9999613761901855,0.47514766454696655,0.20918533205986023,0.012598681263625622,0.9999797344207764,0.43122559785842896,0.20630118250846863,-0.014920632354915142,0.9999821186065674,0.422573983669281,0.2069479525089264,-0.0156551543623209,0.9999779462814331,0.41342827677726746,0.20767486095428467,-0.015930311754345894,0.9999850988388062,0.4784659743309021,0.21949195861816406,0.22342495620250702,0.9999631643295288,0.4014061689376831,0.2186000943183899,0.1000426858663559,0.9999191761016846,0.4633467197418213,0.24234634637832642,0.03565989062190056,0.9999146461486816,0.43266910314559937,0.24169379472732544,-0.004890576470643282,0.9998766183853149,0.5189520716667175,0.3383479416370392,0.3700309693813324,0.999796450138092,0.356875479221344,0.2874290943145752,-0.022926660254597664,0.9998385906219482,0.6474303007125854,0.35560446977615356,0.4608573317527771,0.8314206600189209,0.321287602186203,0.23191958665847778,-0.27831605076789856,0.9947682619094849,0.7968331575393677,0.3420080542564392,0.3428211212158203,0.9586465358734131,0.3881537914276123,0.10746681690216064,-0.445637047290802,0.996503472328186,0.8475733399391174,0.33899247646331787,0.35000237822532654,0.9344457983970642,0.3978714048862457,0.06603389978408813,-0.5230364203453064,0.9907268285751343,0.855376660823822,0.334879994392395,0.2742035388946533,0.9454934597015381,0.40784913301467896,0.06582188606262207,-0.5059436559677124,0.9903138279914856,0.8344446420669556,0.3392215371131897,0.3075055181980133,0.9484387636184692,0.4101729094982147,0.08286941051483154,-0.45272842049598694,0.9878036975860596,0.46964651346206665,0.5532809495925903,0.13176888227462769,0.9992733597755432,0.3784323036670685,0.5442164540290833,-0.1323581486940384,0.9994370341300964,0.4873681366443634,0.7408164739608765,0.15156997740268707,0.07259603589773178,0.372071772813797,0.7412446141242981,-0.24450622498989105,0.30549517273902893,0.4472329020500183,0.9131497144699097,0.2519822418689728,0.04132092371582985,0.3396752178668976,0.9412806034088135,-0.13604968786239624,0.11873650550842285,0.41118913888931274,0.9569399356842041,0.250801682472229,0.0670287162065506,0.3228572607040405,0.9669879674911499,-0.13105987012386322,0.0775374323129654,0.49605807662010193,0.9834668040275574,0.12081894278526306,0.07045920193195343,0.39173707365989685,1.004906415939331,-0.28582897782325745,0.11388160288333893
aug_0_3126.png,kathak,0.4262848198413849,0.42170172929763794,0.029018916189670563,0.999055802822113,0.42765098810195923,0.4088640809059143,0.0009822072461247444,0.9994731545448303,0.42856600880622864,0.4094124138355255,0.0008062960696406662,0.9991315007209778,0.42949289083480835,0.41015487909317017,0.000878400169312954,0.9994878768920898,0.42867326736450195,0.4056338667869568,0.025029681622982025,0.9996306896209717,0.43057137727737427,0.40359482169151306,0.02469453401863575,0.9995796084403992,0.4329459071159363,0.40130719542503357,0.02460234798491001,0.9998037219047546,0.44091132283210754,0.41185078024864197,-0.08410675823688507,0.998506486415863,0.4481254816055298,0.4000781774520874,0.023649707436561584,0.9990943670272827,0.4316258430480957,0.4339955747127533,0.006589594297111034,0.9963502883911133,0.43331199884414673,0.4311031997203827,0.03564184904098511,0.9969603419303894,0.44282060861587524,0.49220407009124756,-0.12220481038093567,0.9987301230430603,0.516750693321228,0.4284707307815552,0.029464533552527428,0.9996616840362549,0.3772817552089691,0.48089736700057983,-0.20492975413799286,0.7784010171890259,0.5656585693359375,0.3551018238067627,0.08876411616802216,0.5147491693496704,0.3282122015953064,0.40954017639160156,-0.25324708223342896,0.7740165591239929,0.5951513051986694,0.2778652012348175,0.11540594696998596,0.8320533633232117,0.32327404618263245,0.3867318332195282,-0.28153544664382935,0.8042427897453308,0.598743736743927,0.2509850859642029,0.09864508360624313,0.8257898688316345,0.32876038551330566,0.3799978196620941,-0.2797505557537079,0.8085886836051941,0.5955629348754883,0.247604101896286,0.0917912945151329,0.826201319694519,0.3324785828590393,0.38762104511260986,-0.2518657445907593,0.6773506999015808,0.5941784381866455,0.2583979666233063,0.1105445846915245,0.7203559875488281,0.4797380268573761,0.6870229244232178,-0.04322150722146034,0.9994970560073853,0.5330905914306641,0.6746488213539124,0.04293442517518997,0.9997308850288391,0.49888306856155396,0.8152241110801697,0.022223684936761856,0.009070603176951408,0.5709198713302612,0.8115442991256714,-0.011875183321535587,0.029424984008073807,0.5158907175064087,0.9927471876144409,0.04250007122755051,0.011428355239331722,0.6134832501411438,0.9768128395080566,-0.03948909416794777,0.0186068806797266,0.5208462476730347,0.9978433847427368,0.040944721549749374,0.05770532786846161,0.6129140853881836,0.9902049899101257,-0.04367533326148987,0.07142476737499237,0.4927102029323578,1.0007857084274292,-0.005338259041309357,0.009612970054149628,0.6124366521835327,1.0000298023223877,-0.09690648317337036,0.014442707411944866
aug_0_6767.png,kathak,0.4849579632282257,0.2170313000679016,-0.14231477677822113,0.9999945163726807,0.4934830069541931,0.20613670349121094,-0.10450151562690735,0.9999969005584717,0.4980418384075165,0.20850586891174316,-0.10495088994503021,0.9999947547912598,0.5024129748344421,0.21072572469711304,-0.10487871617078781,0.9999972581863403,0.4765598177909851,0.19938290119171143,-0.0977594256401062,0.999996542930603,0.46739065647125244,0.1965501606464386,-0.09821213036775589,0.9999939203262329,0.45870184898376465,0.1943780481815338,-0.09833890199661255,0.999996542930603,0.4940359592437744,0.215823233127594,0.07095061987638474,0.9999953508377075,0.43622758984565735,0.1963852047920227,0.10321370512247086,0.9999853372573853,0.4795948266983032,0.23441937565803528,-0.07347055524587631,0.9999830722808838,0.4627194404602051,0.23012864589691162,-0.06884333491325378,0.9999815225601196,0.4889272153377533,0.3065837025642395,-0.009136245585978031,0.9999783039093018,0.3462119996547699,0.26340967416763306,0.17920468747615814,0.999950647354126,0.3904580771923065,0.30990201234817505,-0.2694600224494934,0.9390612840652466,0.3839865028858185,0.13670119643211365,-0.009486310184001923,0.9899933934211731,0.31256991624832153,0.2788473963737488,-0.5583033561706543,0.9642059206962585,0.5280619859695435,0.07782495021820068,-0.18543432652950287,0.9901407361030579,0.28706198930740356,0.26833468675613403,-0.6411493420600891,0.9544938206672668,0.5688297748565674,0.06324908137321472,-0.2570676803588867,0.975654125213623,0.28752607107162476,0.263735294342041,-0.6312016248703003,0.9531135559082031,0.5765101909637451,0.06739875674247742,-0.23081280291080475,0.9726313352584839,0.2930121123790741,0.27006781101226807,-0.557812511920929,0.9133172631263733,0.5636773705482483,0.07546329498291016,-0.1871826946735382,0.9643803238868713,0.3864470422267914,0.5055466294288635,-0.0648980513215065,0.9999791383743286,0.2917248010635376,0.5088597536087036,0.06440230458974838,0.999987006187439,0.5290014743804932,0.6664144396781921,-0.13009384274482727,0.7860704064369202,0.28447476029396057,0.6838070154190063,-0.028608333319425583,0.8536946177482605,0.5913963317871094,0.8023101091384888,0.24157404899597168,0.630668580532074,0.4136512875556946,0.7980209589004517,0.4423503875732422,0.5407349467277527,0.5899418592453003,0.8185597658157349,0.2731087803840637,0.3594817519187927,0.44374656677246094,0.825857400894165,0.4907873272895813,0.4862235188484192,0.6182030439376831,0.8590978384017944,0.1054108515381813,0.6755969524383545,0.36990267038345337,0.8491861820220947,0.3719302713871002,0.5577701330184937
aug_0_47.png,kathak,0.5493355989456177,0.3882558345794678,-0.398843914270401,0.9998871088027954,0.5687282085418701,0.3704186975955963,-0.32499057054519653,0.9997534155845642,0.5821088552474976,0.37205564975738525,-0.32560625672340393,0.9996104836463928,0.5935496091842651,0.37390509247779846,-0.32564854621887207,0.9996974468231201,0.5341245532035828,0.36838653683662415,-0.3494682013988495,0.9999159574508667,0.5219669342041016,0.36852043867111206,-0.3503638505935669,0.999920129776001,0.512183666229248,0.36891970038414,-0.3508797287940979,0.9999395608901978,0.6022189259529114,0.3829328417778015,0.009902805089950562,0.9997815489768982,0.4935499429702759,0.3795154094696045,-0.1037214919924736,0.9998051524162292,0.5689133405685425,0.4098086953163147,-0.2715339660644531,0.9993231296539307,0.5269917249679565,0.4093329608440399,-0.308998167514801,0.9995889067649841,0.6663275361061096,0.47993403673171997,0.206477552652359,0.9980046153068542,0.44197550415992737,0.49570411443710327,-0.14691844582557678,0.9986322522163391,0.8225395083427429,0.35607555508613586,0.12086357921361923,0.8894505500793457,0.3443829417228699,0.5328604578971863,-0.7534195780754089,0.6174356341362,0.7829944491386414,0.22795969247817993,-0.11517265439033508,0.8840612769126892,0.33758795261383057,0.43286794424057007,-1.5155986547470093,0.9422504305839539,0.7757888436317444,0.18520355224609375,-0.17216545343399048,0.8594892024993896,0.3263380527496338,0.40658801794052124,-1.6947054862976074,0.9397141337394714,0.7486968040466309,0.17904996871948242,-0.18022248148918152,0.8564465641975403,0.3391120433807373,0.3924548625946045,-1.6713106632232666,0.9366196393966675,0.746265709400177,0.19453752040863037,-0.12774229049682617,0.8505761027336121,0.3504847586154938,0.4042191803455353,-1.5303210020065308,0.9162597060203552,0.6329968571662903,0.7793189287185669,0.16102737188339233,0.9927869439125061,0.48523250222206116,0.7614799737930298,-0.16147276759147644,0.9934515953063965,0.8449316024780273,0.9255736470222473,0.11845938116312027,0.16538414359092712,0.6061968803405762,0.8779102563858032,-0.7055214643478394,0.2638630270957947,0.6100389957427979,0.9702814221382141,0.47602930665016174,0.02581222914159298,0.5378637313842773,1.0503332614898682,-0.26619523763656616,0.038515735417604446,0.6023246049880981,1.0094088315963745,0.500690221786499,0.050094809383153915,0.5195178389549255,1.0767438411712646,-0.22002696990966797,0.04870862141251564,0.6021057367324829,0.9809825420379639,0.3310891091823578,0.019162509590387344,0.5621771812438965,1.1080290079116821,-0.38489383459091187,0.020866960287094116
aug_0_6491.png,kathak,0.5399280190467834,0.3549047112464905,0.15074579417705536,0.9993593096733093,0.5338457226753235,0.33383944630622864,0.1350787878036499,0.9996383190155029,0.5308759212493896,0.331315279006958,0.13462920486927032,0.9996683597564697,0.5281446576118469,0.3290422260761261,0.1346367448568344,0.9997705817222595,0.538976788520813,0.33795684576034546,0.1192767322063446,0.9996756315231323,0.53974848985672,0.33849355578422546,0.11896232515573502,0.9997022747993469,0.5406233072280884,0.3392963409423828,0.11889849603176117,0.9997405409812927,0.5126560926437378,0.32866352796554565,0.07418172061443329,0.9998675584793091,0.5301605463027954,0.3427974283695221,0.0034014577977359295,0.9993308782577515,0.5312200784683228,0.3689079284667969,0.13867393136024475,0.9991497993469238,0.5367302894592285,0.37328091263771057,0.1149086281657219,0.9987360835075378,0.4466284513473511,0.3735341429710388,0.04905088245868683,0.9999710321426392,0.5235810875892639,0.4191361665725708,-0.04508931189775467,0.9997957348823547,0.39359891414642334,0.30429452657699585,0.13192716240882874,0.9463749527931213,0.5999587774276733,0.3931523859500885,-0.037664394825696945,0.9113430976867676,0.3481958508491516,0.22143591940402985,0.1970955729484558,0.9762686491012573,0.6572573184967041,0.31977975368499756,0.012866882607340813,0.9720048308372498,0.3379628658294678,0.19419966638088226,0.20417173206806183,0.9712925553321838,0.6628136038780212,0.2916072607040405,-0.0015063206665217876,0.9727758765220642,0.34376052021980286,0.18964415788650513,0.1935463398694992,0.9701358079910278,0.6562768220901489,0.28430378437042236,0.006591135170310736,0.9721689820289612,0.34808236360549927,0.2008838653564453,0.19777700304985046,0.9452061057090759,0.6543773412704468,0.2953968048095703,0.01586286537349224,0.9421992301940918,0.43536311388015747,0.6794318556785583,0.04229263216257095,0.9995865225791931,0.48963215947151184,0.702174186706543,-0.04283171892166138,0.9994474053382874,0.40538737177848816,0.8632396459579468,0.17702440917491913,0.309794157743454,0.4819926917552948,0.8578124642372131,-0.07382137328386307,0.7393823862075806,0.3767010569572449,0.9376082420349121,-0.00036714834277518094,0.47273629903793335,0.42239829897880554,0.9390830397605896,-0.3526160418987274,0.7310596108436584,0.3684769868850708,0.9521313309669495,-0.023069364950060844,0.8932948708534241,0.42938995361328125,1.0119221210479736,-0.3807808458805084,0.9192660450935364,0.35011446475982666,0.960979700088501,-0.0679815262556076,0.5838030576705933,0.4411191940307617,1.0209486484527588,-0.43957647681236267,0.7678819298744202
aug_0_3205.png,kathak,0.4468185305595398,0.39916470646858215,-0.2597161829471588,0.9999892711639404,0.451212614774704,0.38532084226608276,-0.25160467624664307,0.9999723434448242,0.4539530277252197,0.3865569829940796,-0.25183165073394775,0.9999697208404541,0.4568929076194763,0.3880704343318939,-0.2518584728240967,0.9999624490737915,0.44317013025283813,0.3803926110267639,-0.24688464403152466,0.9999854564666748,0.43930938839912415,0.3775675594806671,-0.2471679300069809,0.9999867677688599,0.43520990014076233,0.3748084604740143,-0.24730761349201202,0.999985933303833,0.4525223970413208,0.3925379812717438,-0.17312413454055786,0.9999510049819946,0.42521852254867554,0.37498462200164795,-0.15394559502601624,0.9999527931213379,0.44697946310043335,0.41107407212257385,-0.2261783927679062,0.9996933937072754,0.43689045310020447,0.406931072473526,-0.22224034368991852,0.9998552799224854,0.44653594493865967,0.45292970538139343,-0.15116830170154572,0.9997500777244568,0.4024752080440521,0.45116204023361206,-0.049371927976608276,0.9998656511306763,0.3697817623615265,0.40870460867881775,-0.16201406717300415,0.7998250722885132,0.3943718671798706,0.5122841000556946,-0.07486911863088608,0.41933974623680115,0.3821325898170471,0.31720834970474243,-0.16871203482151031,0.9024679064750671,0.3973788022994995,0.5604352355003357,-0.18551771342754364,0.17443136870861053,0.3947812020778656,0.3053462505340576,-0.19303235411643982,0.9130943417549133,0.39913836121559143,0.5820169448852539,-0.20617499947547913,0.19644547998905182,0.39904093742370605,0.3048389256000519,-0.19911250472068787,0.9169800877571106,0.40434733033180237,0.5807775259017944,-0.22382481396198273,0.2149917036294937,0.3953368663787842,0.3097699284553528,-0.17175163328647614,0.8800100684165955,0.4045502841472626,0.5726631283760071,-0.19598127901554108,0.20479674637317657,0.4508461654186249,0.6195220351219177,-0.02481159009039402,0.9999086856842041,0.42180290818214417,0.6261765360832214,0.02465522103011608,0.9999285936355591,0.519415020942688,0.7615589499473572,-0.05384887009859085,0.8761908411979675,0.40971922874450684,0.7538283467292786,-0.006364781875163317,0.7530129551887512,0.605363667011261,0.838671088218689,-0.03635592386126518,0.9208645224571228,0.3731320798397064,0.8691256046295166,0.0802857056260109,0.7749307155609131,0.6138381958007812,0.854240894317627,-0.040921252220869064,0.7955703139305115,0.37097400426864624,0.8877534866333008,0.08553830534219742,0.545812726020813,0.616288423538208,0.8737103343009949,-0.1334277093410492,0.9317232370376587,0.35985803604125977,0.9052407741546631,0.012205465696752071,0.7775402665138245
aug_0_2956.png,kathak,0.4793325662612915,0.03233179450035095,-0.469089537858963,0.9999994039535522,0.4900343418121338,0.01318630576133728,-0.39740410447120667,0.9999994039535522,0.4993896782398224,0.012966364622116089,-0.3979184627532959,0.9999990463256836,0.5075773596763611,0.012413233518600464,-0.397792786359787,0.9999992847442627,0.46066293120384216,0.013555377721786499,-0.4584802985191345,0.9999996423721313,0.4510374367237091,0.013683497905731201,-0.4591720998287201,0.9999996423721313,0.44035133719444275,0.013973861932754517,-0.4594716429710388,0.9999996423721313,0.5030278563499451,0.01561322808265686,-0.043438296765089035,0.9999988079071045,0.41702309250831604,0.019291967153549194,-0.3127550780773163,0.9999982118606567,0.4932005703449249,0.04878699779510498,-0.32983022928237915,0.9999912977218628,0.460898756980896,0.04684305191040039,-0.4112837612628937,0.9999923706054688,0.5216062664985657,0.09091697633266449,0.33693891763687134,0.9999157190322876,0.39046475291252136,0.1187572106719017,-0.4307778775691986,0.9998754262924194,0.6239363551139832,0.1409561038017273,0.4272167384624481,0.5307042598724365,0.5477248430252075,0.18535766005516052,-0.5970051288604736,0.9733447432518005,0.7399089932441711,0.16392183303833008,0.1077822670340538,0.7497667670249939,0.7537542581558228,0.20949573814868927,-0.6150545477867126,0.9789213538169861,0.761784017086029,0.14763441681861877,0.08013331890106201,0.7808375954627991,0.7946873903274536,0.20137038826942444,-0.709132730960846,0.9631219506263733,0.7614293098449707,0.14594224095344543,0.01141060795634985,0.7921444177627563,0.7914115786552429,0.19608637690544128,-0.6912748217582703,0.9625271558761597,0.7510524392127991,0.15799932181835175,0.07255909591913223,0.7787464261054993,0.774998664855957,0.1997203826904297,-0.6077544689178467,0.9418733716011047,0.4957401752471924,0.3370332419872284,0.24488548934459686,0.9998997449874878,0.4144739806652069,0.34439030289649963,-0.24544793367385864,0.9998571872711182,0.6774765253067017,0.42364880442619324,0.0007009034743532538,0.5002619028091431,0.6869547367095947,0.3991766571998596,-0.5350044965744019,0.6890550255775452,0.5599610209465027,0.6481150388717651,-0.016075292602181435,0.23926295340061188,0.7560499310493469,0.5911003947257996,-0.3559061586856842,0.3767068088054657,0.5210281610488892,0.6714553833007812,-0.02571587823331356,0.2964063286781311,0.7405638694763184,0.6283101439476013,-0.33529096841812134,0.41670456528663635,0.5860131978988647,0.7187464237213135,-0.14448939263820648,0.25022509694099426,0.861470103263855,0.6307917833328247,-0.4006817936897278,0.4067932069301605
aug_0_6622.png,kathak,0.7036004662513733,0.26898354291915894,-0.1919703185558319,0.9999909400939941,0.7162408232688904,0.2612990736961365,-0.16602519154548645,0.9999914169311523,0.7198389768600464,0.26308974623680115,-0.16655226051807404,0.9999853372573853,0.7235733866691589,0.2647388279438019,-0.16659295558929443,0.9999926090240479,0.7017245292663574,0.25388169288635254,-0.15387551486492157,0.9999934434890747,0.6959713697433472,0.25068914890289307,-0.1543525606393814,0.9999892711639404,0.6871995329856873,0.24669405817985535,-0.15458156168460846,0.9999951124191284,0.7103632688522339,0.26821041107177734,-0.034575652331113815,0.9999834299087524,0.6615378260612488,0.24233151972293854,0.020189279690384865,0.9999760389328003,0.6939080357551575,0.28286707401275635,-0.1379920393228531,0.9999663829803467,0.678634762763977,0.2734743356704712,-0.12698446214199066,0.9999690055847168,0.6757236123085022,0.34831517934799194,-0.15298274159431458,0.9999063014984131,0.5438735485076904,0.297002911567688,0.19537590444087982,0.9999082088470459,0.49954214692115784,0.3868638575077057,-0.2417488992214203,0.8016064763069153,0.41940388083457947,0.24477805197238922,0.17806197702884674,0.7192920446395874,0.34904348850250244,0.36109691858291626,-0.32880520820617676,0.8265091180801392,0.3026837408542633,0.17703375220298767,0.05569930002093315,0.8933926820755005,0.31838154792785645,0.3479505777359009,-0.3755188286304474,0.8190175890922546,0.2772510051727295,0.15837359428405762,0.04450064152479172,0.876539945602417,0.3157528042793274,0.33657196164131165,-0.35924118757247925,0.8150033950805664,0.27535924315452576,0.15317952632904053,-0.0025502515491098166,0.8867049813270569,0.32294219732284546,0.3424798250198364,-0.3193828761577606,0.6893521547317505,0.2862023711204529,0.16263937950134277,0.02805003896355629,0.8825649619102478,0.5674000382423401,0.5336169004440308,-0.09567801654338837,0.9999712705612183,0.4828207194805145,0.5271239876747131,0.0950971394777298,0.9999899864196777,0.6240378618240356,0.714038074016571,-0.261517196893692,0.28987497091293335,0.37444597482681274,0.6926878094673157,-0.07775063812732697,0.7115153074264526,0.796095073223114,0.6719592213630676,0.029581479728221893,0.041474804282188416,0.6146398782730103,0.7972745895385742,0.15828202664852142,0.250177800655365,0.8189408183097839,0.6656112670898438,0.06403817236423492,0.07206828147172928,0.661696195602417,0.7890086770057678,0.19149811565876007,0.3624049723148346,0.8199747204780579,0.6670377850532532,0.04418050870299339,0.07277819514274597,0.6380714774131775,0.820334792137146,0.15266095101833344,0.17572322487831116
aug_0_4773.png,kuchipudi,0.65006023645401,0.1343896985054016,-0.3800022304058075,0.9999439716339111,0.6671255826950073,0.10734105110168457,-0.3612881600856781,0.9997443556785583,0.6766743659973145,0.10782516002655029,-0.3616253435611725,0.9997016787528992,0.6864310503005981,0.10929018259048462,-0.3615717887878418,0.9997377991676331,0.6510592103004456,0.10793328285217285,-0.3414968252182007,0.9998961687088013,0.6476801037788391,0.10856759548187256,-0.3422013521194458,0.9999260902404785,0.6445881724357605,0.10907673835754395,-0.3425895869731903,0.9999419450759888,0.7126612067222595,0.12541085481643677,-0.25476256012916565,0.9998419284820557,0.6604347825050354,0.12307971715927124,-0.1581668108701706,0.9999381303787231,0.6672334671020508,0.16798096895217896,-0.3396616578102112,0.9999299049377441,0.6494967341423035,0.1652737855911255,-0.31458041071891785,0.9999426603317261,0.8028206825256348,0.3211803734302521,-0.19836392998695374,0.9998006224632263,0.6121318340301514,0.3143957257270813,-0.08281803131103516,0.9999524354934692,0.813180148601532,0.5654363036155701,-0.18136228621006012,0.9618020057678223,0.45851460099220276,0.39417633414268494,-0.12640689313411713,0.9906167387962341,0.8673844933509827,0.758095920085907,-0.22841724753379822,0.9223695397377014,0.30624696612358093,0.4159122109413147,-0.290562242269516,0.9944434762001038,0.8955864310264587,0.7541166543960571,-0.23606149852275848,0.8840200901031494,0.26411762833595276,0.4606077969074249,-0.318537175655365,0.9843198657035828,0.9037101864814758,0.7574006915092468,-0.3027860224246979,0.9040493369102478,0.27078941464424133,0.46522951126098633,-0.3675336241722107,0.9866532683372498,0.8861916065216064,0.7650400996208191,-0.2565285563468933,0.9125889539718628,0.28935790061950684,0.45360100269317627,-0.318659245967865,0.986844539642334,0.7107167840003967,0.7075127959251404,-0.03891885280609131,0.9996949434280396,0.6163285970687866,0.6511090397834778,0.038323041051626205,0.9999171495437622,0.7433539032936096,0.7658689618110657,-0.5604281425476074,0.9908586144447327,0.47016602754592896,0.4577237069606781,-0.29916009306907654,0.9658932685852051,0.592083215713501,0.8102108240127563,-0.1093316525220871,0.4032536745071411,0.3735196888446808,0.7711063027381897,-0.14352765679359436,0.7848685383796692,0.5843275189399719,0.7875868678092957,-0.05949844419956207,0.4422861635684967,0.39391931891441345,0.8393433690071106,-0.12675988674163818,0.6276262998580933,0.5158125162124634,0.8364942073822021,-0.08065127581357956,0.414544016122818,0.26675722002983093,0.8568345308303833,-0.19707608222961426,0.7137719392776489
aug_0_5448.png,kuchipudi,0.4679856598377228,0.25849321484565735,-0.41148626804351807,0.9999966621398926,0.46427077054977417,0.22954005002975464,-0.37206873297691345,0.9999868869781494,0.4704860746860504,0.22519713640213013,-0.3725055158138275,0.9999881982803345,0.4768390357494354,0.220743790268898,-0.37248915433883667,0.9999889135360718,0.4408588409423828,0.24460601806640625,-0.3768303692340851,0.9999912977218628,0.4326307475566864,0.2522455155849457,-0.3773666322231293,0.9999920129776001,0.424968421459198,0.26135146617889404,-0.37755799293518066,0.9999891519546509,0.4788385033607483,0.230749249458313,-0.20206773281097412,0.9999920129776001,0.41268712282180786,0.29259055852890015,-0.21430352330207825,0.9999771118164062,0.4902338683605194,0.284415602684021,-0.34862563014030457,0.9999679327011108,0.46449992060661316,0.3055640161037445,-0.35589438676834106,0.9999566078186035,0.5876632928848267,0.37004145979881287,-0.1513614058494568,0.9999672174453735,0.399020254611969,0.4449406862258911,-0.1963566541671753,0.9996601343154907,0.7216983437538147,0.33236411213874817,-0.26164519786834717,0.9818537831306458,0.2641490399837494,0.42347052693367004,-0.33060041069984436,0.9970364570617676,0.8506629467010498,0.29248863458633423,-0.4433624744415283,0.9709585309028625,0.16622665524482727,0.2731468081474304,-0.47085192799568176,0.993669331073761,0.8749627470970154,0.2695447504520416,-0.4586334228515625,0.9599291682243347,0.16294258832931519,0.21962255239486694,-0.5089216232299805,0.9873867630958557,0.876295804977417,0.254585325717926,-0.5068224668502808,0.9647617340087891,0.16506114602088928,0.1939980387687683,-0.5116792917251587,0.9876129031181335,0.86725914478302,0.2724725902080536,-0.4677172303199768,0.9689975380897522,0.17124664783477783,0.2087325006723404,-0.48268455266952515,0.9878646731376648,0.6097159385681152,0.7766698002815247,0.02812977321445942,0.998460054397583,0.4851701855659485,0.7880210876464844,-0.02840772271156311,0.9983460903167725,0.812367856502533,0.738246500492096,-0.19003258645534515,0.8501666784286499,0.3825118839740753,0.8599587678909302,-0.31145602464675903,0.9449672102928162,0.6588717699050903,0.8876228332519531,-0.18867330253124237,0.3752921223640442,0.2227056324481964,0.9623672962188721,-0.25438743829727173,0.7179985046386719,0.648052990436554,0.8761811256408691,-0.18751424551010132,0.5905182957649231,0.20094481110572815,0.9683270454406738,-0.2409762293100357,0.7341551780700684,0.55801922082901,0.9258734583854675,-0.23077356815338135,0.4355951249599457,0.14078989624977112,0.9657188057899475,-0.24703364074230194,0.6811873316764832
aug_0_6644.png,kuchipudi,0.5600941181182861,0.2517405152320862,-0.4416370391845703,0.9999865293502808,0.5771675705909729,0.22877740859985352,-0.4217076897621155,0.9999758005142212,0.5912601351737976,0.22841575741767883,-0.4224199950695038,0.9999737739562988,0.6014111042022705,0.22907668352127075,-0.42233213782310486,0.9999819993972778,0.5459675192832947,0.23113346099853516,-0.39353302121162415,0.999970555305481,0.5383853912353516,0.23163068294525146,-0.39424046874046326,0.9999651908874512,0.5290215015411377,0.23214775323867798,-0.394459992647171,0.9999698400497437,0.6251291632652283,0.2351943999528885,-0.27831777930259705,0.9999772310256958,0.5227876305580139,0.2369999885559082,-0.1494721919298172,0.9998577833175659,0.5817844271659851,0.2663904130458832,-0.37906545400619507,0.9999170303344727,0.5466373562812805,0.26881906390190125,-0.3476376533508301,0.9998788833618164,0.7026926875114441,0.3379147946834564,-0.28176116943359375,0.9999403953552246,0.4587896466255188,0.33148428797721863,0.025874897837638855,0.9997591376304626,0.6026802062988281,0.4402732849121094,-0.4516409933567047,0.9628751873970032,0.26516568660736084,0.3097844421863556,-0.08715437352657318,0.8953773975372314,0.41023683547973633,0.42231547832489014,-0.6456367373466492,0.9772551655769348,0.2402806580066681,0.1728419065475464,-0.3662308156490326,0.9711810946464539,0.3794058859348297,0.4006142020225525,-0.715406060218811,0.9768419861793518,0.1922902762889862,0.14955681562423706,-0.43997085094451904,0.9676423072814941,0.3842618465423584,0.3913941979408264,-0.7124022841453552,0.977161705493927,0.19546815752983093,0.1471225619316101,-0.4503031373023987,0.9680326581001282,0.39404577016830444,0.4005463421344757,-0.6427631974220276,0.9618490934371948,0.2185172140598297,0.15543100237846375,-0.38853853940963745,0.9676689505577087,0.6518597602844238,0.6029370427131653,-0.03983708843588829,0.9989297986030579,0.5151299834251404,0.6115847826004028,0.039424583315849304,0.9989258646965027,0.7842509746551514,0.7361325025558472,-0.2696217894554138,0.26830780506134033,0.5283294916152954,0.7827606201171875,-0.08813701570034027,0.15293313562870026,0.8178502321243286,0.9445628523826599,-0.07540839910507202,0.14394940435886383,0.5849170088768005,0.9540764689445496,0.1877155750989914,0.06865023821592331,0.8095584511756897,0.9718018770217896,-0.0672452300786972,0.1605660617351532,0.6027408838272095,0.979561448097229,0.20680546760559082,0.06653032451868057,0.8858386874198914,0.9661188125610352,-0.23647795617580414,0.15925933420658112,0.5922560691833496,1.0107953548431396,0.05057792365550995,0.06362225115299225
aug_0_4186.png,kuchipudi,0.6071344614028931,0.3982395529747009,-0.02426484413444996,0.9999858140945435,0.6175363063812256,0.3732035756111145,0.03806488960981369,0.9999784231185913,0.6243761777877808,0.3745597004890442,0.03785373270511627,0.9999698400497437,0.6296618580818176,0.37555402517318726,0.03799531236290932,0.9999765157699585,0.5913033485412598,0.36416083574295044,0.010107365436851978,0.9999818801879883,0.5782907605171204,0.36038434505462646,0.009691590443253517,0.999981164932251,0.5647138357162476,0.35700833797454834,0.009690430946648121,0.9999829530715942,0.6133413314819336,0.3840290606021881,0.3200671374797821,0.9999841451644897,0.5258328318595886,0.3640417456626892,0.1874142289161682,0.9999616146087646,0.6039807796478271,0.42612165212631226,0.08147423714399338,0.9999799728393555,0.574862539768219,0.4194101095199585,0.03930175304412842,0.9999758005142212,0.6234318017959595,0.5424038171768188,0.3625531494617462,0.9999829530715942,0.41563501954078674,0.4724390208721161,0.16981470584869385,0.9999608993530273,0.7490524053573608,0.6906102895736694,0.07568157464265823,0.9932767152786255,0.2580459713935852,0.5740399360656738,-0.13561101257801056,0.9882650375366211,0.607704758644104,0.6203401684761047,-0.42874693870544434,0.9948322772979736,0.43258652091026306,0.6164864897727966,-0.47116759419441223,0.983922004699707,0.5974462032318115,0.5728533267974854,-0.511449933052063,0.991304874420166,0.49073293805122375,0.6323095560073853,-0.5536584854125977,0.9669487476348877,0.5784557461738586,0.5621944665908813,-0.4804716408252716,0.9902958273887634,0.5107258558273315,0.6232073307037354,-0.5070233941078186,0.9609822034835815,0.570584774017334,0.5879325866699219,-0.4227448105812073,0.9830697774887085,0.5011550784111023,0.6255033016204834,-0.4569888412952423,0.9393745064735413,0.5359266996383667,0.8582799434661865,0.0719994306564331,0.9997525811195374,0.3636763095855713,0.8366145491600037,-0.07251998037099838,0.9997290968894958,0.747965931892395,0.8513464331626892,-0.33391380310058594,0.9094234108924866,0.11656218022108078,0.8179820775985718,-0.5870376229286194,0.9698517918586731,0.5188575983047485,1.0392389297485352,-0.1484483927488327,0.10387792438268661,0.3976689577102661,1.0206135511398315,-0.42871013283729553,0.219601571559906,0.4791768789291382,0.9732354879379272,-0.12333101779222488,0.16595803201198578,0.4337352514266968,0.9744393825531006,-0.40266257524490356,0.2319163680076599,0.4586005210876465,1.0919198989868164,-0.2574205696582794,0.06547404825687408,0.5002241134643555,1.0844182968139648,-0.5574024319648743,0.1143283024430275
aug_0_8100.png,kuchipudi,0.39938196539878845,0.23941969871520996,-0.43803587555885315,0.999901294708252,0.40705978870391846,0.204973965883255,-0.40217265486717224,0.9998774528503418,0.41782402992248535,0.2044023871421814,-0.4025669991970062,0.9998144507408142,0.42823463678359985,0.20445343852043152,-0.40255749225616455,0.9998908042907715,0.37403738498687744,0.20874160528182983,-0.40703681111335754,0.9999175071716309,0.36188778281211853,0.2110075056552887,-0.40757888555526733,0.999893307685852,0.3513340353965759,0.21380391716957092,-0.407845675945282,0.9999258518218994,0.4332801103591919,0.21726486086845398,-0.20651696622371674,0.9999396800994873,0.33262091875076294,0.23526149988174438,-0.22212542593479156,0.9998425245285034,0.41510385274887085,0.26715219020843506,-0.36112165451049805,0.9996553659439087,0.37628206610679626,0.2764364182949066,-0.3687308132648468,0.9994592070579529,0.5101037621498108,0.3415563404560089,-0.1249842718243599,0.9998308420181274,0.3004069924354553,0.41598910093307495,-0.1951996088027954,0.9989249110221863,0.6783885955810547,0.20680001378059387,-0.2062089890241623,0.9855514764785767,0.2923066020011902,0.502573549747467,-0.38480833172798157,0.9684024453163147,0.5145605802536011,0.2114849090576172,-0.19867785274982452,0.5545141696929932,0.4113640785217285,0.3939647078514099,-0.5414386987686157,0.9287027716636658,0.48703262209892273,0.24922063946723938,-0.2092546969652176,0.28861135244369507,0.45092466473579407,0.35147640109062195,-0.5910797119140625,0.8171043395996094,0.4842573404312134,0.2594490349292755,-0.17489410936832428,0.248626247048378,0.4562551975250244,0.3482837677001953,-0.5470185875892639,0.7716002464294434,0.49422091245651245,0.26013442873954773,-0.1830834448337555,0.2546406090259552,0.45419618487358093,0.3624448776245117,-0.5264434814453125,0.6694713234901428,0.49547576904296875,0.7355005145072937,-0.0035312229301780462,0.9995912909507751,0.35845643281936646,0.7291789054870605,0.003012042958289385,0.9993537068367004,0.6639188528060913,0.8404078483581543,-0.27900564670562744,0.8621343970298767,0.16421446204185486,0.9396825432777405,-0.14122335612773895,0.7144299745559692,0.4342339336872101,0.9027175903320312,0.029571257531642914,0.06269888579845428,0.19776475429534912,0.930582582950592,0.24984459578990936,0.03036441281437874,0.4032926559448242,0.8884540796279907,0.07045833021402359,0.08486931771039963,0.21409571170806885,0.9219677448272705,0.3042084872722626,0.056584421545267105,0.36259424686431885,0.9467804431915283,0.07538029551506042,0.034249197691679,0.1860019564628601,0.9676711559295654,0.3516870439052582,0.020492522045969963
aug_0_2040.png,kuchipudi,0.6051766276359558,0.2219131588935852,-0.2896309792995453,0.9999402761459351,0.6208489537239075,0.20428431034088135,-0.273132860660553,0.9998902082443237,0.6260635852813721,0.2069329023361206,-0.2735474407672882,0.999861478805542,0.6320569515228271,0.21041539311408997,-0.27342623472213745,0.9999212026596069,0.61054527759552,0.19976145029067993,-0.25507789850234985,0.9999104738235474,0.6083172559738159,0.19877192378044128,-0.2555391490459442,0.9999120235443115,0.6063069701194763,0.19768179953098297,-0.255709707736969,0.9999297857284546,0.6489681601524353,0.23103845119476318,-0.1738012731075287,0.9999233484268188,0.6159290671348572,0.21201255917549133,-0.08949010819196701,0.999760091304779,0.6100048422813416,0.24779754877090454,-0.2495528608560562,0.9999270439147949,0.59873366355896,0.2409842312335968,-0.2284223586320877,0.9998985528945923,0.6886171102523804,0.36820024251937866,-0.10885080695152283,0.9998337030410767,0.5576795935630798,0.2945172190666199,0.000971989007666707,0.9996482133865356,0.7891753315925598,0.45761752128601074,-0.056292954832315445,0.9775047898292542,0.4740137755870819,0.19818568229675293,0.005369110032916069,0.9632278680801392,0.7436013221740723,0.49520787596702576,-0.12408776581287384,0.9821351766586304,0.3914446234703064,0.10485038161277771,-0.14274612069129944,0.9922536015510559,0.7201225161552429,0.5060106515884399,-0.13971132040023804,0.972881019115448,0.37735414505004883,0.05667674541473389,-0.1829296201467514,0.9872922897338867,0.7092257142066956,0.4895704686641693,-0.17380940914154053,0.9728900194168091,0.3831977844238281,0.04547119140625,-0.21116915345191956,0.9878395199775696,0.7146828770637512,0.4897848069667816,-0.13539859652519226,0.962925136089325,0.3863289952278137,0.06605356931686401,-0.16279323399066925,0.986443042755127,0.5854390859603882,0.6538308262825012,-0.021731192246079445,0.9997578263282776,0.5037878751754761,0.6088792681694031,0.02131994254887104,0.999798595905304,0.6968657374382019,0.7498289346694946,-0.34860652685165405,0.9647716879844666,0.3840872645378113,0.4796426296234131,-0.3007436692714691,0.9589482545852661,0.5510076880455017,0.7881914973258972,-0.1011633351445198,0.6106432676315308,0.37168431282043457,0.7285739183425903,-0.25280240178108215,0.8863834738731384,0.5346287488937378,0.773959755897522,-0.07751137763261795,0.5703521370887756,0.3886525630950928,0.7672956585884094,-0.24890397489070892,0.8564647436141968,0.4948789179325104,0.7951352000236511,-0.17892061173915863,0.524089515209198,0.28733131289482117,0.7699825167655945,-0.36873769760131836,0.8135172724723816
aug_0_4185.png,kuchipudi,0.7373388409614563,0.24910283088684082,-0.6174877285957336,0.9999473094940186,0.7543303966522217,0.22684264183044434,-0.5786374807357788,0.9997666478157043,0.7651486992835999,0.2292557656764984,-0.5789504051208496,0.9996044039726257,0.7746620178222656,0.23218926787376404,-0.5789035558700562,0.9996294975280762,0.7276393175125122,0.22408366203308105,-0.5755259990692139,0.9999417066574097,0.7200674414634705,0.22366446256637573,-0.576163649559021,0.9999494552612305,0.7119216322898865,0.22357329726219177,-0.5765052437782288,0.9999659061431885,0.7864804863929749,0.2446964681148529,-0.35573962330818176,0.999666690826416,0.6991385817527771,0.23560252785682678,-0.33393269777297974,0.9999291896820068,0.7515817880630493,0.2741434574127197,-0.5312398076057434,0.9996685981750488,0.7213455438613892,0.2694532871246338,-0.5278763771057129,0.9998520612716675,0.8077456951141357,0.36711907386779785,-0.23667992651462555,0.9992799162864685,0.6325337886810303,0.34902718663215637,-0.2100677788257599,0.9999213218688965,0.9366952180862427,0.38756629824638367,-0.39965012669563293,0.5823745727539062,0.4776573181152344,0.39040592312812805,-0.32645270228385925,0.9529326558113098,1.024680733680725,0.38407769799232483,-0.725832998752594,0.15223334729671478,0.46874165534973145,0.45548784732818604,-0.6455961465835571,0.9469006657600403,1.0559414625167847,0.38164395093917847,-0.801987886428833,0.194142147898674,0.4536620080471039,0.48449599742889404,-0.7233502864837646,0.9168167114257812,1.0456198453903198,0.3706536889076233,-0.8394137620925903,0.20632697641849518,0.4757714569568634,0.4776226580142975,-0.7570449113845825,0.9177678227424622,1.0311336517333984,0.3733288049697876,-0.7513719201087952,0.20688655972480774,0.4846259355545044,0.4686548709869385,-0.6683279275894165,0.8928972482681274,0.6802778840065002,0.6474749445915222,-0.03340672701597214,0.9996895790100098,0.5819054841995239,0.5973594188690186,0.03283112123608589,0.9999130964279175,0.7523919939994812,0.7971092462539673,-0.2182689607143402,0.6733591556549072,0.40370994806289673,0.6269814968109131,-0.1805763840675354,0.8435840010643005,0.5944994688034058,0.7609440684318542,0.24543479084968567,0.09033704549074173,0.18042755126953125,0.7356089949607849,-0.09458000212907791,0.8369863629341125,0.5750339031219482,0.7440984845161438,0.28883370757102966,0.11036457121372223,0.18468353152275085,0.7767125368118286,-0.08851662278175354,0.7616954445838928,0.5151312351226807,0.7829400300979614,0.2126937210559845,0.0709393098950386,0.05201542377471924,0.7588693499565125,-0.23140469193458557,0.707852303981781
aug_0_7802.png,kuchipudi,0.5583846569061279,0.14490920305252075,-0.7030985951423645,0.9999924898147583,0.5840032696723938,0.12370868772268295,-0.6822289228439331,0.9999860525131226,0.5988845825195312,0.12424463778734207,-0.6829007863998413,0.9999828338623047,0.610325276851654,0.1258687973022461,-0.682747483253479,0.9999892711639404,0.5495734810829163,0.1251526176929474,-0.6648674607276917,0.9999836683273315,0.5388811230659485,0.12483023852109909,-0.6654577255249023,0.9999775886535645,0.5300394296646118,0.12431654334068298,-0.6656988859176636,0.9999825954437256,0.6305761337280273,0.13386225700378418,-0.5135790705680847,0.9999810457229614,0.5292587280273438,0.12730997800827026,-0.43032944202423096,0.999893307685852,0.5792397260665894,0.1604592204093933,-0.6302816271781921,0.9999488592147827,0.5429697036743164,0.15739089250564575,-0.6113408803939819,0.9999226331710815,0.6838509440422058,0.23837998509407043,-0.44160929322242737,0.9999332427978516,0.44618457555770874,0.20671065151691437,-0.2721853256225586,0.9997583031654358,0.5546465516090393,0.30457043647766113,-0.6298570036888123,0.9356780052185059,0.2633688449859619,0.1624760925769806,-0.44161829352378845,0.9571589231491089,0.37367501854896545,0.27364540100097656,-0.8777825832366943,0.9653341770172119,0.2565351724624634,0.04602202773094177,-0.7371595501899719,0.9610405564308167,0.34649738669395447,0.2461736798286438,-0.9638025760650635,0.962319552898407,0.2264738380908966,0.015146940015256405,-0.8286842107772827,0.9464492797851562,0.3532102108001709,0.2382757067680359,-0.9655927419662476,0.9622626900672913,0.23351101577281952,0.014028400182723999,-0.8389704823493958,0.9479706287384033,0.3607946038246155,0.2483321875333786,-0.8799680471420288,0.9278110861778259,0.24820703268051147,0.02349245548248291,-0.7582257986068726,0.9395544528961182,0.5670244693756104,0.448531836271286,0.004210737533867359,0.9996428489685059,0.42965513467788696,0.4440845251083374,-0.004621671512722969,0.9996121525764465,0.7091881036758423,0.566777765750885,-0.2915782630443573,0.40419086813926697,0.3858396112918854,0.5780659317970276,-0.18973074853420258,0.2526879906654358,0.6853067278862,0.7512712478637695,-0.12309440970420837,0.4258291721343994,0.4113512635231018,0.7297343611717224,0.21045374870300293,0.13546322286128998,0.6554136276245117,0.778998076915741,-0.12152840942144394,0.3671715259552002,0.4295494556427002,0.7532237768173218,0.24212892353534698,0.11361271888017654,0.7790960073471069,0.791213870048523,-0.34276941418647766,0.4806419909000397,0.392691433429718,0.7769300937652588,0.07719455659389496,0.14795199036598206
aug_0_8455.png,kuchipudi,0.5372703671455383,0.17616400122642517,-0.4413721263408661,0.999995231628418,0.5526269674301147,0.15804842114448547,-0.41567835211753845,0.9999897480010986,0.5610048174858093,0.15944230556488037,-0.41621506214141846,0.9999890327453613,0.5707164406776428,0.1613142192363739,-0.4161536693572998,0.9999911785125732,0.5369271039962769,0.1543867588043213,-0.39407122135162354,0.999991774559021,0.53141850233078,0.15246838331222534,-0.39458608627319336,0.999992847442627,0.5265054106712341,0.15043354034423828,-0.3948867619037628,0.999992847442627,0.5926915407180786,0.169827401638031,-0.24245500564575195,0.9999922513961792,0.5270095467567444,0.15614181756973267,-0.14502333104610443,0.999974250793457,0.5497563481330872,0.19605998694896698,-0.37134024500846863,0.9999880790710449,0.52671879529953,0.1930055469274521,-0.3466092050075531,0.9999854564666748,0.6436198353767395,0.2534130811691284,-0.18283209204673767,0.9999911785125732,0.489338755607605,0.2722109258174896,0.05718044936656952,0.999954342842102,0.7140700817108154,0.36825451254844666,-0.15207940340042114,0.9859417080879211,0.41725292801856995,0.39195552468299866,-0.1194702610373497,0.9200738072395325,0.7990968227386475,0.4726717174053192,-0.26751384139060974,0.994408369064331,0.4596928656101227,0.32938602566719055,-0.570965051651001,0.9940576553344727,0.8136314749717712,0.5124445557594299,-0.317969411611557,0.9904934763908386,0.44108766317367554,0.3061486482620239,-0.6629028916358948,0.992143988609314,0.8136395215988159,0.515740692615509,-0.37090688943862915,0.9916125535964966,0.4575851559638977,0.2916209101676941,-0.675498902797699,0.9923598170280457,0.804578959941864,0.503429651260376,-0.2880224883556366,0.9865950345993042,0.46950820088386536,0.30189961194992065,-0.5904903411865234,0.9870057106018066,0.678537905216217,0.4857980012893677,-0.09952840954065323,0.9997261166572571,0.5909771919250488,0.510012149810791,0.09908265620470047,0.9996470212936401,0.669084906578064,0.6805440187454224,-0.1819966733455658,0.7152064442634583,0.5800122618675232,0.6929785013198853,0.006361124571412802,0.4997190535068512,0.6695970892906189,0.8667393326759338,0.1083565205335617,0.5855514407157898,0.5992167592048645,0.8773927688598633,0.22577685117721558,0.6584516167640686,0.6821620464324951,0.8795955777168274,0.12418100237846375,0.29695332050323486,0.6227436661720276,0.8984628915786743,0.23977598547935486,0.5629136562347412,0.6373823285102844,0.9241151809692383,-0.09086036682128906,0.6220991015434265,0.5372757911682129,0.9229889512062073,0.056738536804914474,0.710099458694458
aug_0_842.png,kuchipudi,0.6016244292259216,0.36966925859451294,-0.15270976722240448,0.9999160766601562,0.594044029712677,0.35519906878471375,-0.12024720013141632,0.9996243715286255,0.5959201455116272,0.35429877042770386,-0.12066080421209335,0.9995606541633606,0.5980963706970215,0.3533113896846771,-0.1207469180226326,0.9996417760848999,0.5820131897926331,0.3574206233024597,-0.14488032460212708,0.9998892545700073,0.5742070078849792,0.35835641622543335,-0.14549192786216736,0.9999033212661743,0.5662776231765747,0.3591562807559967,-0.1457427740097046,0.999923586845398,0.5736129879951477,0.36344653367996216,0.03437253087759018,0.9997226595878601,0.5291318297386169,0.3710474669933319,-0.07537488639354706,0.999884843826294,0.602255642414093,0.38464272022247314,-0.09071658551692963,0.999866247177124,0.5867886543273926,0.3863387107849121,-0.12669973075389862,0.9999186992645264,0.6490833759307861,0.43375837802886963,0.01675640232861042,0.9999513626098633,0.48160868883132935,0.4752492308616638,0.02931477315723896,0.999910831451416,0.7635619044303894,0.4607639014720917,-0.15235546231269836,0.979788601398468,0.4611892104148865,0.5919662117958069,0.024676688015460968,0.9660271406173706,0.8019068241119385,0.3580765128135681,-0.44742152094841003,0.9895551204681396,0.3766745626926422,0.6844887733459473,-0.06585228443145752,0.9864593744277954,0.8006924390792847,0.32757091522216797,-0.4996969401836395,0.9801740646362305,0.35232606530189514,0.7205107808113098,-0.07564864307641983,0.9709008932113647,0.7949317693710327,0.3187246322631836,-0.5129615664482117,0.9813207983970642,0.3489242494106293,0.7221168279647827,-0.1412685513496399,0.9737876653671265,0.7931426763534546,0.332342267036438,-0.4622393846511841,0.9774355292320251,0.3625613749027252,0.707572877407074,-0.09655378013849258,0.9721060395240784,0.711031973361969,0.6349517107009888,-0.0350174680352211,0.9995513558387756,0.6091160178184509,0.6505282521247864,0.03434918448328972,0.9995680451393127,0.7004371285438538,0.8022571206092834,-0.10417469590902328,0.6582755446434021,0.5581350326538086,0.8028862476348877,-0.08482956141233444,0.25361600518226624,0.6829529404640198,0.9575045108795166,-0.0011348461266607046,0.34994983673095703,0.6107409000396729,0.9547904133796692,0.07569367438554764,0.1664814054965973,0.6838893294334412,0.971974790096283,0.0015512332320213318,0.15646401047706604,0.6310315132141113,0.9661016464233398,0.08585303276777267,0.10462857037782669,0.6730331182479858,1.0297465324401855,-0.13015173375606537,0.2877122163772583,0.5794393420219421,1.0236129760742188,-0.025762490928173065,0.12853838503360748
aug_0_1423.png,kuchipudi,0.5120953321456909,0.2607215940952301,-0.09495466947555542,0.991256594657898,0.5296841263771057,0.24781402945518494,-0.1132756695151329,0.9903578162193298,0.5318922400474548,0.2487391233444214,-0.11365362256765366,0.9883713126182556,0.5352656841278076,0.2504208981990814,-0.11375613510608673,0.9926203489303589,0.5303626656532288,0.24787674844264984,-0.07356181740760803,0.9901838898658752,0.5330373644828796,0.24919646978378296,-0.07387460023164749,0.9884862899780273,0.5355809330940247,0.25051167607307434,-0.07400932163000107,0.9939520955085754,0.5535366535186768,0.2700999677181244,-0.16624827682971954,0.995938777923584,0.5519937872886658,0.2689497768878937,0.016805611550807953,0.9871610403060913,0.5166681408882141,0.28753578662872314,-0.11066662520170212,0.9810102581977844,0.5171859264373779,0.28617438673973083,-0.05999399349093437,0.9804162383079529,0.5565175414085388,0.39138591289520264,-0.2776249051094055,0.9951667785644531,0.5176754593849182,0.3982062339782715,0.1370195597410202,0.994383692741394,0.44417399168014526,0.43017417192459106,-0.39552727341651917,0.5357417464256287,0.42872709035873413,0.46133655309677124,0.12709352374076843,0.0071314661763608456,0.3409484028816223,0.3843335509300232,-0.4016157388687134,0.27602919936180115,0.3359992504119873,0.3959258794784546,0.0010676361853256822,0.012490052729845047,0.3118669092655182,0.3798956274986267,-0.4444190561771393,0.33642542362213135,0.3047197461128235,0.3771887719631195,-0.003916437737643719,0.03617612645030022,0.31233859062194824,0.36693865060806274,-0.4246525764465332,0.3130090832710266,0.30323997139930725,0.3678981065750122,-0.03915567696094513,0.039996128529310226,0.3251877725124359,0.37065744400024414,-0.39355847239494324,0.1985773891210556,0.316569983959198,0.3753441274166107,-0.019949082285165787,0.04738498106598854,0.5755080580711365,0.6662794351577759,-0.11986548453569412,0.9998145699501038,0.5299670100212097,0.6648852229118347,0.11948096752166748,0.999839186668396,0.6690078973770142,0.7859577536582947,-0.25038185715675354,0.7510226964950562,0.5002313256263733,0.7176598310470581,0.14700330793857574,0.04741498455405235,0.8338571786880493,0.7622960209846497,-0.22921466827392578,0.448909193277359,0.5362614393234253,0.8174251317977905,0.07462026178836823,0.0974830910563469,0.8378161191940308,0.7394778728485107,-0.22875720262527466,0.5716848969459534,0.5544115304946899,0.8407483100891113,0.06663648784160614,0.27688708901405334,0.8393914699554443,0.8008177876472473,-0.26855993270874023,0.4678712785243988,0.5035578012466431,0.84347003698349,0.0357913114130497,0.15871870517730713
aug_0_3344.png,kuchipudi,0.6047900319099426,0.283588171005249,-0.0640089362859726,0.9999723434448242,0.6116610765457153,0.2583996057510376,-0.009387452155351639,0.9999598264694214,0.618944525718689,0.26006412506103516,-0.00961200799793005,0.9999405145645142,0.6261894106864929,0.26175403594970703,-0.009456029161810875,0.9999628067016602,0.5843617916107178,0.2500559091567993,-0.036631274968385696,0.9999688863754272,0.5707626342773438,0.24681472778320312,-0.037103522568941116,0.9999630451202393,0.5568283796310425,0.24524641036987305,-0.03719620406627655,0.9999741315841675,0.6122864484786987,0.27255064249038696,0.2350950390100479,0.9999608993530273,0.5230815410614014,0.2565543055534363,0.10720562189817429,0.99992835521698,0.6071023941040039,0.3155309855937958,0.027973709627985954,0.999966025352478,0.5745563507080078,0.30777403712272644,-0.01288114208728075,0.9999607801437378,0.6347490549087524,0.4405357241630554,0.2970386743545532,0.9999790191650391,0.42812424898147583,0.3845454156398773,0.09426696598529816,0.9999570846557617,0.767633318901062,0.5987074375152588,0.10202857106924057,0.9619408249855042,0.29557594656944275,0.5063261985778809,-0.11459024995565414,0.983977735042572,0.6250962018966675,0.5290540456771851,-0.342425674200058,0.975186824798584,0.4700387716293335,0.5505658388137817,-0.37851211428642273,0.9811029434204102,0.6093042492866516,0.4802216589450836,-0.4110749363899231,0.9700887799263,0.5257769823074341,0.5534507632255554,-0.4501877427101135,0.9620298743247986,0.5923742055892944,0.47473829984664917,-0.38919487595558167,0.9675438404083252,0.5397549867630005,0.5421280860900879,-0.4163179397583008,0.9558070302009583,0.5857718586921692,0.5038868188858032,-0.33736035227775574,0.9438656568527222,0.5327757596969604,0.5475383400917053,-0.36715057492256165,0.9278793931007385,0.5608159899711609,0.7567471861839294,0.06394549459218979,0.9998339414596558,0.4021318554878235,0.7462443113327026,-0.06441117823123932,0.9997805953025818,0.7713695764541626,0.7686417698860168,-0.267630010843277,0.8684216141700745,0.17963823676109314,0.7989295125007629,-0.6299843192100525,0.9197776913642883,0.5702962875366211,0.9572185277938843,-0.16574974358081818,0.21892833709716797,0.43258458375930786,0.8812933564186096,-0.14146947860717773,0.05715944245457649,0.5392171144485474,0.9614254832267761,-0.1498289853334427,0.2345294952392578,0.4679996371269226,0.8829977512359619,-0.07572511583566666,0.09229696542024612,0.5105844736099243,1.0048810243606567,-0.27371859550476074,0.14880646765232086,0.5246775150299072,0.9590237140655518,-0.114470936357975,0.039053142070770264
aug_0_9666.png,kuchipudi,0.40753254294395447,0.3297628164291382,-0.29098451137542725,0.999996542930603,0.4124707877635956,0.3102211058139801,-0.267476886510849,0.999994158744812,0.4218595027923584,0.3085838556289673,-0.26795369386672974,0.9999932050704956,0.42885202169418335,0.3076373040676117,-0.267864465713501,0.9999946355819702,0.3825819492340088,0.316447377204895,-0.26611408591270447,0.9999951124191284,0.3718733787536621,0.3186368942260742,-0.2665645480155945,0.9999947547912598,0.36289793252944946,0.32069140672683716,-0.26675933599472046,0.9999945163726807,0.43590307235717773,0.31278809905052185,-0.11412794888019562,0.9999971389770508,0.3454154133796692,0.3309576213359833,-0.10519106686115265,0.9999901056289673,0.42518457770347595,0.3438716530799866,-0.22642254829406738,0.999991774559021,0.39483723044395447,0.35160428285598755,-0.22727714478969574,0.9999885559082031,0.4935382008552551,0.40061330795288086,-0.11759011447429657,0.9999970197677612,0.2912503480911255,0.41036468744277954,0.008776351809501648,0.9999781847000122,0.451739102602005,0.4981905221939087,-0.2431490272283554,0.9444124698638916,0.184574693441391,0.48690104484558105,-0.30297917127609253,0.9169588088989258,0.3427034616470337,0.5836930871009827,-0.4222242534160614,0.9749560952186584,0.32960018515586853,0.4304965138435364,-0.6807994842529297,0.9907689690589905,0.335429847240448,0.6197804808616638,-0.4882570505142212,0.9801662564277649,0.33908480405807495,0.39569637179374695,-0.7683643102645874,0.9920944571495056,0.3072165250778198,0.6155418753623962,-0.48969218134880066,0.9818192720413208,0.3510822653770447,0.3918269872665405,-0.7377690076828003,0.9914253950119019,0.3063506484031677,0.6064281463623047,-0.4233517050743103,0.9684540033340454,0.3547329604625702,0.40647053718566895,-0.6793175339698792,0.9844883680343628,0.43885305523872375,0.6140105128288269,-0.05243881791830063,0.9999250173568726,0.34035903215408325,0.6276541352272034,0.0521460697054863,0.9999160766601562,0.5018328428268433,0.7822318077087402,-0.055024705827236176,0.2687009274959564,0.37735098600387573,0.793600857257843,-0.019026964902877808,0.2474643588066101,0.514448344707489,0.9249905347824097,0.1137622818350792,0.34585392475128174,0.48374009132385254,0.942405104637146,0.054628949612379074,0.514556348323822,0.5360207557678223,0.9485723972320557,0.12074416130781174,0.30160683393478394,0.5165883302688599,0.9820812344551086,0.05792893096804619,0.50154048204422,0.5093283653259277,0.9759060144424438,-0.00284410547465086,0.46696531772613525,0.44245243072509766,0.9765118360519409,-0.06858514994382858,0.6203354001045227
aug_0_5411.png,kuchipudi,0.5442227721214294,0.11413916945457458,-0.4519956707954407,0.9999926090240479,0.5420605540275574,0.09316632151603699,-0.4188954830169678,0.9999798536300659,0.5464697480201721,0.08921000361442566,-0.41928336024284363,0.9999716281890869,0.5513131022453308,0.08557301759719849,-0.41911226511001587,0.9999783039093018,0.524264395236969,0.10271146893501282,-0.4429939389228821,0.9999911785125732,0.5169826745986938,0.10574349761009216,-0.4436000883579254,0.9999918937683105,0.5094075202941895,0.1093294695019722,-0.4438472092151642,0.999994158744812,0.5496619343757629,0.09091803431510925,-0.19778992235660553,0.9999711513519287,0.49264127016067505,0.11674556136131287,-0.3034740686416626,0.9999791383743286,0.5567677617073059,0.12332326173782349,-0.35936978459358215,0.9999910593032837,0.537643551826477,0.13494449853897095,-0.3937869369983673,0.999992847442627,0.6131414175033569,0.1914207935333252,0.04335571825504303,0.9999878406524658,0.4681547284126282,0.21281851828098297,-0.22198204696178436,0.9999960660934448,0.7143779397010803,0.3070010542869568,-0.02899329736828804,0.9420437812805176,0.4327280819416046,0.355311781167984,-0.19842655956745148,0.99440598487854,0.6522783637046814,0.255007266998291,-0.43193158507347107,0.9922010898590088,0.3845539689064026,0.4841414988040924,-0.342333048582077,0.9978399276733398,0.6546671986579895,0.22208385169506073,-0.5017006993293762,0.9874451160430908,0.37578487396240234,0.5306174159049988,-0.4037969708442688,0.99516761302948,0.6395979523658752,0.2148347944021225,-0.5296111106872559,0.9875827431678772,0.3811696469783783,0.5342699289321899,-0.45126137137413025,0.9955170750617981,0.6325339674949646,0.23247474431991577,-0.45076289772987366,0.9769558310508728,0.38880664110183716,0.5165225863456726,-0.3645593822002411,0.9926443099975586,0.5805814266204834,0.4652250111103058,0.10550040751695633,0.99986732006073,0.5074890851974487,0.4681224524974823,-0.10580107569694519,0.999929666519165,0.6331109404563904,0.650499701499939,0.10285010933876038,0.5697103142738342,0.5766474604606628,0.6592711210250854,-0.1403646469116211,0.8955308198928833,0.6498722434043884,0.849709689617157,0.2803804576396942,0.6315516829490662,0.6220064163208008,0.8575287461280823,0.06217106804251671,0.8325949311256409,0.6302528381347656,0.8811481595039368,0.2850290536880493,0.5013541579246521,0.6010945439338684,0.9149734973907471,0.07224206626415253,0.520747721195221,0.7067936062812805,0.8888546228408813,0.08738864213228226,0.7376887202262878,0.6556392312049866,0.9003653526306152,-0.1474599838256836,0.8062233328819275
aug_0_6558.png,kuchipudi,0.37824320793151855,0.3556636571884155,-0.2583867609500885,0.9998792409896851,0.3960227370262146,0.34422051906585693,-0.2565893828868866,0.9996562004089355,0.4029305577278137,0.3451995551586151,-0.25706151127815247,0.9996700286865234,0.40888968110084534,0.3462098240852356,-0.256904661655426,0.9997699856758118,0.3863392174243927,0.3427163064479828,-0.2285415679216385,0.9996871948242188,0.38504382967948914,0.34223803877830505,-0.22920267283916473,0.9997656941413879,0.3836090862751007,0.3416127860546112,-0.22946584224700928,0.999819815158844,0.4462338387966156,0.35670703649520874,-0.18570572137832642,0.9997770190238953,0.41293713450431824,0.3507830500602722,-0.057813484221696854,0.9993816614151001,0.38816747069358826,0.3721182346343994,-0.22503304481506348,0.999779999256134,0.37543123960494995,0.37051039934158325,-0.19120921194553375,0.9997113347053528,0.5268089771270752,0.43971043825149536,-0.06117510795593262,0.999966025352478,0.33158358931541443,0.41452622413635254,-0.007836312986910343,0.9999459981918335,0.5731004476547241,0.5390049815177917,-0.045168496668338776,0.9744476079940796,0.20676279067993164,0.44636890292167664,-0.1376442164182663,0.9446148872375488,0.6795806884765625,0.6090144515037537,-0.18702735006809235,0.9814536571502686,0.14550495147705078,0.36080366373062134,-0.4660862982273102,0.9924754500389099,0.7080788612365723,0.6376310586929321,-0.20995113253593445,0.9669519662857056,0.138056218624115,0.3329145610332489,-0.5318388342857361,0.9890266060829163,0.7142490148544312,0.6352241635322571,-0.2762044370174408,0.9707438349723816,0.15223518013954163,0.3276617228984833,-0.5602197051048279,0.9901453852653503,0.7004685401916504,0.622185230255127,-0.2157231569290161,0.9652209877967834,0.1584508866071701,0.338324636220932,-0.49194130301475525,0.9878045320510864,0.4145697355270386,0.6088123917579651,0.03965571150183678,0.9999768733978271,0.29943639039993286,0.5949163436889648,-0.03999413549900055,0.9999704360961914,0.5582884550094604,0.7078816890716553,-0.27748870849609375,0.8069921731948853,0.3134101927280426,0.7075074911117554,-0.41637101769447327,0.9196956157684326,0.4625248610973358,0.8510711193084717,-0.08887460827827454,0.8009874224662781,0.3516950011253357,0.8544901609420776,-0.2049376219511032,0.8399394750595093,0.4260818362236023,0.8651602268218994,-0.08320338279008865,0.6817673444747925,0.35447996854782104,0.8695390224456787,-0.18877100944519043,0.5803741812705994,0.5027276277542114,0.9036288857460022,-0.2927342355251312,0.8352253437042236,0.37328067421913147,0.9017477631568909,-0.3914271593093872,0.8406813740730286
aug_0_5248.png,kuchipudi,0.4568544030189514,0.1526845395565033,-0.37973350286483765,0.9999943971633911,0.4804192781448364,0.1381995975971222,-0.3497311770915985,0.9999884366989136,0.4891605079174042,0.14312756061553955,-0.35027945041656494,0.9999872446060181,0.4976533353328705,0.14815428853034973,-0.35020309686660767,0.9999901056289673,0.4630189836025238,0.12770402431488037,-0.32949098944664,0.9999912977218628,0.45769771933555603,0.12408127635717392,-0.33002519607543945,0.9999922513961792,0.45302098989486694,0.12075876444578171,-0.33030828833580017,0.9999926090240479,0.5140979290008545,0.1618236005306244,-0.1659826636314392,0.9999903440475464,0.4496036469936371,0.1269371509552002,-0.07573328167200089,0.9999749660491943,0.4631599187850952,0.17720350623130798,-0.3063806891441345,0.9999855756759644,0.439767450094223,0.16576623916625977,-0.2838970422744751,0.9999842643737793,0.5355353951454163,0.26497507095336914,-0.11579816043376923,0.9999901056289673,0.3740861415863037,0.23727884888648987,0.11664588004350662,0.9999648332595825,0.5626624822616577,0.4118799567222595,-0.09297507256269455,0.971927285194397,0.2747875154018402,0.34884434938430786,-0.058859243988990784,0.9225292205810547,0.609627366065979,0.5441675186157227,-0.22508089244365692,0.9897408485412598,0.33627039194107056,0.2936556935310364,-0.5092783570289612,0.9962408542633057,0.6103544235229492,0.5889506936073303,-0.2769550383090973,0.9853242039680481,0.32472488284111023,0.2643581032752991,-0.6026366353034973,0.9951211810112,0.6103297472000122,0.5941340923309326,-0.3283856213092804,0.9870304465293884,0.3436921238899231,0.2518349289894104,-0.6132547855377197,0.9952143430709839,0.604701817035675,0.578127384185791,-0.24509570002555847,0.9800370931625366,0.3534911870956421,0.26594826579093933,-0.5280499458312988,0.9918962121009827,0.49109479784965515,0.5139825940132141,-0.09719888120889664,0.9997872710227966,0.39796367287635803,0.5157815217971802,0.0967097133398056,0.9997472167015076,0.4275953769683838,0.7182958722114563,-0.15537774562835693,0.6711714863777161,0.33553773164749146,0.7084672451019287,0.005874132737517357,0.4615383446216583,0.3636466860771179,0.9057579636573792,0.16573986411094666,0.6090728640556335,0.3063703775405884,0.901186466217041,0.2996194660663605,0.5995638370513916,0.37742504477500916,0.923776388168335,0.18516141176223755,0.3051827549934387,0.32170504331588745,0.9245896339416504,0.3223104178905487,0.4795594811439514,0.32461559772491455,0.9679208993911743,-0.03356262668967247,0.6522116661071777,0.2394390106201172,0.9358758330345154,0.14165960252285004,0.6592066884040833
aug_0_5690.png,kuchipudi,0.49904707074165344,0.26431983709335327,-0.029810428619384766,0.9999390840530396,0.5239895582199097,0.253126323223114,0.036427877843379974,0.9999462366104126,0.5405881404876709,0.2561541795730591,0.03622684255242348,0.9998973608016968,0.5550965666770935,0.2598094940185547,0.0362197645008564,0.9999551773071289,0.4883396029472351,0.2512879967689514,0.05190684273838997,0.9999434947967529,0.47623395919799805,0.2513677477836609,0.05121335759758949,0.9998874664306641,0.4625133275985718,0.2517666518688202,0.05093877762556076,0.9999445676803589,0.5758914351463318,0.27712205052375793,0.309027761220932,0.9999520778656006,0.45223474502563477,0.2604821026325226,0.370309442281723,0.9998099207878113,0.5203670859336853,0.2924189865589142,0.07094955444335938,0.9998268485069275,0.47287115454673767,0.2862939238548279,0.08273136615753174,0.9997352957725525,0.6171465516090393,0.3766149878501892,0.28515544533729553,0.9997264742851257,0.36690908670425415,0.35798799991607666,0.4725818634033203,0.999320387840271,0.8184108138084412,0.2984175682067871,0.1534452736377716,0.9845163226127625,0.18236464262008667,0.23728452622890472,0.3330979645252228,0.9840982556343079,0.6851229071617126,0.208268940448761,0.17935116589069366,0.9883528351783752,0.40018537640571594,0.18319809436798096,0.3005705773830414,0.9537110924720764,0.6544278264045715,0.18013039231300354,0.17213380336761475,0.9679914116859436,0.44564077258110046,0.15842542052268982,0.2887573838233948,0.8595941066741943,0.6384879946708679,0.17502400279045105,0.22607064247131348,0.9618358612060547,0.4663168787956238,0.1624957025051117,0.3550761938095093,0.830208420753479,0.6347518563270569,0.1885334551334381,0.20870323479175568,0.9427617192268372,0.45506009459495544,0.1775205433368683,0.3224185109138489,0.8203452825546265,0.5761926174163818,0.6395400166511536,-0.09665139764547348,0.9999066591262817,0.4070299565792084,0.6473217010498047,0.09558940678834915,0.9998338222503662,0.5272951126098633,0.5068836212158203,-0.9757881760597229,0.9628223776817322,0.22426077723503113,0.8170695304870605,-0.5263079404830933,0.9104544520378113,0.5820026397705078,0.7927193641662598,-0.796387255191803,0.8586156368255615,0.443674236536026,0.788630485534668,0.2527399957180023,0.14065581560134888,0.5924593806266785,0.8030774593353271,-0.7748533487319946,0.622409999370575,0.478237509727478,0.7616881728172302,0.3468261957168579,0.17389240860939026,0.5298592448234558,0.8844490051269531,-1.0178651809692383,0.8496663570404053,0.4877603054046631,0.838207483291626,0.2655825614929199,0.16369715332984924
aug_0_1848.png,kuchipudi,0.6323044300079346,0.25238528847694397,-0.5184849500656128,0.999983549118042,0.6585689783096313,0.22983312606811523,-0.4982609152793884,0.9999686479568481,0.6731395721435547,0.2307741940021515,-0.4990507960319519,0.999967098236084,0.6851606965065002,0.23227852582931519,-0.49891358613967896,0.9999740123748779,0.6225742101669312,0.22995176911354065,-0.46248865127563477,0.9999663829803467,0.6124696731567383,0.22969380021095276,-0.46321171522140503,0.9999642372131348,0.6037366390228271,0.2291724681854248,-0.46351519227027893,0.9999685287475586,0.7107102870941162,0.24223560094833374,-0.35417136549949646,0.9999663829803467,0.5977953672409058,0.23364490270614624,-0.1895051747560501,0.999862790107727,0.6563628911972046,0.27104103565216064,-0.45624005794525146,0.9998921155929565,0.6149296760559082,0.26731911301612854,-0.4147156774997711,0.9998610019683838,0.7729040384292603,0.3598841428756714,-0.3861187696456909,0.9999144077301025,0.5078863501548767,0.3299538195133209,0.019292961806058884,0.99977046251297,0.6366491913795471,0.45131200551986694,-0.5822554230690002,0.9617156386375427,0.3015318214893341,0.27667489647865295,-0.09195496886968613,0.8796753883361816,0.4290642738342285,0.41444361209869385,-0.7891053557395935,0.9784990549087524,0.29058340191841125,0.13887476921081543,-0.4280965328216553,0.9832432866096497,0.39300569891929626,0.3824639916419983,-0.8705074787139893,0.9811083674430847,0.24414625763893127,0.1134408712387085,-0.5140110850334167,0.9835768342018127,0.40539443492889404,0.37260305881500244,-0.8639395236968994,0.9816022515296936,0.25012630224227905,0.11100113391876221,-0.531658411026001,0.9840537905693054,0.41745662689208984,0.38335055112838745,-0.7841768264770508,0.9690172672271729,0.27426281571388245,0.1217908263206482,-0.45601850748062134,0.9847286343574524,0.656104326248169,0.6222890615463257,-0.07428549230098724,0.9986380934715271,0.5006294250488281,0.6208922863006592,0.0738266333937645,0.9988260865211487,0.7931917309761047,0.7684940695762634,-0.2642989456653595,0.15106305480003357,0.4554598927497864,0.7873789072036743,-0.04411241039633751,0.10290422290563583,0.7840655446052551,0.9716019034385681,-0.010408684611320496,0.08029086142778397,0.48579853773117065,0.9602628946304321,0.31011447310447693,0.042829230427742004,0.7764055132865906,0.9958075284957886,0.004522884730249643,0.08939541131258011,0.5088402032852173,0.9861777424812317,0.33893120288848877,0.05610480532050133,0.7911404371261597,1.0444990396499634,-0.15972287952899933,0.08780012279748917,0.4704010486602783,0.9819895029067993,0.2020120620727539,0.0379788838326931
aug_0_697.png,kuchipudi,0.33346492052078247,0.07809722423553467,-0.004333639983087778,0.9999518394470215,0.35021623969078064,0.06343144178390503,-0.051702532917261124,0.9999775886535645,0.3538866937160492,0.06463426351547241,-0.05201742425560951,0.9999716281890869,0.35745590925216675,0.06599366664886475,-0.051846664398908615,0.9999783039093018,0.35181713104248047,0.062471598386764526,0.018976805731654167,0.9999862909317017,0.35711434483528137,0.06331872940063477,0.018409445881843567,0.999985933303833,0.363275408744812,0.06455659866333008,0.01828151009976864,0.9999910593032837,0.3875104784965515,0.0802585780620575,-0.1906011402606964,0.9999845027923584,0.39071008563041687,0.07891324162483215,0.12229900807142258,0.9999849796295166,0.3445556163787842,0.10270220786333084,-0.04384231939911842,0.9999481439590454,0.346068412065506,0.10208281874656677,0.043263811618089676,0.9999459981918335,0.4186314344406128,0.19300979375839233,-0.37387314438819885,0.9998451471328735,0.44098037481307983,0.21250611543655396,0.3305306136608124,0.9998525381088257,0.2802817225456238,0.2383013814687729,-0.44997191429138184,0.982631266117096,0.28601253032684326,0.25155508518218994,0.48728325963020325,0.20744402706623077,0.15396243333816528,0.23434770107269287,-0.27902406454086304,0.9828457236289978,0.1781431883573532,0.18072354793548584,0.4135535955429077,0.8795421123504639,0.1245439350605011,0.2175714671611786,-0.3028993606567383,0.9806853532791138,0.15264688432216644,0.16310739517211914,0.41911759972572327,0.8971883654594421,0.12308743596076965,0.20660611987113953,-0.2793053984642029,0.979534924030304,0.1489514261484146,0.15718773007392883,0.3719298839569092,0.9013797640800476,0.13497039675712585,0.21438363194465637,-0.2596707046031952,0.9668347239494324,0.1577230989933014,0.16880100965499878,0.38571563363075256,0.8958012461662292,0.4748879373073578,0.5229519605636597,-0.19467748701572418,0.999991774559021,0.5174054503440857,0.522182285785675,0.19444599747657776,0.9999947547912598,0.3685048520565033,0.7312026023864746,0.10216465592384338,0.8679786920547485,0.4121663272380829,0.7679545879364014,0.06611788272857666,0.9765079021453857,0.35400307178497314,0.9415737390518188,0.19529786705970764,0.9812622666358948,0.6505488157272339,0.7893995046615601,0.06068946793675423,0.972963809967041,0.3690011501312256,0.974175214767456,0.199737548828125,0.9776055216789246,0.6801664233207703,0.7584589719772339,0.06607704609632492,0.9858578443527222,0.2543100118637085,0.9627390503883362,0.07995203882455826,0.9749882817268372,0.7219228148460388,0.8725991249084473,-0.018410000950098038,0.9753093123435974
aug_0_3545.png,kuchipudi,0.60599684715271,0.22339892387390137,-0.7381784915924072,0.999987006187439,0.638971209526062,0.20291119813919067,-0.6894323825836182,0.9999666213989258,0.6612727642059326,0.20673763751983643,-0.6899706721305847,0.9999445676803589,0.6782575845718384,0.2087392807006836,-0.6898150444030762,0.9999409914016724,0.5898023843765259,0.1918129026889801,-0.6942591071128845,0.9999886751174927,0.5740682482719421,0.18936696648597717,-0.6948738098144531,0.9999901056289673,0.5589757561683655,0.1878105103969574,-0.6950451135635376,0.9999905824661255,0.6940118670463562,0.21588829159736633,-0.3881399929523468,0.9999638795852661,0.5351608991622925,0.19486373662948608,-0.4058034121990204,0.9999868869781494,0.6285693049430847,0.2584436237812042,-0.621146559715271,0.9999028444290161,0.5682855844497681,0.24281764030456543,-0.630098283290863,0.9999406337738037,0.7096779346466064,0.306782066822052,-0.29894953966140747,0.9996463060379028,0.4499770402908325,0.31625452637672424,-0.3378302752971649,0.9997748732566833,0.9795635938644409,0.23409762978553772,-0.6416658759117126,0.9975427389144897,0.3819379210472107,0.4333608150482178,-0.6112727522850037,0.973127007484436,0.7913715839385986,0.2037559449672699,-0.8952170014381409,0.7713068127632141,0.5105139017105103,0.49828100204467773,-0.9778918027877808,0.9872207045555115,0.7519195675849915,0.2274647355079651,-0.981951117515564,0.6129592061042786,0.519961416721344,0.5463575720787048,-1.0868170261383057,0.9839009642601013,0.724744975566864,0.23109188675880432,-0.9513310194015503,0.5923815369606018,0.5622257590293884,0.5387775897979736,-1.0764905214309692,0.98347407579422,0.7285822629928589,0.23312309384346008,-0.892133355140686,0.6069020628929138,0.565345823764801,0.5302606225013733,-0.9815854430198669,0.9738287925720215,0.6226376891136169,0.6225674748420715,-0.0006886736373417079,0.9994939565658569,0.4615093171596527,0.5875349044799805,0.00022950979473534971,0.9996362924575806,0.8431158065795898,0.7602112889289856,-0.43462124466896057,0.9732279777526855,0.2698183059692383,0.5548254251480103,-0.5328531265258789,0.9464678764343262,0.5334340929985046,0.7771506309509277,-0.13916131854057312,0.5684765577316284,0.39979037642478943,0.7646943926811218,-0.28290262818336487,0.66971355676651,0.503023624420166,0.7593334913253784,-0.1017376184463501,0.5650523900985718,0.4298335611820221,0.7834838628768921,-0.2470051795244217,0.6361026167869568,0.4007398784160614,0.8095275163650513,-0.17644064128398895,0.45070627331733704,0.4106200039386749,0.8303175568580627,-0.3192864954471588,0.5266249179840088
aug_0_6501.png,kuchipudi,0.6302223801612854,0.24085821211338043,-0.49095582962036133,0.9999662637710571,0.6354789733886719,0.21577197313308716,-0.4582677185535431,0.9998958110809326,0.6393131017684937,0.2177085131406784,-0.4589458107948303,0.9998892545700073,0.6432761549949646,0.21965691447257996,-0.4590858519077301,0.9999315738677979,0.6139376759529114,0.20548516511917114,-0.49502670764923096,0.9999165534973145,0.6032994389533997,0.2010243535041809,-0.4956572949886322,0.9999152421951294,0.5915272235870361,0.1968674659729004,-0.4958440065383911,0.9999312162399292,0.6079682111740112,0.21749550104141235,-0.25384485721588135,0.9999357461929321,0.5475022792816162,0.19223642349243164,-0.4220111072063446,0.999739944934845,0.6189106702804565,0.2670482397079468,-0.403653621673584,0.9999126195907593,0.593623697757721,0.25277450680732727,-0.4568117558956146,0.9999231100082397,0.605911910533905,0.35664689540863037,-0.10115455836057663,0.9999792575836182,0.39098885655403137,0.26925233006477356,-0.32961466908454895,0.9999425411224365,0.717833399772644,0.4775931239128113,-0.04688095673918724,0.9057195782661438,0.18255504965782166,0.2825167775154114,-0.4152340292930603,0.9497765898704529,0.8419564366340637,0.5890212655067444,-0.2536311149597168,0.9382701516151428,0.29117467999458313,0.3831493556499481,-0.5467380285263062,0.921463668346405,0.8861991763114929,0.5628694295883179,-0.2955647110939026,0.9123750329017639,0.3376646041870117,0.38749557733535767,-0.6035549640655518,0.8724187612533569,0.8836081027984619,0.5602458715438843,-0.35163643956184387,0.9241823554039001,0.35033541917800903,0.38439613580703735,-0.6074953079223633,0.8754681348800659,0.8605148196220398,0.5773041248321533,-0.28138095140457153,0.9212950468063354,0.3393312692642212,0.3864656686782837,-0.5522282719612122,0.8504640460014343,0.4761541783809662,0.6435308456420898,0.09037963300943375,0.9984939098358154,0.36031827330589294,0.6262195110321045,-0.09089858829975128,0.9980104565620422,0.5793686509132385,0.8463419079780579,0.006084491033107042,0.11896581202745438,0.36280664801597595,0.8831567168235779,-0.1724199652671814,0.13534429669380188,0.457803338766098,1.0742489099502563,0.23465684056282043,0.046131446957588196,0.36570483446121216,1.1196949481964111,0.1857532113790512,0.05071884021162987,0.4186386466026306,1.1042251586914062,0.2480555772781372,0.08827786892652512,0.35744255781173706,1.1480441093444824,0.21693308651447296,0.03710652142763138,0.48628610372543335,1.169243574142456,0.1114194393157959,0.04763954132795334,0.41120389103889465,1.2179498672485352,0.06633171439170837,0.028593657538294792
aug_0_4940.png,kuchipudi,0.49896159768104553,0.13694718480110168,-0.29654034972190857,0.9999995231628418,0.5008254051208496,0.113217294216156,-0.27086687088012695,0.9999978542327881,0.5045494437217712,0.11282068490982056,-0.27127015590667725,0.9999978542327881,0.5077069997787476,0.11247879266738892,-0.2712343633174896,0.9999979734420776,0.48824381828308105,0.11137213557958603,-0.2764481008052826,0.9999986886978149,0.4804587662220001,0.10954910516738892,-0.27676767110824585,0.9999988079071045,0.47322332859039307,0.10776883363723755,-0.276798814535141,0.9999985694885254,0.49120643734931946,0.11824678629636765,-0.1335553377866745,0.9999984502792358,0.44534164667129517,0.1123170256614685,-0.1561259627342224,0.9999972581863403,0.5005894303321838,0.15941733121871948,-0.24273169040679932,0.9999980926513672,0.48193857073783875,0.1559756100177765,-0.2522108554840088,0.9999978542327881,0.5217674970626831,0.24534180760383606,-0.14969657361507416,0.999997615814209,0.3750820755958557,0.24112530052661896,-0.02329973690211773,0.9999760389328003,0.5799844264984131,0.34174877405166626,-0.3286038041114807,0.9861775636672974,0.2716365456581116,0.3349223732948303,-0.022589504718780518,0.9798643589019775,0.6426326036453247,0.37473052740097046,-0.6633701920509338,0.9911372661590576,0.16087108850479126,0.36300045251846313,-0.15475071966648102,0.9899249076843262,0.6643389463424683,0.41771215200424194,-0.735988438129425,0.9859717488288879,0.1329379677772522,0.3976924419403076,-0.18044784665107727,0.9829141497612,0.6540427207946777,0.4174349308013916,-0.7651957273483276,0.9883135557174683,0.13456043601036072,0.39460524916648865,-0.23859640955924988,0.9863827228546143,0.6420812606811523,0.40403619408607483,-0.6853180527687073,0.9843202829360962,0.14720505475997925,0.38381072878837585,-0.18520832061767578,0.9858341813087463,0.4879516065120697,0.5221078395843506,-0.05231940373778343,0.9997990727424622,0.4087120294570923,0.5132487416267395,0.05189414322376251,0.9997554421424866,0.44878554344177246,0.7207648158073425,-0.06949897855520248,0.5237724184989929,0.350654274225235,0.6924390196800232,0.0256973747164011,0.21918293833732605,0.413874089717865,0.8904014825820923,0.16334208846092224,0.31063657999038696,0.3306240141391754,0.8463401198387146,0.3019924461841583,0.13071855902671814,0.4174644351005554,0.9120920896530151,0.1804739236831665,0.22742903232574463,0.3386193811893463,0.8700608611106873,0.3255138099193573,0.11701329052448273,0.37244755029678345,0.9526613354682922,0.07126591354608536,0.40631920099258423,0.30883973836898804,0.909874439239502,0.23893548548221588,0.17506428062915802
aug_0_4802.png,kuchipudi,0.5378431081771851,0.1676083654165268,-0.32994544506073,0.9999916553497314,0.5377297401428223,0.1384095549583435,-0.2884819209575653,0.9999730587005615,0.5448460578918457,0.1362367868423462,-0.2889065742492676,0.9999721050262451,0.5512231588363647,0.13464057445526123,-0.2888811528682709,0.9999785423278809,0.5129677057266235,0.14623188972473145,-0.29318076372146606,0.9999788999557495,0.503934919834137,0.15019774436950684,-0.29370468854904175,0.9999762773513794,0.49539756774902344,0.15555508434772491,-0.2939050495624542,0.9999717473983765,0.553567111492157,0.14518165588378906,-0.11988725513219833,0.9999834299087524,0.4807693660259247,0.17645826935768127,-0.1336500197649002,0.9999325275421143,0.5563164949417114,0.19594764709472656,-0.26885074377059937,0.9999394416809082,0.529981791973114,0.2108127623796463,-0.2763032913208008,0.9998989105224609,0.6363846659660339,0.30195608735084534,-0.06573574244976044,0.9999326467514038,0.45325642824172974,0.34613946080207825,-0.1464426964521408,0.9990880489349365,0.761334240436554,0.29828619956970215,-0.17826193571090698,0.9417059421539307,0.3429906368255615,0.28937244415283203,-0.2806141674518585,0.9850116968154907,0.8762255907058716,0.28404414653778076,-0.3777482807636261,0.9384482502937317,0.2673075199127197,0.11614978313446045,-0.4048224687576294,0.9677996635437012,0.8993133306503296,0.2607572078704834,-0.3971548080444336,0.9209930300712585,0.2590925991535187,0.056085169315338135,-0.4460976719856262,0.9430044293403625,0.9026893973350525,0.24703273177146912,-0.4460436701774597,0.9309133291244507,0.26833587884902954,0.04614418372511864,-0.4483295977115631,0.9443259835243225,0.8920381665229797,0.26533329486846924,-0.40334272384643555,0.9365065097808838,0.27601370215415955,0.06843811273574829,-0.4164055585861206,0.946333646774292,0.6044196486473083,0.7169762253761292,0.03998822346329689,0.9980806112289429,0.4919070601463318,0.7161871194839478,-0.04039890319108963,0.997238278388977,0.7818968892097473,0.7288744449615479,-0.17573462426662445,0.7102568745613098,0.3587833046913147,0.7816779613494873,-0.1885679066181183,0.7936332821846008,0.6204954385757446,0.8447929620742798,-0.12943120300769806,0.23995746672153473,0.20615577697753906,0.8058968186378479,0.00856910739094019,0.3638862669467926,0.6069934368133545,0.8416617512702942,-0.1265212893486023,0.3676150143146515,0.1873081922531128,0.8005085587501526,0.033352505415678024,0.38098663091659546,0.532389760017395,0.8709625005722046,-0.21183447539806366,0.24812346696853638,0.13727563619613647,0.8335236310958862,0.010302701964974403,0.3104381561279297
aug_0_1443.png,kuchipudi,0.5861272215843201,0.18486180901527405,-0.6264971494674683,0.9999994039535522,0.6143686771392822,0.16228342056274414,-0.5732175707817078,0.9999986886978149,0.6345959901809692,0.1644240915775299,-0.5736874341964722,0.999997615814209,0.6494209170341492,0.16593357920646667,-0.5734935402870178,0.999997615814209,0.5654080510139465,0.1554187536239624,-0.5784512758255005,0.9999995231628418,0.5482520461082458,0.15475213527679443,-0.5790140628814697,0.9999995231628418,0.5309546589851379,0.15477636456489563,-0.5791394114494324,0.9999996423721313,0.6624385118484497,0.17412471771240234,-0.27517837285995483,0.9999978542327881,0.5071414113044739,0.16679692268371582,-0.29432523250579834,0.9999991655349731,0.6178770065307617,0.2175654172897339,-0.5133689045906067,0.9999927282333374,0.5561137795448303,0.21103563904762268,-0.5223512053489685,0.9999951124191284,0.7027658224105835,0.26874926686286926,-0.1558251529932022,0.999923586845398,0.46236297488212585,0.3062273859977722,-0.2555036246776581,0.9999359846115112,0.939948320388794,0.15723708271980286,-0.3881117105484009,0.9985296726226807,0.4302692413330078,0.4298507571220398,-0.4058319926261902,0.9625185132026672,0.7461704611778259,0.14985597133636475,-0.494973748922348,0.6488474607467651,0.5655648112297058,0.47833889722824097,-0.6175953149795532,0.9590467214584351,0.7127163410186768,0.17663359642028809,-0.5523515939712524,0.3954223394393921,0.5859280228614807,0.5235912799835205,-0.6980873942375183,0.9408425688743591,0.6940425634384155,0.1866549253463745,-0.5202584266662598,0.37405920028686523,0.6171512603759766,0.5165805220603943,-0.6920557022094727,0.939163863658905,0.7004005312919617,0.1852647066116333,-0.48925840854644775,0.41283559799194336,0.6140009164810181,0.5064267516136169,-0.6192231178283691,0.915798008441925,0.6751610040664673,0.5580282211303711,0.03184092789888382,0.9998237490653992,0.5282325148582458,0.5496236681938171,-0.03223796188831329,0.9998579025268555,0.862816333770752,0.7012588381767273,-0.3232150971889496,0.955524206161499,0.35351720452308655,0.574228823184967,-0.4496915638446808,0.9190517663955688,0.6145690679550171,0.7358689308166504,-0.04205885902047157,0.4304608702659607,0.5140306353569031,0.7552329301834106,-0.12996532022953033,0.4699002206325531,0.5824592113494873,0.7226483821868896,-0.005247523542493582,0.4779174029827118,0.5340322852134705,0.7613537311553955,-0.08604058623313904,0.42557981610298157,0.5173083543777466,0.778042197227478,-0.057782597839832306,0.3297636806964874,0.5691846609115601,0.8256127834320068,-0.13320189714431763,0.34458643198013306
aug_0_4806.png,kuchipudi,0.6280090808868408,0.23370426893234253,-0.29825302958488464,0.999914288520813,0.6497602462768555,0.20951396226882935,-0.2834239900112152,0.9996505975723267,0.6588025093078613,0.2108563780784607,-0.2837463617324829,0.9996355772018433,0.6673991680145264,0.21414750814437866,-0.2837027311325073,0.9996815919876099,0.6317561864852905,0.20914417505264282,-0.2622414231300354,0.9998370409011841,0.6283458471298218,0.20878249406814575,-0.2629246711730957,0.9998905658721924,0.6261898279190063,0.2081136703491211,-0.2632800340652466,0.9999082088470459,0.6904277205467224,0.2384818196296692,-0.1991468369960785,0.9998601675033569,0.6411455273628235,0.22353076934814453,-0.09732373803853989,0.9999231100082397,0.6442438364028931,0.27327287197113037,-0.26648253202438354,0.9999268054962158,0.6252914667129517,0.2666119933128357,-0.23978078365325928,0.999933123588562,0.761243999004364,0.44197186827659607,-0.16552196443080902,0.9998453855514526,0.5758221745491028,0.39861226081848145,-0.03644242137670517,0.9999510049819946,0.7528523802757263,0.6804306507110596,-0.1613447219133377,0.9720538258552551,0.426182359457016,0.45019960403442383,-0.08767945319414139,0.9853236675262451,0.7893272638320923,0.8661030530929565,-0.21168681979179382,0.9390570521354675,0.28392893075942993,0.4412897825241089,-0.24297744035720825,0.9895980358123779,0.8181151747703552,0.8711521029472351,-0.22130659222602844,0.9088850021362305,0.24495112895965576,0.4748952388763428,-0.26799100637435913,0.9755192399024963,0.8226312398910522,0.8765796422958374,-0.28364211320877075,0.9238466620445251,0.24813368916511536,0.4762122333049774,-0.3122461438179016,0.979057788848877,0.806272566318512,0.8807068467140198,-0.2380765825510025,0.9305342435836792,0.26476481556892395,0.47037646174430847,-0.26882311701774597,0.9799456596374512,0.6504757404327393,0.7960283756256104,-0.03728259354829788,0.9997840523719788,0.557949423789978,0.7264750003814697,0.036719564348459244,0.9999245405197144,0.6634159684181213,0.8523823618888855,-0.5469950437545776,0.9982982277870178,0.4334605932235718,0.5138390064239502,-0.26232460141181946,0.9862089157104492,0.5004034042358398,0.8652635216712952,-0.15223316848278046,0.7695081233978271,0.31614628434181213,0.7995835542678833,-0.13278988003730774,0.8867936134338379,0.49154067039489746,0.847541093826294,-0.10837574303150177,0.7483426928520203,0.3330439031124115,0.8650228381156921,-0.11834900826215744,0.7537391781806946,0.416142076253891,0.8547861576080322,-0.14227773249149323,0.7764856219291687,0.20835143327713013,0.8619925379753113,-0.1870756447315216,0.8551210761070251
aug_0_7132.png,kuchipudi,0.4613601565361023,0.22003349661827087,-0.22617386281490326,0.9999816417694092,0.4576548635959625,0.20067819952964783,-0.19281692802906036,0.9999479055404663,0.4593352675437927,0.19993117451667786,-0.1930287480354309,0.9999258518218994,0.4616193175315857,0.1989830732345581,-0.19300448894500732,0.9999470710754395,0.44964712858200073,0.20202429592609406,-0.21278241276741028,0.9999740123748779,0.4440135657787323,0.20348908007144928,-0.21310728788375854,0.999971866607666,0.43807417154312134,0.20569312572479248,-0.21322084963321686,0.9999793767929077,0.4481748640537262,0.2123243659734726,-0.03381028771400452,0.9999266862869263,0.4168327748775482,0.2214149683713913,-0.12703818082809448,0.999924898147583,0.46427688002586365,0.24202251434326172,-0.165465846657753,0.99993896484375,0.45208442211151123,0.2443692535161972,-0.19490408897399902,0.9999535083770752,0.4975566864013672,0.29905906319618225,0.04677296057343483,0.9999024868011475,0.3624272644519806,0.34300434589385986,-0.10179690271615982,0.9998024106025696,0.5876922011375427,0.22096332907676697,0.020283987745642662,0.9814753532409668,0.2605741024017334,0.4082621932029724,-0.20778225362300873,0.9846922159194946,0.6707754135131836,0.14718616008758545,-0.172087624669075,0.9953913688659668,0.3102200925350189,0.45076414942741394,-0.418986976146698,0.9866709113121033,0.6886549592018127,0.10704007744789124,-0.21009546518325806,0.9927899837493896,0.32850658893585205,0.46558430790901184,-0.4723145663738251,0.9787697792053223,0.6818008422851562,0.09509238600730896,-0.23345530033111572,0.9934872388839722,0.3372381329536438,0.4539058208465576,-0.48813578486442566,0.9797741770744324,0.674347996711731,0.11292999982833862,-0.18744324147701263,0.991361677646637,0.3335035443305969,0.44959959387779236,-0.43104439973831177,0.9692939519882202,0.5076855421066284,0.5804653167724609,0.050137732177972794,0.999489426612854,0.4306589365005493,0.6082149744033813,-0.05035853385925293,0.9991325736045837,0.6428643465042114,0.5109827518463135,-0.1613137423992157,0.9250022768974304,0.3104761838912964,0.7148577570915222,-0.4051090478897095,0.8499834537506104,0.6198772192001343,0.7579966187477112,-0.09403825551271439,0.8260958194732666,0.44429221749305725,0.7395908832550049,-0.0678819939494133,0.152021124958992,0.6013513803482056,0.7911954522132874,-0.0905110314488411,0.8246698975563049,0.4593072831630707,0.7147082686424255,-0.030414950102567673,0.1932806670665741,0.6858009696006775,0.8140124678611755,-0.20902536809444427,0.7292225360870361,0.48941823840141296,0.7828144431114197,-0.09846439212560654,0.09679165482521057
aug_0_7312.png,bharatanatyam,0.490179181098938,0.38054391741752625,-0.7245281338691711,0.999881386756897,0.5101944804191589,0.3604122996330261,-0.7023652195930481,0.9997437596321106,0.5223413109779358,0.3600314259529114,-0.7029460072517395,0.9996598958969116,0.5318705439567566,0.36016204953193665,-0.7030136585235596,0.9997063279151917,0.47903260588645935,0.35984835028648376,-0.6987670063972473,0.9998992681503296,0.4715624153614044,0.3591269254684448,-0.6995314359664917,0.9998985528945923,0.4624629318714142,0.35809198021888733,-0.6998990178108215,0.9999282360076904,0.5441539883613586,0.3630756735801697,-0.5083974003791809,0.999725878238678,0.4584471881389618,0.35854828357696533,-0.489348828792572,0.9997683167457581,0.5111731886863708,0.39702022075653076,-0.6405981779098511,0.9990704655647278,0.4751374125480652,0.3948828876018524,-0.639768123626709,0.9994587302207947,0.5857366323471069,0.41232576966285706,-0.4058517515659332,0.9995326995849609,0.4095911383628845,0.45132917165756226,-0.34360140562057495,0.9995477795600891,0.6549793481826782,0.30286693572998047,-0.5971455574035645,0.9813521504402161,0.3466552197933197,0.5538328289985657,-0.4331503212451935,0.8207646608352661,0.5484776496887207,0.20916423201560974,-0.7319982647895813,0.9485920071601868,0.22383281588554382,0.6044955253601074,-0.6670883893966675,0.9550621509552002,0.5396586060523987,0.17120879888534546,-0.7896516919136047,0.8809790015220642,0.17555707693099976,0.6160163283348083,-0.7171704769134521,0.9297500848770142,0.5288001298904419,0.17094570398330688,-0.7716899514198303,0.8733870387077332,0.16262006759643555,0.6074381470680237,-0.7754220366477966,0.9367702603340149,0.5252471566200256,0.18784278631210327,-0.7314357161521912,0.8682209849357605,0.18275058269500732,0.604550838470459,-0.6996161937713623,0.9249106049537659,0.5288079380989075,0.657852053642273,0.016839461401104927,0.9993770718574524,0.4068544805049896,0.6579483151435852,-0.017270024865865707,0.9993553757667542,0.6242702007293701,0.8055067658424377,-0.2752624452114105,0.803053617477417,0.43745243549346924,0.7938504815101624,-0.41099080443382263,0.7451174855232239,0.5382860898971558,0.972974419593811,-0.07828252762556076,0.2873849868774414,0.47193634510040283,0.9474890232086182,-0.2266026735305786,0.27080994844436646,0.510903000831604,0.956485390663147,-0.0672537088394165,0.2345219999551773,0.4787549674510956,0.9717200994491577,-0.20999135076999664,0.18121278285980225,0.533376932144165,0.9953890442848206,-0.20258240401744843,0.28272175788879395,0.49409252405166626,0.998327374458313,-0.35601627826690674,0.24371755123138428
aug_0_3879.png,bharatanatyam,0.5581405162811279,0.3563481271266937,-0.2171473503112793,0.9997383952140808,0.5640750527381897,0.33499449491500854,-0.18267247080802917,0.9997878670692444,0.569153368473053,0.3342241644859314,-0.1833706498146057,0.999756395816803,0.5741137862205505,0.33362144231796265,-0.1833636313676834,0.9998929500579834,0.5457206964492798,0.3340030014514923,-0.19805456697940826,0.9996508359909058,0.5379339456558228,0.33314448595046997,-0.19867439568042755,0.9994943141937256,0.5270411372184753,0.3311416208744049,-0.19891078770160675,0.9996271133422852,0.551866888999939,0.3385055959224701,-0.03608441352844238,0.9999091625213623,0.49180418252944946,0.32682305574417114,-0.10752059519290924,0.9985081553459167,0.5560192465782166,0.37229806184768677,-0.15432994067668915,0.9996873140335083,0.5327658653259277,0.36482521891593933,-0.18119895458221436,0.9993152618408203,0.534212052822113,0.45018109679222107,-0.08693087100982666,0.9999433755874634,0.4013296067714691,0.35985785722732544,-0.027553899213671684,0.9989437460899353,0.4325507879257202,0.5523757338523865,-0.10572242736816406,0.8039567470550537,0.40580594539642334,0.23111850023269653,-0.13311715424060822,0.8023392558097839,0.2492610216140747,0.5854203104972839,-0.21821153163909912,0.8552152514457703,0.4581972658634186,0.10092204809188843,-0.16616292297840118,0.7626639604568481,0.2199714481830597,0.6210784316062927,-0.2684331238269806,0.8452647924423218,0.4958314895629883,0.09293872117996216,-0.2219083309173584,0.7308245301246643,0.212347149848938,0.619519829750061,-0.28645431995391846,0.8494129776954651,0.504025399684906,0.09383249282836914,-0.21343182027339935,0.7249711751937866,0.2226610630750656,0.6082341074943542,-0.22374644875526428,0.7954545021057129,0.49050024151802063,0.0967898964881897,-0.17462588846683502,0.7256165742874146,0.44079917669296265,0.6043711304664612,-0.0012135443976148963,0.998969554901123,0.3469600975513458,0.5980122685432434,0.0007165134302340448,0.9987842440605164,0.4396224319934845,0.7420080304145813,-0.11087435483932495,0.39010149240493774,0.3514325022697449,0.7687383890151978,-0.13413886725902557,0.2513314485549927,0.35245323181152344,0.8754119873046875,0.08961950987577438,0.14681607484817505,0.35252895951271057,0.9174578785896301,-0.03241286426782608,0.16888855397701263,0.34207963943481445,0.8914463520050049,0.1050654724240303,0.11044386029243469,0.35419976711273193,0.93868088722229,-0.024883247911930084,0.09275683015584946,0.3232274055480957,0.9231947064399719,-0.018547944724559784,0.17465516924858093,0.35504648089408875,0.9636539220809937,-0.17815500497817993,0.173386350274086
aug_0_7332.png,bharatanatyam,0.42422541975975037,0.3574293255805969,-0.27755501866340637,0.999913215637207,0.4377536177635193,0.3226376175880432,-0.266522079706192,0.9996914863586426,0.4468594491481781,0.32087695598602295,-0.26678764820098877,0.9997270703315735,0.45554837584495544,0.319913387298584,-0.2667020261287689,0.999685525894165,0.415408194065094,0.32810771465301514,-0.24857549369335175,0.9998226761817932,0.4077224135398865,0.3297486901283264,-0.24904313683509827,0.9998831748962402,0.40173596143722534,0.3308700919151306,-0.24946057796478271,0.9998772144317627,0.4759417474269867,0.32989150285720825,-0.17031870782375336,0.9998356103897095,0.40322309732437134,0.33443742990493774,-0.08968320488929749,0.9998620748519897,0.4453814625740051,0.38689038157463074,-0.23699912428855896,0.9997480511665344,0.4144715368747711,0.3947632312774658,-0.21633414924144745,0.9998007416725159,0.5405529737472534,0.5230986475944519,-0.14121362566947937,0.9997859597206116,0.3681439161300659,0.4681437611579895,-0.009305386804044247,0.9999449253082275,0.47614485025405884,0.7218461632728577,-0.22987708449363708,0.947354257106781,0.2324528992176056,0.35895782709121704,-0.19441649317741394,0.9585479497909546,0.377810537815094,0.5348659753799438,-0.25957274436950684,0.9813686609268188,0.3401987552642822,0.2684904932975769,-0.41679272055625916,0.9977533221244812,0.34659916162490845,0.4892236590385437,-0.2782178223133087,0.989642322063446,0.35282737016677856,0.18725073337554932,-0.4674496054649353,0.9972321391105652,0.3661208748817444,0.4503847658634186,-0.2637280225753784,0.9903662204742432,0.37098386883735657,0.2003304362297058,-0.4245677590370178,0.9967252612113953,0.37455132603645325,0.46227994561195374,-0.24885717034339905,0.9849318265914917,0.3702492415904999,0.24604076147079468,-0.4082586169242859,0.9973624348640442,0.4954954981803894,0.9543445110321045,-0.030845126137137413,0.9038450717926025,0.39440298080444336,0.9534347653388977,0.030420774593949318,0.9573642015457153,0.5035535097122192,1.2988345623016357,-0.14422331750392914,0.005119358189404011,0.394747793674469,1.2819278240203857,-0.05623084306716919,0.0062156375497579575,0.49475884437561035,1.6021246910095215,-0.09011641889810562,0.0037249065935611725,0.3935316801071167,1.5841206312179565,0.1567278951406479,0.002238770015537739,0.505691409111023,1.6507352590560913,-0.09118298441171646,0.00732246320694685,0.39361047744750977,1.6293833255767822,0.17592842876911163,0.005586639512330294,0.44588929414749146,1.7031229734420776,-0.23032984137535095,0.007159733679145575,0.39579904079437256,1.69281005859375,0.07888741046190262,0.0028022697661072016
aug_0_4090.png,bharatanatyam,0.472556471824646,0.2369043529033661,-0.7415456175804138,0.9999898672103882,0.4840816557407379,0.21616891026496887,-0.6928233504295349,0.999974250793457,0.49458545446395874,0.21528056263923645,-0.6935380101203918,0.9999743700027466,0.5040398836135864,0.21431323885917664,-0.6935444474220276,0.9999808073043823,0.45148956775665283,0.21710431575775146,-0.7064252495765686,0.9999773502349854,0.4389781057834625,0.21701687574386597,-0.7070020437240601,0.9999799728393555,0.4285326600074768,0.21648654341697693,-0.7073054909706116,0.9999760389328003,0.5023013353347778,0.21896487474441528,-0.4044572114944458,0.99998939037323,0.4066312611103058,0.22127875685691833,-0.46314117312431335,0.9999403953552246,0.4900767505168915,0.25401803851127625,-0.6266059279441833,0.999984860420227,0.45324069261550903,0.25523239374160767,-0.6473859548568726,0.9999802112579346,0.5815197825431824,0.32877397537231445,-0.20068944990634918,0.9999926090240479,0.3367965817451477,0.32873108983039856,-0.32373592257499695,0.9999284744262695,0.6996079683303833,0.4362061023712158,-0.12625260651111603,0.9927184581756592,0.1744699478149414,0.3972302973270416,-0.759775698184967,0.9877029061317444,0.8360058069229126,0.5369253158569336,-0.3331585228443146,0.998204231262207,0.3470330834388733,0.37063735723495483,-1.3405348062515259,0.9968241453170776,0.8611974120140076,0.5717659592628479,-0.38707485795021057,0.9974314570426941,0.3682042062282562,0.34268730878829956,-1.4797208309173584,0.9956836700439453,0.8599209785461426,0.5736345648765564,-0.4687483012676239,0.9978410005569458,0.3889266848564148,0.33713090419769287,-1.456434726715088,0.9952595829963684,0.84514319896698,0.5646282434463501,-0.36797982454299927,0.9971981048583984,0.3881382346153259,0.35161876678466797,-1.3470313549041748,0.9919335246086121,0.547016441822052,0.5710369348526001,0.016925586387515068,0.9999260902404785,0.40436163544654846,0.5767475962638855,-0.01746666245162487,0.9998389482498169,0.693782389163971,0.7053993940353394,-0.35600027441978455,0.9793917536735535,0.42077162861824036,0.7387325763702393,-0.20352043211460114,0.9153726100921631,0.6560845375061035,0.8797527551651001,0.051392894238233566,0.9801425933837891,0.5137147307395935,0.8839499354362488,0.2306847870349884,0.9604921340942383,0.6356786489486694,0.9020265340805054,0.07497704029083252,0.9210046529769897,0.5509698390960693,0.905059278011322,0.26289504766464233,0.8489156365394592,0.6821061968803406,0.9471377730369568,-0.18644879758358002,0.9684535264968872,0.43399059772491455,0.9466996788978577,0.02995804138481617,0.923244833946228
aug_0_8518.png,bharatanatyam,0.6922023296356201,0.3042876720428467,-0.7044283151626587,0.999840497970581,0.6967526078224182,0.2643336057662964,-0.6369725465774536,0.9988478422164917,0.7016611099243164,0.26332569122314453,-0.6376652121543884,0.9990339279174805,0.7062696218490601,0.26234370470046997,-0.6377366185188293,0.9986756443977356,0.6709466576576233,0.2623417377471924,-0.6786021590232849,0.9994875192642212,0.6546552181243896,0.2610699534416199,-0.679332971572876,0.9997281432151794,0.6338046789169312,0.2601597309112549,-0.679608166217804,0.9996169805526733,0.6658436059951782,0.27224063873291016,-0.27527451515197754,0.9995802044868469,0.5731400847434998,0.2676335573196411,-0.4714275896549225,0.9996727705001831,0.6851563453674316,0.3323290944099426,-0.564105212688446,0.9996329545974731,0.6539574861526489,0.3307921290397644,-0.6265535950660706,0.9997867941856384,0.7081506252288818,0.4723738431930542,-0.18448060750961304,0.9999315738677979,0.40450718998908997,0.39324751496315,-0.3473314344882965,0.9999439716339111,0.8325181007385254,0.6474719047546387,-0.7025328874588013,0.9617211818695068,0.05113974213600159,0.3596067428588867,-0.986998975276947,0.920522153377533,0.6468966007232666,0.46599677205085754,-1.3132790327072144,0.994141161441803,0.24469105899333954,0.339682936668396,-1.5396097898483276,0.999127209186554,0.6086223721504211,0.4076712429523468,-1.4220033884048462,0.9960195422172546,0.3011198043823242,0.30274295806884766,-1.6742109060287476,0.9991662502288818,0.6091334223747253,0.3878035545349121,-1.3596413135528564,0.9962900876998901,0.33232784271240234,0.30572980642318726,-1.5806134939193726,0.9991469383239746,0.6115251779556274,0.4104264974594116,-1.2959644794464111,0.9952752590179443,0.32614582777023315,0.330518513917923,-1.5184357166290283,0.9992040991783142,0.5690308213233948,0.8997692465782166,0.1026889905333519,0.9746021032333374,0.3717848062515259,0.867550790309906,-0.10357879102230072,0.9800558686256409,0.5678191184997559,1.2209172248840332,0.010081395506858826,0.0014417904894798994,0.33977746963500977,1.1498440504074097,-0.7110217213630676,0.004393639974296093,0.5153747797012329,1.4869539737701416,0.43177828192710876,0.0005821743397973478,0.29651087522506714,1.454192876815796,-0.48552486300468445,0.002660831669345498,0.5094810724258423,1.5304691791534424,0.46011704206466675,0.0016289574559777975,0.2759488821029663,1.5076541900634766,-0.4718835949897766,0.004014250822365284,0.4827270209789276,1.5923570394515991,0.2797248363494873,0.0008292627753689885,0.3402802646160126,1.5456969738006592,-0.7376818060874939,0.0016210520407184958
aug_0_8987.png,bharatanatyam,0.2481766641139984,0.21660418808460236,-0.5251339077949524,0.9999637603759766,0.2587079405784607,0.1773964762687683,-0.49986234307289124,0.9999423027038574,0.2675645053386688,0.17390990257263184,-0.5003260374069214,0.9999141693115234,0.27405762672424316,0.1724156141281128,-0.5002572536468506,0.9999294281005859,0.2380659580230713,0.18692141771316528,-0.49300670623779297,0.9999498128890991,0.23159806430339813,0.18973147869110107,-0.49350395798683167,0.9999412298202515,0.22476601600646973,0.19264458119869232,-0.49378877878189087,0.9999539852142334,0.2928963601589203,0.1797662377357483,-0.32951822876930237,0.9999368190765381,0.22400745749473572,0.19888651371002197,-0.30698636174201965,0.9998971223831177,0.26851117610931396,0.23751430213451385,-0.45799437165260315,0.9999346733093262,0.242279052734375,0.24743637442588806,-0.45462021231651306,0.9999489784240723,0.3748106360435486,0.3192216455936432,-0.28821274638175964,0.9999009370803833,0.19264379143714905,0.3689486086368561,-0.18189728260040283,0.9999531507492065,0.3962364196777344,0.45038509368896484,-0.5025036931037903,0.973870038986206,0.055084049701690674,0.4540722966194153,-0.42445045709609985,0.9582826495170593,0.24109382927417755,0.45658445358276367,-0.7941966652870178,0.9818097352981567,0.1118340790271759,0.4378063976764679,-0.8488975763320923,0.9803586006164551,0.212935671210289,0.43521648645401,-0.8730217814445496,0.9791922569274902,0.11716168373823166,0.4205778241157532,-0.9458268880844116,0.9752864241600037,0.20747384428977966,0.4185190200805664,-0.8634496927261353,0.9771933555603027,0.1374438852071762,0.39672619104385376,-0.9334335923194885,0.9752970337867737,0.21647030115127563,0.437418669462204,-0.7933196425437927,0.9470741748809814,0.14171968400478363,0.4068353474140167,-0.8563929200172424,0.9604524374008179,0.42453527450561523,0.6683266162872314,-0.007975279353559017,0.9996310472488403,0.32002657651901245,0.734907865524292,0.007648370694369078,0.999782383441925,0.5942122936248779,0.8150122761726379,-0.089152030646801,0.5295105576515198,0.2148997038602829,0.8819594979286194,-0.39175480604171753,0.7807044386863708,0.6800236105918884,0.7657725214958191,0.3700505495071411,0.08426216244697571,0.35978108644485474,0.8855791687965393,0.0617082417011261,0.06440615653991699,0.6793084144592285,0.7686238288879395,0.4160734713077545,0.09446866065263748,0.38790982961654663,0.8666300773620605,0.11205795407295227,0.07890957593917847,0.7380166053771973,0.7799729108810425,0.3788466155529022,0.08381294459104538,0.38872867822647095,0.9540665149688721,0.07672633975744247,0.0504700131714344
aug_0_2176.png,bharatanatyam,0.5217604041099548,0.3793514668941498,-0.6803668737411499,0.9999988079071045,0.5552093386650085,0.3722091019153595,-0.646465539932251,0.9999990463256836,0.5643952488899231,0.3774513602256775,-0.647014856338501,0.9999985694885254,0.5743790864944458,0.38394999504089355,-0.6469995379447937,0.9999992847442627,0.5311892032623291,0.36261704564094543,-0.6263508200645447,0.9999983310699463,0.5232818126678467,0.36022090911865234,-0.6268910765647888,0.9999969005584717,0.5154765248298645,0.35809525847435,-0.626994252204895,0.9999974966049194,0.5846154689788818,0.40240857005119324,-0.4603129029273987,0.9999992847442627,0.5145556926727295,0.3651828467845917,-0.36716943979263306,0.9999898672103882,0.5238900184631348,0.40398648381233215,-0.6051722168922424,0.9999954700469971,0.49605610966682434,0.39026379585266113,-0.5840892195701599,0.9999896287918091,0.5772525072097778,0.5047317743301392,-0.4194760024547577,0.9999806880950928,0.3839288353919983,0.42231664061546326,-0.26036569476127625,0.9997978806495667,0.710877537727356,0.601696789264679,-0.7730206251144409,0.9915590286254883,0.3596043586730957,0.2986387610435486,-0.48663511872291565,0.9902410507202148,0.5304616093635559,0.5824484825134277,-1.1618423461914062,0.9921741485595703,0.4617823660373688,0.1927357167005539,-0.7025193572044373,0.9935184121131897,0.5104713439941406,0.5580880641937256,-1.2505974769592285,0.9812546968460083,0.5025597810745239,0.16947901248931885,-0.7845430970191956,0.9792925119400024,0.5035257935523987,0.5467031598091125,-1.2256795167922974,0.9796195030212402,0.5208795070648193,0.17454680800437927,-0.7567571997642517,0.977777361869812,0.5011703372001648,0.5580048561096191,-1.1556214094161987,0.9671603441238403,0.5091081857681274,0.1842917501926422,-0.7070326805114746,0.9729755520820618,0.3936009705066681,0.6801589727401733,-0.029587149620056152,0.9990060925483704,0.26530900597572327,0.6661418080329895,0.029080882668495178,0.9987820982933044,0.5107613801956177,0.7742999792098999,-0.3466751277446747,0.31488439440727234,0.13757701218128204,0.7801826000213623,-0.4859672486782074,0.37550413608551025,0.45627591013908386,0.8681895732879639,0.04235883429646492,0.07897061109542847,0.26327651739120483,0.8227200508117676,0.17312893271446228,0.012860666029155254,0.44490915536880493,0.8828465938568115,0.0793403759598732,0.12743601202964783,0.2936328947544098,0.8238839507102966,0.2489176094532013,0.039306141436100006,0.43834370374679565,0.9125368595123291,0.001455676625482738,0.10258215665817261,0.25249072909355164,0.8636676669120789,0.26310446858406067,0.020046280696988106
aug_0_984.png,bharatanatyam,0.49383345246315,0.1873195469379425,-0.29514771699905396,0.9997480511665344,0.5182119011878967,0.17689719796180725,-0.2415427267551422,0.9996811151504517,0.5277312397956848,0.18006396293640137,-0.24204213917255402,0.9996334314346313,0.5395848155021667,0.18365594744682312,-0.24218514561653137,0.999756395816803,0.48891907930374146,0.17170417308807373,-0.2126399427652359,0.9997716546058655,0.4806978106498718,0.17131352424621582,-0.2133408486843109,0.9997232556343079,0.47090908885002136,0.17039594054222107,-0.21368195116519928,0.9998241066932678,0.5462446808815002,0.1988055408000946,-0.01078113168478012,0.9997126460075378,0.46058204770088196,0.17935317754745483,0.12106919288635254,0.9994164705276489,0.50767982006073,0.2132822871208191,-0.20768298208713531,0.9991569519042969,0.47840264439582825,0.20365330576896667,-0.17696049809455872,0.9990666508674622,0.5643926858901978,0.29811805486679077,-0.11521286517381668,0.9996860027313232,0.386529803276062,0.2784857749938965,0.35553500056266785,0.9991018772125244,0.6353111267089844,0.1675628125667572,-0.2363966703414917,0.9578490257263184,0.3498837947845459,0.14897888898849487,0.3086371123790741,0.5150929689407349,0.5896079540252686,0.048035770654678345,-0.2807529866695404,0.8459266424179077,0.47092628479003906,0.07290610671043396,0.1346188187599182,0.5863028764724731,0.583746612071991,0.021703004837036133,-0.35109832882881165,0.8390228748321533,0.4904475510120392,0.04583674669265747,0.08191218972206116,0.6105711460113525,0.5788378715515137,0.018375635147094727,-0.3422463834285736,0.8409187197685242,0.49793872237205505,0.04474321007728577,0.07819445431232452,0.5886396169662476,0.57431560754776,0.030501067638397217,-0.27783262729644775,0.8122223615646362,0.49785518646240234,0.05325591564178467,0.11847589910030365,0.559196412563324,0.5313732624053955,0.5542590022087097,-0.19546867907047272,0.999868631362915,0.4264998733997345,0.5651997923851013,0.19453538954257965,0.999876856803894,0.2589941620826721,0.5633386373519897,-0.8342221975326538,0.9771336317062378,0.4176267683506012,0.7867664098739624,0.04673676937818527,0.7155786156654358,0.41831761598587036,0.7180058360099792,-0.3684147596359253,0.8520122766494751,0.61885666847229,0.9180210828781128,0.2877670228481293,0.8068141341209412,0.4576750099658966,0.7304003834724426,-0.31725096702575684,0.8714255094528198,0.6610013246536255,0.936056911945343,0.3097299635410309,0.7828874588012695,0.41815173625946045,0.8094878196716309,-0.3655833601951599,0.9053735136985779,0.5279389023780823,0.9703209400177002,0.19949392974376678,0.8030374646186829
aug_0_4426.png,bharatanatyam,0.6938009858131409,0.24868512153625488,-0.3324102461338043,0.9999606609344482,0.7050285935401917,0.22200614213943481,-0.3006066381931305,0.9999217987060547,0.7122517824172974,0.22373051941394806,-0.30096063017845154,0.9999104738235474,0.7180272936820984,0.22507184743881226,-0.30105337500572205,0.9999397993087769,0.6817066669464111,0.21448856592178345,-0.3107156455516815,0.9999526739120483,0.6738203763961792,0.21223004162311554,-0.3110673725605011,0.9999502897262573,0.6657840013504028,0.2107255905866623,-0.31123772263526917,0.9999443292617798,0.7187442779541016,0.23098504543304443,-0.14489388465881348,0.9999816417694092,0.6468636393547058,0.2150735855102539,-0.18229728937149048,0.9998981952667236,0.7018823623657227,0.27880987524986267,-0.27243465185165405,0.9999151229858398,0.6727030277252197,0.2701326012611389,-0.2857132852077484,0.999862551689148,0.7523790597915649,0.3892490565776825,-0.07498013228178024,0.9999915361404419,0.5825552940368652,0.36380675435066223,-0.184481680393219,0.9997925162315369,0.8775452971458435,0.46037256717681885,-0.2821290194988251,0.9481474757194519,0.5539417266845703,0.4885801374912262,-0.4075472950935364,0.9634798765182495,0.8513623476028442,0.44793787598609924,-0.5911874175071716,0.862588107585907,0.7032527923583984,0.47388339042663574,-0.6248381733894348,0.9446269869804382,0.8414670825004578,0.4362757205963135,-0.6469103693962097,0.8511781096458435,0.7316585183143616,0.46345099806785583,-0.6931055188179016,0.9169811010360718,0.8185827136039734,0.4164324700832367,-0.6420519948005676,0.8444958925247192,0.7395936250686646,0.43409261107444763,-0.6632598042488098,0.9026768207550049,0.8153682947158813,0.42531418800354004,-0.595164954662323,0.8026259541511536,0.7333959341049194,0.44795140624046326,-0.6185886263847351,0.8337604403495789,0.6640028953552246,0.7336252331733704,0.03778696060180664,0.9997178912162781,0.5670415759086609,0.6791509985923767,-0.03802649304270744,0.9996178150177002,0.7289502024650574,0.8938447833061218,-0.08682960271835327,0.37006402015686035,0.5165848731994629,0.7955662608146667,-0.37240070104599,0.9137457609176636,0.5589967966079712,0.8477249145507812,0.1792561560869217,0.019327444955706596,0.32958683371543884,0.8205423355102539,-0.3585794270038605,0.5266854763031006,0.5398635268211365,0.8251182436943054,0.20493364334106445,0.03907302767038345,0.3198845088481903,0.8173800110816956,-0.35360220074653625,0.5083904266357422,0.4835245907306671,0.8862929940223694,0.20056308805942535,0.016636034473776817,0.25505903363227844,0.8347343802452087,-0.3899098038673401,0.4146954119205475
aug_0_7437.png,bharatanatyam,0.3822437822818756,0.20747941732406616,-0.3655027747154236,0.9998154044151306,0.39458346366882324,0.18719497323036194,-0.31283265352249146,0.9995416402816772,0.4074120819568634,0.18574315309524536,-0.3133885860443115,0.9994677901268005,0.4166380763053894,0.18461087346076965,-0.3132942318916321,0.9996792078018188,0.35975703597068787,0.19064339995384216,-0.32658252120018005,0.9996926784515381,0.34726482629776,0.19171112775802612,-0.32727932929992676,0.999656081199646,0.3356231451034546,0.19270029664039612,-0.32749807834625244,0.9997301697731018,0.4265086352825165,0.18865467607975006,-0.03243442252278328,0.9997187256813049,0.32333412766456604,0.1987573802471161,-0.09394226223230362,0.9987673759460449,0.4019085764884949,0.22245743870735168,-0.25267893075942993,0.999553382396698,0.36729303002357483,0.22456347942352295,-0.27709588408470154,0.9994822144508362,0.5230501890182495,0.2895868122577667,0.108542300760746,0.999788224697113,0.24632644653320312,0.29323193430900574,0.052200399339199066,0.9985355138778687,0.6926057934761047,0.3211345076560974,-0.04849790036678314,0.97853684425354,0.13251993060112,0.4044174551963806,-0.004264368209987879,0.3573856055736542,0.5891013741493225,0.22083109617233276,-0.4097256660461426,0.9650701880455017,0.006012380123138428,0.4941825568675995,-0.20768308639526367,0.1380462646484375,0.5580931901931763,0.1961449682712555,-0.4813997149467468,0.9291324019432068,-0.033471912145614624,0.5239186882972717,-0.24849694967269897,0.130120649933815,0.542611300945282,0.1976039558649063,-0.4730072617530823,0.9264369010925293,-0.03750896453857422,0.5241286754608154,-0.3151160478591919,0.14134465157985687,0.5459139347076416,0.20981651544570923,-0.41357603669166565,0.9004485011100769,-0.006886124610900879,0.5184589624404907,-0.24343809485435486,0.16563387215137482,0.4708176255226135,0.5371895432472229,0.08137160539627075,0.9994866847991943,0.3165169060230255,0.547590434551239,-0.0819755271077156,0.9989797472953796,0.71617591381073,0.651380181312561,-0.1443173885345459,0.8794978857040405,0.4123031497001648,0.7025010585784912,-0.2828714847564697,0.7861493229866028,0.6092066168785095,0.8426371812820435,0.10936395078897476,0.7935805320739746,0.5066874027252197,0.8802151083946228,-0.015048589557409286,0.8202831149101257,0.5561732053756714,0.8592091798782349,0.11880280822515488,0.5998238921165466,0.5197278261184692,0.8978739380836487,0.0004972515162080526,0.5304580926895142,0.6556155681610107,0.9138201475143433,-0.15600183606147766,0.717290997505188,0.4995834529399872,0.9281439185142517,-0.28132084012031555,0.6708415746688843
aug_0_4089.png,bharatanatyam,0.4664345681667328,0.10584241151809692,-0.5322827100753784,0.9999939203262329,0.4831789433956146,0.08624717593193054,-0.49282655119895935,0.9999847412109375,0.4964679777622223,0.08560481667518616,-0.4934866428375244,0.9999837875366211,0.5062425136566162,0.08517569303512573,-0.4933026432991028,0.9999849796295166,0.44751977920532227,0.08832108974456787,-0.47875717282295227,0.9999886751174927,0.43644142150878906,0.08890208601951599,-0.47947779297828674,0.9999895095825195,0.42386409640312195,0.08970919251441956,-0.47993990778923035,0.9999874830245972,0.5216097235679626,0.09031036496162415,-0.270934134721756,0.9999849796295166,0.4165310561656952,0.09602159261703491,-0.2031884342432022,0.9999783039093018,0.4927419126033783,0.12138166278600693,-0.4458814859390259,0.9999616146087646,0.4500683546066284,0.1223173439502716,-0.43068569898605347,0.9999476671218872,0.6344932317733765,0.16939465701580048,-0.2489621788263321,0.999937891960144,0.3745402693748474,0.20207129418849945,-0.02820470929145813,0.9996504783630371,0.7861906290054321,0.25453197956085205,-0.3671499490737915,0.9279540181159973,0.21589282155036926,0.2495298832654953,-0.40539199113845825,0.9190562963485718,0.9552395939826965,0.3244333863258362,-0.5691244602203369,0.9562958478927612,0.27041947841644287,0.14865034818649292,-0.8622986078262329,0.9855140447616577,0.9947508573532104,0.3471425771713257,-0.6111016273498535,0.963420569896698,0.28596484661102295,0.12246519327163696,-0.9546754956245422,0.9817455410957336,1.0023833513259888,0.34807348251342773,-0.6770190596580505,0.9703512787818909,0.3036222457885742,0.12179353833198547,-0.9216735363006592,0.9794801473617554,0.9774715304374695,0.34441903233528137,-0.5968701839447021,0.9673596024513245,0.30641040205955505,0.13382065296173096,-0.8662719130516052,0.976852536201477,0.6731137633323669,0.4143824577331543,-0.13878720998764038,0.9994999170303345,0.5265856385231018,0.42751359939575195,0.13808125257492065,0.9994423985481262,0.6495667695999146,0.6001477241516113,-0.3089907765388489,0.6713317036628723,0.313872367143631,0.5602999329566956,-0.15706254541873932,0.6305018067359924,0.6797274351119995,0.7575529217720032,-0.11036890745162964,0.7869396805763245,0.5162672400474548,0.7112287878990173,0.033866848796606064,0.6676890850067139,0.7193264961242676,0.7779712677001953,-0.10113532841205597,0.49960678815841675,0.5790920257568359,0.7242840528488159,0.05047362297773361,0.6257644891738892,0.5936363935470581,0.8360152244567871,-0.29604682326316833,0.7350797653198242,0.4934292733669281,0.7945975065231323,-0.06339603662490845,0.6051195859909058
aug_0_1810.png,bharatanatyam,0.5077717304229736,0.3766753673553467,-0.5431119203567505,0.9992415904998779,0.49645376205444336,0.35637062788009644,-0.5174382925033569,0.9994487166404724,0.5026080012321472,0.35246962308883667,-0.5181052684783936,0.9992103576660156,0.5065075755119324,0.3486133813858032,-0.5179992914199829,0.9994356036186218,0.48040494322776794,0.37346166372299194,-0.5452557802200317,0.9997021555900574,0.47394606471061707,0.38190120458602905,-0.5460317134857178,0.999725878238678,0.46711644530296326,0.3912801742553711,-0.5464595556259155,0.9997932314872742,0.5085514187812805,0.36059436202049255,-0.3276052474975586,0.9995123147964478,0.4560227394104004,0.4113103151321411,-0.4482209384441376,0.99935382604599,0.5310429334640503,0.3869614899158478,-0.45607978105545044,0.9967625141143799,0.5095770955085754,0.4040224254131317,-0.49608561396598816,0.9966610670089722,0.5406570434570312,0.42402052879333496,-0.14690475165843964,0.9997783303260803,0.5293129682540894,0.510513961315155,-0.4027646780014038,0.9991683959960938,0.5083785057067871,0.2996770441532135,0.018552560359239578,0.40181246399879456,0.6915661096572876,0.5414888858795166,-0.4529021680355072,0.9572601914405823,0.434776246547699,0.2140711545944214,0.04872477054595947,0.6880305409431458,0.8699750304222107,0.5433496832847595,-0.5542914867401123,0.9687381982803345,0.4018091559410095,0.20987164974212646,0.03667749464511871,0.7718872427940369,0.9090876579284668,0.517350435256958,-0.6461985111236572,0.968461275100708,0.39489126205444336,0.21809720993041992,0.008075028657913208,0.770873486995697,0.9049496054649353,0.5065966248512268,-0.6216232776641846,0.9675893783569336,0.4021216332912445,0.22165554761886597,0.0429559051990509,0.7177792191505432,0.894088625907898,0.5162408351898193,-0.5490679740905762,0.9376898407936096,0.5967659950256348,0.7422616481781006,0.07720596343278885,0.9999582767486572,0.521521270275116,0.7471720576286316,-0.0776020810008049,0.9999270439147949,0.7654511332511902,0.8470430970191956,0.2517254650592804,0.7691206336021423,0.3235760033130646,0.9218610525131226,-0.14563041925430298,0.9379216432571411,0.5967485904693604,0.8964183330535889,0.6231943368911743,0.32139265537261963,0.20104548335075378,0.7203311920166016,0.03189944475889206,0.5866963863372803,0.5711364150047302,0.888472318649292,0.6650781035423279,0.40736672282218933,0.2186841070652008,0.6855825185775757,0.0645778551697731,0.6728589534759521,0.5598521828651428,0.9798383116722107,0.7444574236869812,0.2413841187953949,0.11383363604545593,0.6162271499633789,0.15393488109111786,0.5430102348327637
aug_0_7231.png,bharatanatyam,0.49665576219558716,0.1948525607585907,-0.18254029750823975,0.9932708144187927,0.5097410082817078,0.17608505487442017,-0.16814367473125458,0.9924495220184326,0.5190617442131042,0.1751025915145874,-0.16869086027145386,0.9866222739219666,0.5287468433380127,0.17412683367729187,-0.1686859279870987,0.991908609867096,0.49086377024650574,0.1763063371181488,-0.1624014675617218,0.997395396232605,0.48646169900894165,0.17552483081817627,-0.16332420706748962,0.9973540306091309,0.48268842697143555,0.1744871586561203,-0.16386044025421143,0.9987096786499023,0.5611699223518372,0.17385360598564148,-0.05261413753032684,0.9892489910125732,0.5108422040939331,0.17634323239326477,-0.022062165662646294,0.996232807636261,0.5195786356925964,0.2055283784866333,-0.12805134057998657,0.973105251789093,0.49844756722450256,0.20913180708885193,-0.12392885237932205,0.9816465973854065,0.6418440937995911,0.20493736863136292,0.04313908517360687,0.9968215227127075,0.520818829536438,0.28199565410614014,-0.04515671730041504,0.9980820417404175,0.6422004699707031,0.09642943739891052,-0.11110346764326096,0.3517647981643677,0.629496157169342,0.38659191131591797,-0.07612733542919159,0.4116152226924896,0.6116610169410706,-0.00022804737091064453,-0.32256031036376953,0.542252779006958,0.801244854927063,0.41566261649131775,-0.19717036187648773,0.6860457062721252,0.6173404455184937,-0.023462533950805664,-0.3925406336784363,0.6185780763626099,0.8231325745582581,0.4469272196292877,-0.2564772367477417,0.7257782220840454,0.618076741695404,-0.023632287979125977,-0.3960132300853729,0.616767406463623,0.8254951238632202,0.44792860746383667,-0.28407910466194153,0.7257506847381592,0.6147190928459167,-0.016336947679519653,-0.3325500786304474,0.576109766960144,0.8165366649627686,0.43476954102516174,-0.21026144921779633,0.6321700215339661,0.6976050138473511,0.46938419342041016,0.01713263988494873,0.999843955039978,0.6082800626754761,0.4577782154083252,-0.01793009229004383,0.9997286200523376,0.7115598320960999,0.6634530425071716,-0.02314758487045765,0.3599857985973358,0.532573938369751,0.5824472904205322,-0.13965091109275818,0.0942903384566307,0.6037359237670898,0.8253514170646667,0.004956554155796766,0.38900288939476013,0.5660285949707031,0.5914099812507629,-0.013981925323605537,0.015475696884095669,0.5692399144172668,0.8541461229324341,0.0007314723916351795,0.3426453471183777,0.5802698731422424,0.5996525287628174,0.0015907669439911842,0.026530567556619644,0.680030882358551,0.8740686178207397,-0.13891345262527466,0.37735676765441895,0.5702117681503296,0.5918539762496948,-0.04358655586838722,0.03049197979271412
aug_0_1326.png,bharatanatyam,0.6461813449859619,0.26017093658447266,-0.1909177005290985,0.9999661445617676,0.6781182885169983,0.24136531352996826,-0.14368480443954468,0.9999039173126221,0.6894192695617676,0.24302402138710022,-0.1442185640335083,0.9999114274978638,0.6998645067214966,0.2452377825975418,-0.1441206932067871,0.9999271631240845,0.6511245965957642,0.2406715750694275,-0.11140459775924683,0.9999266862869263,0.6447657346725464,0.24109840393066406,-0.11195992678403854,0.9999450445175171,0.639069676399231,0.24138325452804565,-0.11214794218540192,0.9999386072158813,0.739505410194397,0.26640310883522034,0.058482248336076736,0.99997878074646,0.6516138911247253,0.2545362114906311,0.20883195102214813,0.9999139308929443,0.666523277759552,0.28577861189842224,-0.11605381220579147,0.9999786615371704,0.6359753012657166,0.2825091481208801,-0.07750016450881958,0.9999674558639526,0.8280066847801208,0.37817636132240295,-0.0013170281890779734,0.9999902248382568,0.5608506202697754,0.3855598270893097,0.33915266394615173,0.9999661445617676,0.9327079653739929,0.47838398814201355,-0.275292307138443,0.991258442401886,0.3385438024997711,0.4343395233154297,0.01403716579079628,0.8429138660430908,0.6731714606285095,0.49449700117111206,-0.6096136569976807,0.9935164451599121,0.3517996668815613,0.4345845580101013,-0.5694463849067688,0.9847972989082336,0.5974816083908081,0.500734269618988,-0.7116186022758484,0.994260311126709,0.34023505449295044,0.42151588201522827,-0.6895838379859924,0.9902974963188171,0.584589958190918,0.4893925189971924,-0.6803296208381653,0.9940208792686462,0.3996915817260742,0.4146277904510498,-0.6668265461921692,0.9887759685516357,0.5961819291114807,0.49690258502960205,-0.5978736877441406,0.9885665774345398,0.4086635112762451,0.425487220287323,-0.5780213475227356,0.9860957264900208,0.7193164229393005,0.6623798608779907,-0.10685282945632935,0.9999634027481079,0.5326692461967468,0.6406473517417908,0.10594445466995239,0.9999547004699707,0.8106511831283569,0.7674672603607178,-0.7955347299575806,0.960746705532074,0.2123469114303589,0.6695483326911926,-0.3935396075248718,0.9185723066329956,0.6635565757751465,0.8649954795837402,0.08526653051376343,0.3566301465034485,0.3401743173599243,0.8264567852020264,0.08125405013561249,0.7418992519378662,0.647871732711792,0.8681939244270325,0.17770735919475555,0.3762612044811249,0.3875724673271179,0.8655022382736206,0.13215099275112152,0.7523409724235535,0.5817464590072632,0.9272897243499756,0.09330765902996063,0.32854560017585754,0.2013693004846573,0.8564354777336121,0.00931037962436676,0.6163731813430786
aug_0_1780.png,bharatanatyam,0.5959721803665161,0.26742029190063477,-0.24128863215446472,0.9999518394470215,0.5713427662849426,0.26236236095428467,-0.21323442459106445,0.9999240636825562,0.5700528025627136,0.26432475447654724,-0.2137013077735901,0.9999003410339355,0.568632185459137,0.2660456597805023,-0.21368145942687988,0.9999173879623413,0.5684607625007629,0.26438355445861816,-0.25599923729896545,0.9999722242355347,0.5649139285087585,0.2678287923336029,-0.2567223608493805,0.9999752044677734,0.5607605576515198,0.27237266302108765,-0.2570485472679138,0.9999831914901733,0.550825834274292,0.2944469451904297,-0.07714026421308517,0.999958872795105,0.5395553708076477,0.304484486579895,-0.2726631164550781,0.9999669790267944,0.6069099307060242,0.2918143570423126,-0.18539369106292725,0.9999549388885498,0.6029992699623108,0.2935525178909302,-0.24613706767559052,0.9999706745147705,0.6490184664726257,0.38822492957115173,-0.03286851570010185,0.9999699592590332,0.5163196325302124,0.4352142810821533,-0.33272144198417664,0.9999697208404541,0.7204251289367676,0.24251537024974823,-0.06180652230978012,0.918442964553833,0.3618709444999695,0.4881839454174042,-0.5423642992973328,0.9939470291137695,0.6644355654716492,0.09851062297821045,-0.1679811030626297,0.9428821206092834,0.32759225368499756,0.5415152907371521,-0.9078890085220337,0.9974984526634216,0.6314144134521484,0.060681283473968506,-0.19642847776412964,0.9405291676521301,0.32112884521484375,0.5783637762069702,-1.0149391889572144,0.9970089793205261,0.615199625492096,0.06512266397476196,-0.2207322120666504,0.9414703249931335,0.3548257052898407,0.5706523060798645,-1.0272867679595947,0.9967849254608154,0.6187631487846375,0.08009535074234009,-0.18049176037311554,0.9303874969482422,0.36180272698402405,0.5646379590034485,-0.9240229725837708,0.9933061003684998,0.5977420806884766,0.7237737774848938,0.10036662966012955,0.9999643564224243,0.5064369440078735,0.7183758020401001,-0.1004181057214737,0.9999507665634155,0.8628909587860107,0.7842808961868286,0.235147163271904,0.9885030388832092,0.2628183364868164,0.8256698846817017,-0.34414589405059814,0.9941576719284058,0.6470646262168884,0.7985457181930542,0.2669711112976074,0.8669669032096863,0.32767102122306824,0.5971054434776306,-0.014025255106389523,0.4876258373260498,0.6221451759338379,0.7902303338050842,0.27227503061294556,0.8522065877914429,0.34626972675323486,0.5781280398368835,0.03675136715173721,0.6151784658432007,0.6292362213134766,0.8211981058120728,0.24269315600395203,0.7989407777786255,0.3293452858924866,0.48528677225112915,0.10227155685424805,0.420721173286438
aug_0_7091.png,bharatanatyam,0.5873613357543945,0.06030428782105446,-0.01392404269427061,0.9999750852584839,0.5931368470191956,0.0382157564163208,0.019916260614991188,0.9999799728393555,0.6019120216369629,0.03635552525520325,0.019658228382468224,0.999974250793457,0.6093682050704956,0.03494173288345337,0.019690485671162605,0.999981164932251,0.5721825957298279,0.04361146688461304,0.03190256655216217,0.9999891519546509,0.5663262605667114,0.04582419991493225,0.031519223004579544,0.9999876022338867,0.5599902868270874,0.04856443405151367,0.0312800295650959,0.99998939037323,0.6211701035499573,0.04266821965575218,0.15820899605751038,0.9999816417694092,0.5514809489250183,0.06414112448692322,0.2113129198551178,0.9999712705612183,0.6055995225906372,0.07674345374107361,0.0336470901966095,0.9999709129333496,0.5783860683441162,0.08668100833892822,0.04674971103668213,0.9999549388885498,0.6789064407348633,0.1612653285264969,0.065418541431427,0.9999293088912964,0.5296154022216797,0.21297459304332733,0.2721518278121948,0.9998594522476196,0.6187140941619873,0.24325329065322876,-0.16417405009269714,0.8867368698120117,0.4577433466911316,0.3123387396335602,-0.00117281184066087,0.7899191975593567,0.4771004319190979,0.2617974281311035,-0.3469866216182709,0.7261576652526855,0.4720824360847473,0.24882759153842926,-0.36604392528533936,0.8184542655944824,0.446561336517334,0.2855965495109558,-0.4026355743408203,0.6969630718231201,0.46675440669059753,0.22603468596935272,-0.4331423044204712,0.8048723340034485,0.44417279958724976,0.2741464376449585,-0.37994372844696045,0.6988688707351685,0.47192054986953735,0.20494432747364044,-0.4179002642631531,0.7892158627510071,0.45445728302001953,0.2693924903869629,-0.33986958861351013,0.6217700242996216,0.4749164581298828,0.21281586587429047,-0.3714978098869324,0.7265255451202393,0.675004780292511,0.4401799142360687,-0.07929731905460358,0.999500036239624,0.5912870168685913,0.45787513256073,0.07875311374664307,0.9997548460960388,0.5295172929763794,0.31700587272644043,-0.4505845606327057,0.9217838048934937,0.5426456928253174,0.45843207836151123,-0.2771213948726654,0.8752143979072571,0.40549182891845703,0.5363788604736328,-0.6453226208686829,0.9549291729927063,0.6182326674461365,0.7929583787918091,-0.2615569531917572,0.8907681107521057,0.4223032295703888,0.5853832960128784,-0.6697914600372314,0.9278409481048584,0.6315458416938782,0.8308568596839905,-0.26185280084609985,0.8314352631568909,0.3008100092411041,0.6084625720977783,-0.881165087223053,0.9676346778869629,0.6344671845436096,0.8997039794921875,-0.4420316219329834,0.8704426288604736
aug_0_6862.png,bharatanatyam,0.518238365650177,0.28605908155441284,-0.25625845789909363,0.9999972581863403,0.5439848899841309,0.29083502292633057,-0.23993614315986633,0.9999982118606567,0.5464506149291992,0.29635173082351685,-0.2404184341430664,0.9999972581863403,0.548289954662323,0.30183088779449463,-0.24055443704128265,0.9999985694885254,0.5354378819465637,0.2791649103164673,-0.21630701422691345,0.9999980926513672,0.5319510698318481,0.27615225315093994,-0.21668599545955658,0.9999963045120239,0.5281882286071777,0.2727357745170593,-0.21681232750415802,0.999997615814209,0.542538046836853,0.31346026062965393,-0.1336325705051422,0.9999974966049194,0.5175814628601074,0.27730435132980347,-0.028254345059394836,0.9999854564666748,0.5048144459724426,0.30207371711730957,-0.2115805298089981,0.9999632835388184,0.4976263642311096,0.2888202667236328,-0.1847587376832962,0.9999712705612183,0.45492488145828247,0.33657631278038025,-0.17339478433132172,0.9999369382858276,0.4516249895095825,0.3142130970954895,0.08392495661973953,0.9999136924743652,0.381418377161026,0.28021854162216187,-0.22712068259716034,0.8585555553436279,0.5043787360191345,0.2438385933637619,0.019596436992287636,0.3358287215232849,0.2922269403934479,0.19628462195396423,-0.2448454350233078,0.8462413549423218,0.6158920526504517,0.20362605154514313,-0.08698379993438721,0.42919597029685974,0.25302737951278687,0.18360891938209534,-0.30050334334373474,0.812766432762146,0.6508031487464905,0.2040165513753891,-0.13400231301784515,0.3965461850166321,0.2527656555175781,0.18050611019134521,-0.28251585364341736,0.7847825288772583,0.6556731462478638,0.20991970598697662,-0.1395142823457718,0.3934018313884735,0.2668798565864563,0.1850300133228302,-0.2344820499420166,0.6479610800743103,0.6455860137939453,0.21196860074996948,-0.09752000123262405,0.371582567691803,0.38361528515815735,0.47514840960502625,-0.02962438389658928,0.9998064637184143,0.3250293433666229,0.4801478087902069,0.02894057147204876,0.999916672706604,0.6098067760467529,0.5364591479301453,0.006056979764252901,0.1102980375289917,0.34894701838493347,0.5953015685081482,-0.19923442602157593,0.3956420421600342,0.6909339427947998,0.43755730986595154,0.3051541745662689,0.008322512730956078,0.24637387692928314,0.6042255163192749,0.03538312762975693,0.045860808342695236,0.690769374370575,0.420216828584671,0.3360580503940582,0.018928708508610725,0.22796720266342163,0.612341582775116,0.06658650189638138,0.06858176738023758,0.7258284091949463,0.40130841732025146,0.3616134524345398,0.01637616567313671,0.2248939722776413,0.5995965600013733,0.05736542120575905,0.04885586351156235
aug_0_161.png,bharatanatyam,0.6193755269050598,0.3801696002483368,-0.5803827047348022,0.999998927116394,0.6524256467819214,0.37507298588752747,-0.5432642698287964,0.9999991655349731,0.6630575656890869,0.38037624955177307,-0.5438687205314636,0.999998927116394,0.6706053614616394,0.3848003149032593,-0.5438886284828186,0.9999994039535522,0.6288801431655884,0.36364662647247314,-0.5273381471633911,0.9999985694885254,0.6220657229423523,0.3603973388671875,-0.5278184413909912,0.9999972581863403,0.614503026008606,0.3573381304740906,-0.5279019474983215,0.9999977350234985,0.6788780689239502,0.4037533700466156,-0.3549501895904541,0.9999994039535522,0.6090389490127563,0.36306431889533997,-0.2821640968322754,0.9999902248382568,0.6177408695220947,0.4039718508720398,-0.5060158371925354,0.999996542930603,0.5915579199790955,0.38935086131095886,-0.4905065596103668,0.9999916553497314,0.6535078287124634,0.5088604688644409,-0.3229066729545593,0.999984622001648,0.4762529730796814,0.4158601760864258,-0.1782679557800293,0.9997937083244324,0.7622414827346802,0.6200394630432129,-0.6442649960517883,0.9875316023826599,0.4704497158527374,0.2916278541088104,-0.3925548791885376,0.9734202027320862,0.6014032363891602,0.5872958302497864,-1.043195366859436,0.9889708757400513,0.5838568806648254,0.18363872170448303,-0.6129955649375916,0.9881240725517273,0.5783669948577881,0.5653090476989746,-1.1316202878952026,0.9791600108146667,0.627959668636322,0.16178247332572937,-0.6955881714820862,0.9725456833839417,0.5748146772384644,0.5538268089294434,-1.1121585369110107,0.9777626395225525,0.645691990852356,0.1674763560295105,-0.6744952201843262,0.9710512757301331,0.5765557885169983,0.5630736947059631,-1.0394998788833618,0.9647661447525024,0.6329947113990784,0.17639046907424927,-0.6209774613380432,0.9680330753326416,0.45918798446655273,0.6713764667510986,-0.01921672746539116,0.999393105506897,0.33707961440086365,0.6536081433296204,0.01873740553855896,0.9992040991783142,0.5652424097061157,0.7999987602233887,-0.188299760222435,0.2711643576622009,0.23700016736984253,0.7903550863265991,-0.37678468227386475,0.35164064168930054,0.5546585917472839,0.8931810259819031,0.1284656673669815,0.10710593312978745,0.3790968060493469,0.8499809503555298,0.17938382923603058,0.024632390588521957,0.5431243777275085,0.9064551591873169,0.15726637840270996,0.15013548731803894,0.4088871479034424,0.8536525964736938,0.24238522350788116,0.056288957595825195,0.5541781187057495,0.9402421712875366,0.07286877930164337,0.13246473670005798,0.3820090889930725,0.8971610069274902,0.23188680410385132,0.03273294121026993
aug_0_3693.png,bharatanatyam,0.5775039792060852,0.2842892110347748,-0.37547728419303894,0.9999922513961792,0.5933932662010193,0.2595909535884857,-0.32905977964401245,0.9999725818634033,0.6055030226707458,0.25896400213241577,-0.3294539153575897,0.999962568283081,0.6178786158561707,0.2587423324584961,-0.32942044734954834,0.9999731779098511,0.5602546334266663,0.25962164998054504,-0.33325499296188354,0.9999822378158569,0.5495592355728149,0.2592180669307709,-0.33378997445106506,0.999983549118042,0.5383429527282715,0.2597232162952423,-0.3340463936328888,0.9999849796295166,0.636496901512146,0.26431649923324585,-0.086387038230896,0.9999843835830688,0.5274754762649536,0.2717001140117645,-0.10641219466924667,0.9999662637710571,0.6020624041557312,0.30439895391464233,-0.28139621019363403,0.9999899864196777,0.5601769089698792,0.3078097105026245,-0.2903730869293213,0.9999879598617554,0.7209753394126892,0.3894898295402527,0.03481016308069229,0.9999827146530151,0.46305668354034424,0.4050855338573456,-0.023277172818779945,0.9999700784683228,0.7872950434684753,0.5285003781318665,0.037330836057662964,0.980830729007721,0.2989268898963928,0.4716202914714813,-0.2946004569530487,0.9751951098442078,0.7340130805969238,0.6198728084564209,-0.1900303214788437,0.9812016487121582,0.3981432020664215,0.49475669860839844,-0.7477474212646484,0.9921642541885376,0.749081015586853,0.66628098487854,-0.25848427414894104,0.9795176982879639,0.403759241104126,0.46600618958473206,-0.8565929532051086,0.9919265508651733,0.7211503982543945,0.6622604727745056,-0.29569369554519653,0.9810218811035156,0.434755802154541,0.46042600274086,-0.8525517582893372,0.9912643432617188,0.7102662920951843,0.6435469388961792,-0.20791271328926086,0.976248562335968,0.444806843996048,0.4755074679851532,-0.7572509050369263,0.9871665835380554,0.6754193902015686,0.6425654292106628,0.03216105327010155,0.9998262524604797,0.5280780792236328,0.6483699083328247,-0.03248995169997215,0.999823272228241,0.7909300327301025,0.8052542209625244,-0.40667569637298584,0.605980634689331,0.4342415928840637,0.8057758808135986,-0.4572393298149109,0.6477043628692627,0.7056540250778198,0.9724525809288025,-0.05323474854230881,0.20769517123699188,0.5297161340713501,0.9840372204780579,-0.15820811688899994,0.28232675790786743,0.6741675734519958,0.9971331357955933,-0.026405546814203262,0.2953183054924011,0.5577898621559143,1.0092600584030151,-0.13292954862117767,0.18969306349754333,0.7381575703620911,1.0417224168777466,-0.20688380300998688,0.15519264340400696,0.5278158187866211,1.0552341938018799,-0.3355807960033417,0.1430301070213318
aug_0_3958.png,bharatanatyam,0.358018159866333,0.1367499828338623,-0.10595162212848663,0.9998065829277039,0.37257739901542664,0.11884483695030212,-0.06465692073106766,0.9996366500854492,0.3809102773666382,0.12192142009735107,-0.06489201635122299,0.9993801116943359,0.3875734508037567,0.12450838088989258,-0.06490485370159149,0.9995383024215698,0.35081222653388977,0.11257988959550858,-0.0741044357419014,0.9998124241828918,0.3432650566101074,0.11125066876411438,-0.07443135976791382,0.999806821346283,0.33775559067726135,0.11073243618011475,-0.0746251791715622,0.9998729228973389,0.3959794342517853,0.13553109765052795,0.10263292491436005,0.9994712471961975,0.32987093925476074,0.12359768897294998,0.05862605944275856,0.9995244741439819,0.3729616105556488,0.1622713804244995,-0.046754807233810425,0.9993215799331665,0.3417010009288788,0.1541459858417511,-0.06146197021007538,0.9993752837181091,0.42812272906303406,0.25002533197402954,0.1935783177614212,0.9993487000465393,0.2899928689002991,0.23756994307041168,-0.007105536758899689,0.9998984336853027,0.5040382742881775,0.346513569355011,0.07686204463243484,0.4170500338077545,0.3502391278743744,0.2946310043334961,-0.24942995607852936,0.8721945881843567,0.48210179805755615,0.3194395899772644,-0.14987362921237946,0.17212973535060883,0.47687435150146484,0.2953092157840729,-0.4698841869831085,0.9089764356613159,0.47514432668685913,0.3238788843154907,-0.18703585863113403,0.23417605459690094,0.5117948055267334,0.3066707253456116,-0.538916826248169,0.8786913752555847,0.46911299228668213,0.29996538162231445,-0.19665156304836273,0.22504331171512604,0.5167067050933838,0.30445271730422974,-0.5138676762580872,0.8675092458724976,0.469482421875,0.2994014620780945,-0.1580020785331726,0.19260936975479126,0.5066115856170654,0.3034355640411377,-0.4652114808559418,0.8148240447044373,0.40008363127708435,0.4918179214000702,0.06773050129413605,0.9998395442962646,0.3258040249347687,0.4860628843307495,-0.0682639330625534,0.9998683929443359,0.4594357907772064,0.429690957069397,-0.3351103365421295,0.8950837850570679,0.4220414161682129,0.3449743986129761,-0.4156573712825775,0.9104695916175842,0.5656856298446655,0.590105414390564,-0.49662917852401733,0.8516266942024231,0.519096851348877,0.545128583908081,-0.4139809310436249,0.7593836784362793,0.5764904022216797,0.583678126335144,-0.5194882750511169,0.8208072185516357,0.5231031179428101,0.5831863880157471,-0.4145388603210449,0.6493557691574097,0.6196954250335693,0.6076987385749817,-0.6808932423591614,0.8874615430831909,0.5813793540000916,0.5838905572891235,-0.5302605628967285,0.7877330183982849
aug_0_4549.png,bharatanatyam,0.5219348669052124,0.3233352303504944,-0.19971191883087158,0.9990882873535156,0.5358875393867493,0.30591118335723877,-0.19742445647716522,0.9991623163223267,0.5464655160903931,0.3058575689792633,-0.19804787635803223,0.9985257983207703,0.5571723580360413,0.3054577112197876,-0.19799469411373138,0.9991412162780762,0.5165351629257202,0.30311158299446106,-0.18646524846553802,0.9996021389961243,0.5121148824691772,0.3018408715724945,-0.1873951256275177,0.9995602965354919,0.5081883072853088,0.3006031811237335,-0.1878749430179596,0.9997599720954895,0.5897456407546997,0.3055261969566345,-0.1275767832994461,0.9988481998443604,0.5402364730834961,0.3025277853012085,-0.07415978610515594,0.9991896748542786,0.5463162660598755,0.3348288834095001,-0.15910017490386963,0.9973180890083313,0.5256579518318176,0.33817750215530396,-0.1489691138267517,0.9974718689918518,0.6685526967048645,0.3372543454170227,-0.007470300421118736,0.9996256828308105,0.5597943067550659,0.3980831801891327,-0.10992699861526489,0.9993271827697754,0.6863240599632263,0.2135847508907318,-0.06636621803045273,0.8378371596336365,0.6551594734191895,0.508715808391571,-0.1339910626411438,0.529280424118042,0.634489893913269,0.10263007879257202,-0.24376679956912994,0.9231312274932861,0.8218691349029541,0.5447552800178528,-0.2535499930381775,0.7052538394927979,0.6073471903800964,0.08625364303588867,-0.3024238646030426,0.9251166582107544,0.8472878932952881,0.5703136324882507,-0.31846052408218384,0.7106916904449463,0.5980000495910645,0.09134507179260254,-0.31416794657707214,0.921305775642395,0.8545231819152832,0.5663623809814453,-0.3451502323150635,0.7041732668876648,0.6073424220085144,0.09704488515853882,-0.25227129459381104,0.9008108973503113,0.845633864402771,0.5562981963157654,-0.26654765009880066,0.6311308741569519,0.6791912317276001,0.5910308361053467,0.04187489300966263,0.9999337196350098,0.5990052223205566,0.5717362761497498,-0.042707622051239014,0.9998071789741516,0.7231574058532715,0.7951058745384216,-0.025681596249341965,0.8696889281272888,0.5390152931213379,0.6883723735809326,-0.23561012744903564,0.35402223467826843,0.5954186916351318,0.9326750040054321,0.1059662327170372,0.5909063220024109,0.5328241586685181,0.617904782295227,0.10407816618680954,0.02395116351544857,0.5575438737869263,0.9555404186248779,0.11646568775177002,0.5712617635726929,0.5281238555908203,0.6164689064025879,0.1480904370546341,0.05388418957591057,0.6834926009178162,0.9751526117324829,0.061928339302539825,0.5261335372924805,0.5444893836975098,0.5874652862548828,0.2283838987350464,0.03773514926433563
aug_0_328.png,bharatanatyam,0.43696993589401245,0.29748961329460144,-0.27811816334724426,0.9995699524879456,0.43475329875946045,0.2796035408973694,-0.23472368717193604,0.9991274476051331,0.4427946209907532,0.2767477035522461,-0.23547056317329407,0.9989487528800964,0.44868648052215576,0.27485212683677673,-0.23560187220573425,0.9993775486946106,0.40935274958610535,0.2878781855106354,-0.2510280907154083,0.9995678067207336,0.4002443253993988,0.2911846935749054,-0.25183823704719543,0.9995282888412476,0.3903900384902954,0.2950188219547272,-0.252156525850296,0.9996490478515625,0.4514029026031494,0.28508052229881287,-0.043848223984241486,0.9994778037071228,0.3770850598812103,0.3120971918106079,-0.10882863402366638,0.9986781477928162,0.4588892459869385,0.31073111295700073,-0.20155586302280426,0.9989525079727173,0.4303022027015686,0.3174731731414795,-0.2254522442817688,0.9989297986030579,0.5591630339622498,0.346971333026886,0.005659038666635752,0.9999221563339233,0.3902412950992584,0.43656307458877563,-0.06591323018074036,0.9993652701377869,0.5870967507362366,0.21071863174438477,-0.00829053483903408,0.9202070832252502,0.2846023142337799,0.5356860160827637,-0.28568342328071594,0.329885333776474,0.5036959648132324,0.09424090385437012,-0.06539133191108704,0.9477623105049133,0.4273228049278259,0.5186922550201416,-0.6243799924850464,0.45567774772644043,0.48026105761528015,0.06927376985549927,-0.1199374869465828,0.9177873730659485,0.45670244097709656,0.5020605325698853,-0.7035380005836487,0.4725658893585205,0.454405277967453,0.07180219888687134,-0.1102716326713562,0.9162300825119019,0.4617123305797577,0.4914519190788269,-0.7046517133712769,0.46737316250801086,0.45712268352508545,0.08251684904098511,-0.06624118238687515,0.9006835222244263,0.45582449436187744,0.4958457946777344,-0.6336157321929932,0.3864794075489044,0.6524248123168945,0.6185096502304077,0.02600204013288021,0.9992235898971558,0.5179168581962585,0.6282029747962952,-0.026744138449430466,0.9983450174331665,0.774781346321106,0.7572705745697021,-0.2084149569272995,0.38962221145629883,0.46646836400032043,0.7478041052818298,-0.09986285120248795,0.047342218458652496,0.6359983682632446,0.8754888772964478,0.16001056134700775,0.047542497515678406,0.41909050941467285,0.8906716704368591,0.19349710643291473,0.027428211644291878,0.6021785736083984,0.8909822106361389,0.1949414312839508,0.07784648984670639,0.42441174387931824,0.919064462184906,0.22488699853420258,0.02565491572022438,0.626498281955719,0.9193319082260132,0.1306699812412262,0.04387335106730461,0.3928365111351013,0.929608941078186,0.1535397171974182,0.023161593824625015
aug_0_4608.png,bharatanatyam,0.7112853527069092,0.1841685175895691,-0.43161144852638245,0.9999624490737915,0.7300889492034912,0.1736907958984375,-0.40454620122909546,0.9998941421508789,0.7370547652244568,0.18152141571044922,-0.40494364500045776,0.9998749494552612,0.7447658777236938,0.19167715311050415,-0.4049261510372162,0.9998937845230103,0.7166973948478699,0.1630071997642517,-0.3922210931777954,0.9999488592147827,0.713240385055542,0.16166305541992188,-0.3927253484725952,0.9999516010284424,0.709789514541626,0.16054368019104004,-0.39293718338012695,0.9999598264694214,0.7593724727630615,0.23137874901294708,-0.25473588705062866,0.9999300241470337,0.7151227593421936,0.18704330921173096,-0.19189861416816711,0.9998852014541626,0.7167434096336365,0.2310284674167633,-0.373542845249176,0.9999063014984131,0.699673056602478,0.2136077880859375,-0.3594144284725189,0.9999129772186279,0.7533692717552185,0.44426867365837097,-0.21225488185882568,0.9998849630355835,0.6189907193183899,0.31385818123817444,-0.09346995502710342,0.9997715353965759,0.904833197593689,0.4265162944793701,-0.4240892231464386,0.9895656108856201,0.4870183765888214,0.39264607429504395,-0.1722194403409958,0.8518120646476746,0.9253923892974854,0.19624656438827515,-0.647768497467041,0.9773218035697937,0.3763747215270996,0.37903791666030884,-0.40412360429763794,0.9044808149337769,0.9039944410324097,0.15134352445602417,-0.7103370428085327,0.9468958377838135,0.33893153071403503,0.3909638226032257,-0.4476832151412964,0.8678702116012573,0.895998477935791,0.1434241533279419,-0.6995629072189331,0.9403079748153687,0.33975306153297424,0.38553276658058167,-0.494272917509079,0.8717990517616272,0.898499608039856,0.15878456830978394,-0.6498541235923767,0.928967297077179,0.3574134111404419,0.3843570053577423,-0.4326501190662384,0.8583996891975403,0.6180017590522766,0.777593195438385,-0.005701623857021332,0.9994674324989319,0.5236721038818359,0.7019208073616028,0.0051584928296506405,0.9996123909950256,0.7765218019485474,0.8930600881576538,-0.2452191710472107,0.9652613997459412,0.3498188853263855,0.8408157229423523,-0.11425603181123734,0.9509645700454712,0.5407548546791077,0.9669257998466492,-0.09192518889904022,0.3839375972747803,0.13220489025115967,0.9507050514221191,-0.2460201233625412,0.9027639627456665,0.5227712392807007,0.9054187536239624,-0.08246099203824997,0.32400843501091003,0.09956228733062744,0.9779354929924011,-0.26407885551452637,0.7479057908058167,0.463220477104187,0.9200205206871033,-0.21032412350177765,0.35506927967071533,0.10302770137786865,0.8552507758140564,-0.45730870962142944,0.8233432769775391
aug_0_3623.png,bharatanatyam,0.575596809387207,0.26298338174819946,-0.18147782981395721,0.9999885559082031,0.6012957096099854,0.26538604497909546,-0.16084735095500946,0.9999922513961792,0.6061325073242188,0.27104833722114563,-0.16130755841732025,0.99998939037323,0.6100171804428101,0.2767961025238037,-0.16140541434288025,0.999994158744812,0.5896762609481812,0.25568971037864685,-0.1360119879245758,0.9999914169311523,0.585635781288147,0.25344035029411316,-0.1363871991634369,0.999984860420227,0.5809847712516785,0.2506919503211975,-0.13652943074703217,0.99998939037323,0.6060864925384521,0.2897345721721649,-0.05845417454838753,0.9999887943267822,0.5741024017333984,0.2577551007270813,0.05276821181178093,0.9999359846115112,0.5680577754974365,0.27974796295166016,-0.14096425473690033,0.9998509883880615,0.557645320892334,0.26848500967025757,-0.11231660842895508,0.9998685121536255,0.5251766443252563,0.32155996561050415,-0.12668447196483612,0.9997428059577942,0.5213366746902466,0.2980678081512451,0.15306490659713745,0.9997039437294006,0.42646846175193787,0.2626868486404419,-0.2208852767944336,0.8364059329032898,0.5545324087142944,0.22619040310382843,0.08834140747785568,0.25101611018180847,0.3274816870689392,0.19681373238563538,-0.2526351809501648,0.7739334106445312,0.6551430821418762,0.17311136424541473,-0.01895257458090782,0.420637845993042,0.2863621413707733,0.1885237991809845,-0.3083253502845764,0.7448222041130066,0.6925356388092041,0.17213556170463562,-0.060049869120121,0.42022326588630676,0.2850314974784851,0.18551459908485413,-0.28844547271728516,0.7128395438194275,0.6990350484848022,0.17745843529701233,-0.06635493040084839,0.415292352437973,0.2986375689506531,0.1898750364780426,-0.2419089525938034,0.5713696479797363,0.6890955567359924,0.17922566831111908,-0.029593097046017647,0.4009619951248169,0.4668859839439392,0.4551771879196167,-0.03706088662147522,0.999524712562561,0.4163728952407837,0.45855480432510376,0.036254022270441055,0.9997949004173279,0.646809458732605,0.4981690049171448,-0.09920022636651993,0.1249123066663742,0.456089586019516,0.5459792017936707,-0.22339941561222076,0.4701380729675293,0.7774457931518555,0.406584769487381,0.021189624443650246,0.02956722304224968,0.38127362728118896,0.6008301973342896,-0.12908820807933807,0.11896345019340515,0.7724164128303528,0.39345023036003113,0.03210423141717911,0.07204164564609528,0.3686980605125427,0.6155951619148254,-0.11414938420057297,0.16606779396533966,0.8046203851699829,0.3703553080558777,0.009295301511883736,0.06139442324638367,0.36268672347068787,0.6097502708435059,-0.16046302020549774,0.12226908653974533
aug_0_8925.png,bharatanatyam,0.6884635090827942,0.10529342293739319,-0.1233559250831604,0.9997019171714783,0.7145678997039795,0.1039256751537323,-0.07041018456220627,0.9996494054794312,0.7232247591018677,0.11015629768371582,-0.07088781893253326,0.9995747208595276,0.7300080060958862,0.11590859293937683,-0.07107648998498917,0.9997413754463196,0.689948558807373,0.08939814567565918,-0.03957567736506462,0.9997262358665466,0.6813743710517883,0.08630391955375671,-0.04033864662051201,0.9996315240859985,0.6732929348945618,0.08357423543930054,-0.04077831655740738,0.9997774958610535,0.7258467674255371,0.13333135843276978,0.1494891345500946,0.9997575879096985,0.6545431613922119,0.09172636270523071,0.28642770648002625,0.9993650317192078,0.682909369468689,0.1338329017162323,-0.04148951545357704,0.9991242289543152,0.6581493616104126,0.11509793996810913,-0.00900986697524786,0.9988545179367065,0.6905280947685242,0.22900423407554626,0.03262544423341751,0.9996143579483032,0.5290372371673584,0.16750067472457886,0.5125804543495178,0.9986662864685059,0.8454374670982361,0.12881067395210266,-0.05485907942056656,0.947413444519043,0.558052122592926,0.03342479467391968,0.512830376625061,0.30110475420951843,0.853219211101532,0.006804049015045166,0.06980039924383163,0.5444315671920776,0.741370439529419,0.002687007188796997,0.4384913742542267,0.14057917892932892,0.8492465615272522,-0.01714000105857849,0.030379824340343475,0.5230655670166016,0.7858220338821411,-0.007465362548828125,0.4067268669605255,0.16453123092651367,0.8479888439178467,-0.018340110778808594,0.05091046169400215,0.5234532952308655,0.7897454500198364,-0.009442895650863647,0.4183324873447418,0.1474556177854538,0.8465834856033325,-0.006572544574737549,0.08023440092802048,0.48627930879592896,0.7806377410888672,-0.001253277063369751,0.43134284019470215,0.15104374289512634,0.5360314846038818,0.4711349904537201,-0.21042199432849884,0.9999200105667114,0.4278579354286194,0.4644804000854492,0.20942285656929016,0.9999221563339233,0.23773115873336792,0.4110491871833801,-0.7749841213226318,0.9784660935401917,0.30488234758377075,0.6746031045913696,0.027052009478211403,0.7592349648475647,0.33686572313308716,0.6046926975250244,-0.44358858466148376,0.9377015829086304,0.44144028425216675,0.8417326211929321,0.3199082314968109,0.8558529615402222,0.3781164288520813,0.618898868560791,-0.4052005708217621,0.928835928440094,0.4785972237586975,0.8679224848747253,0.3488081097602844,0.8447880148887634,0.25235432386398315,0.6847933530807495,-0.47353067994117737,0.9556705951690674,0.3181387484073639,0.8840473890304565,0.2542920410633087,0.8412976861000061
aug_0_8601.png,bharatanatyam,0.4997437000274658,0.3308747410774231,-0.5863755941390991,0.9999920129776001,0.5016375780105591,0.3016529083251953,-0.5309392809867859,0.9999911785125732,0.5098609328269958,0.30042558908462524,-0.5314768552780151,0.999988317489624,0.5175997018814087,0.29932069778442383,-0.5315231084823608,0.999995231628418,0.47115638852119446,0.3024470806121826,-0.5467240810394287,0.9999879598617554,0.4591216444969177,0.3027290999889374,-0.5473716259002686,0.99997878074646,0.44821810722351074,0.30347949266433716,-0.5476232171058655,0.9999815225601196,0.511114776134491,0.3046627640724182,-0.26368123292922974,0.9999958276748657,0.4241568148136139,0.3115754723548889,-0.32900625467300415,0.9999322891235352,0.5125622749328613,0.3495180308818817,-0.48204702138900757,0.9999898672103882,0.47708556056022644,0.3525010049343109,-0.5058835744857788,0.9999743700027466,0.5957596302032471,0.4604632258415222,-0.19287191331386566,0.9999769926071167,0.3652198910713196,0.41298872232437134,-0.2791602313518524,0.9989301562309265,0.7617715001106262,0.5694526433944702,-0.3513474464416504,0.9841809272766113,0.27126604318618774,0.2591738700866699,-0.5705890655517578,0.9782775640487671,0.7494274377822876,0.6562132239341736,-0.7462871670722961,0.9824090600013733,0.37661314010620117,0.13450860977172852,-0.8273395299911499,0.9111294746398926,0.7895167469978333,0.677544116973877,-0.8255897760391235,0.9747312068939209,0.3830185532569885,0.08735597133636475,-0.9303617477416992,0.818835437297821,0.7612152099609375,0.6753615140914917,-0.8758258819580078,0.9770201444625854,0.39471435546875,0.08663642406463623,-0.9041163325309753,0.813668429851532,0.7357133626937866,0.6702061891555786,-0.7723683714866638,0.9694010019302368,0.39848166704177856,0.10109317302703857,-0.8311874866485596,0.8094354867935181,0.5646805763244629,0.730510413646698,0.029782064259052277,0.9985427856445312,0.4116111695766449,0.7413020133972168,-0.03021761029958725,0.9979764819145203,0.7445326447486877,0.925316333770752,-0.4835597574710846,0.5597425699234009,0.36353278160095215,0.8801981806755066,-0.7571761608123779,0.6575217843055725,0.49545109272003174,0.9389058351516724,-0.007256557233631611,0.019815463572740555,0.44144773483276367,0.9236311912536621,-0.1640833467245102,0.01893710531294346,0.46965691447257996,0.9283672571182251,0.04668361321091652,0.031626541167497635,0.4519132375717163,0.9201287627220154,-0.09008999913930893,0.035600025206804276,0.391839861869812,0.9610629081726074,-0.011526674032211304,0.015555356629192829,0.4669312536716461,0.9616892337799072,-0.08946076035499573,0.01633034273982048
aug_0_3761.png,bharatanatyam,0.518710732460022,0.29220661520957947,-0.42514145374298096,0.9997753500938416,0.5234633684158325,0.27582818269729614,-0.393625944852829,0.999872088432312,0.5261130928993225,0.27612555027008057,-0.3942655622959137,0.9998670816421509,0.5287561416625977,0.27645614743232727,-0.39431309700012207,0.9999336004257202,0.510727047920227,0.27254924178123474,-0.4205591678619385,0.9998205304145813,0.5030971169471741,0.27057084441185,-0.42114967107772827,0.999745786190033,0.4925472140312195,0.2682647407054901,-0.42143040895462036,0.9998083710670471,0.5075219869613647,0.27797919511795044,-0.21093124151229858,0.9999328851699829,0.458126962184906,0.2646263837814331,-0.33246126770973206,0.9993925094604492,0.5068930387496948,0.3082064688205719,-0.34308478236198425,0.9996622800827026,0.4906063675880432,0.30414581298828125,-0.3843378722667694,0.9994251728057861,0.4685952067375183,0.37844598293304443,-0.19762900471687317,0.9998337030410767,0.35583949089050293,0.28950756788253784,-0.24303221702575684,0.9990861415863037,0.3669412434101105,0.4746149778366089,-0.1805056631565094,0.6354817152023315,0.3820821940898895,0.14833077788352966,-0.39483290910720825,0.897549033164978,0.18493394553661346,0.5018621683120728,-0.3094053864479065,0.7785754203796387,0.4502527117729187,0.03620553016662598,-0.43856364488601685,0.8911266326904297,0.1523183286190033,0.5321925282478333,-0.35525909066200256,0.792695939540863,0.49357926845550537,0.036214590072631836,-0.5061923265457153,0.8677731156349182,0.1441035270690918,0.5307584404945374,-0.39311879873275757,0.7994191646575928,0.5026023387908936,0.03925025463104248,-0.49192070960998535,0.8621230125427246,0.15874411165714264,0.5181071758270264,-0.3230816721916199,0.7335129380226135,0.488200843334198,0.04082268476486206,-0.4433361887931824,0.8443368077278137,0.3707989454269409,0.520611047744751,0.008586728945374489,0.9989221096038818,0.2769082188606262,0.5394342541694641,-0.009061232209205627,0.999370276927948,0.5159170031547546,0.4839269518852234,-0.16297850012779236,0.799152672290802,0.2608703672885895,0.7147454619407654,-0.13070201873779297,0.8763661980628967,0.3051010072231293,0.547545313835144,0.02032112143933773,0.5189148783683777,0.3303777277469635,0.9173749089241028,0.03875057399272919,0.8629587292671204,0.27004316449165344,0.5356501936912537,0.03731214627623558,0.3948732316493988,0.3673517107963562,0.9489316344261169,0.05907505750656128,0.6849614381790161,0.20378419756889343,0.5257807970046997,-0.05001941695809364,0.6317842602729797,0.26233619451522827,0.9555227756500244,-0.07437159866094589,0.8227106332778931
aug_0_1480.png,bharatanatyam,0.5032638311386108,0.07713518291711807,-0.536015510559082,0.999993085861206,0.5146517753601074,0.059093326330184937,-0.5042479038238525,0.999981164932251,0.525340735912323,0.058345258235931396,-0.5049843788146973,0.9999821186065674,0.5337167978286743,0.05781519412994385,-0.5051001906394958,0.9999855756759644,0.48236891627311707,0.059852927923202515,-0.5065651535987854,0.999984860420227,0.47143131494522095,0.05974853038787842,-0.5071245431900024,0.9999862909317017,0.46085384488105774,0.059631675481796265,-0.5074043273925781,0.9999833106994629,0.5300309062004089,0.06373026967048645,-0.2924259305000305,0.9999946355819702,0.4365166127681732,0.06729388236999512,-0.2978365421295166,0.9999744892120361,0.5178220272064209,0.09709075093269348,-0.4487919509410858,0.9999873638153076,0.48144057393074036,0.09919100999832153,-0.45425689220428467,0.9999841451644897,0.6116231679916382,0.17543169856071472,-0.18532857298851013,0.9999957084655762,0.3657307028770447,0.18647299706935883,-0.13920392096042633,0.9999464750289917,0.741769552230835,0.3019405007362366,-0.1408618688583374,0.9834559559822083,0.21475283801555634,0.2803901433944702,-0.4974716603755951,0.9219627380371094,0.8781189918518066,0.40865737199783325,-0.27475830912590027,0.993351399898529,0.3833308815956116,0.24138644337654114,-0.9910016059875488,0.9945703148841858,0.906585156917572,0.4427967369556427,-0.3189743459224701,0.993065357208252,0.3949284553527832,0.21239496767520905,-1.0997264385223389,0.9957370758056641,0.9030309319496155,0.44683822989463806,-0.3854506313800812,0.9942052960395813,0.41838088631629944,0.20650553703308105,-1.078757643699646,0.9954036474227905,0.8864855766296387,0.4369286000728607,-0.30233335494995117,0.9933244585990906,0.42281001806259155,0.22219710052013397,-0.9975643157958984,0.9933885335922241,0.5877125859260559,0.45123207569122314,-0.04864544793963432,0.9999397993087769,0.45431792736053467,0.4609372019767761,0.048092011362314224,0.9998974800109863,0.7356449365615845,0.6080865263938904,-0.058824144303798676,0.9261266589164734,0.496635377407074,0.6463819742202759,0.10174586623907089,0.7452049851417542,0.731252133846283,0.7926802635192871,0.2555640637874603,0.9557068347930908,0.5955411195755005,0.8265302181243896,0.3319985270500183,0.9460119605064392,0.716500997543335,0.8112862706184387,0.2728699743747711,0.8647372126579285,0.6367077827453613,0.849892258644104,0.3470423221588135,0.8564200401306152,0.7511084079742432,0.8789680600166321,0.08910803496837616,0.9471660256385803,0.5138595104217529,0.8923670649528503,0.17583370208740234,0.9222862720489502
aug_0_1508.png,bharatanatyam,0.4273957312107086,0.06265267729759216,-0.45445558428764343,0.9999972581863403,0.4431282877922058,0.0416218638420105,-0.4109909236431122,0.9999943971633911,0.4556620121002197,0.040973007678985596,-0.41172266006469727,0.9999936819076538,0.4658246338367462,0.04084420204162598,-0.41161811351776123,0.9999949932098389,0.41011911630630493,0.044298022985458374,-0.3898824155330658,0.999995231628418,0.39930564165115356,0.045308440923690796,-0.3906148672103882,0.9999951124191284,0.38938724994659424,0.04623648151755333,-0.39099469780921936,0.9999940395355225,0.4839479625225067,0.04640543460845947,-0.16354376077651978,0.9999959468841553,0.37942439317703247,0.05537578463554382,-0.06540508568286896,0.9999878406524658,0.4564628303050995,0.07808730006217957,-0.3579151928424835,0.9999899864196777,0.41435325145721436,0.08079123497009277,-0.3344401717185974,0.9999825954437256,0.6006366610527039,0.1385129690170288,-0.13713489472866058,0.9999792575836182,0.35145333409309387,0.18302027881145477,0.1333148181438446,0.9997866749763489,0.7479891777038574,0.2422599494457245,-0.24533729255199432,0.9759424328804016,0.21111172437667847,0.2464236617088318,-0.3257889449596405,0.9445098042488098,0.9128032922744751,0.3234466016292572,-0.5058721899986267,0.99189293384552,0.24816174805164337,0.12708759307861328,-0.9911156296730042,0.9932764768600464,0.9566860198974609,0.3514372706413269,-0.57246333360672,0.9916342496871948,0.2625626027584076,0.0962710976600647,-1.1208431720733643,0.992049515247345,0.9569336771965027,0.3547528386116028,-0.6463152766227722,0.9932148456573486,0.2814302146434784,0.0917973518371582,-1.1003023386001587,0.9913346171379089,0.9377368688583374,0.34819120168685913,-0.5383550524711609,0.9911426305770874,0.28274181485176086,0.10364016890525818,-1.00663161277771,0.9885351061820984,0.6606453657150269,0.4202148914337158,-0.14670808613300323,0.9996529817581177,0.5109561681747437,0.4371250867843628,0.14607802033424377,0.9995357990264893,0.6328963041305542,0.6330586671829224,-0.3207809627056122,0.691616415977478,0.3338823914527893,0.6141648292541504,-0.18639309704303741,0.6443446278572083,0.6707673072814941,0.8356105089187622,-0.056762587279081345,0.7956910133361816,0.5277894139289856,0.8030555844306946,0.05682698264718056,0.6703540682792664,0.6894983649253845,0.8590850234031677,-0.04623741656541824,0.5054842829704285,0.5898560881614685,0.8193231821060181,0.0738457441329956,0.5901135206222534,0.6318350434303284,0.8920131921768188,-0.30588826537132263,0.7677046656608582,0.49629920721054077,0.8852171301841736,-0.11290735751390457,0.6421311497688293
aug_0_8241.png,bharatanatyam,0.6340999007225037,0.4002700746059418,-0.6623703837394714,0.9999867677688599,0.6380655765533447,0.37354281544685364,-0.6171762347221375,0.9999866485595703,0.647071897983551,0.3723239004611969,-0.6176604628562927,0.999981164932251,0.6545972228050232,0.37061336636543274,-0.6175705790519714,0.9999905824661255,0.6034832000732422,0.3737414479255676,-0.631564736366272,0.9999841451644897,0.5908513069152832,0.37355032563209534,-0.6321114301681519,0.9999769926071167,0.5793279409408569,0.3737291693687439,-0.6322471499443054,0.9999785423278809,0.6468636989593506,0.37569913268089294,-0.3515176773071289,0.9999901056289673,0.5552688837051392,0.38161152601242065,-0.41033002734184265,0.9999281167984009,0.6486697196960449,0.41948384046554565,-0.555328369140625,0.9999780654907227,0.6098693609237671,0.42217549681663513,-0.5768882632255554,0.9999524354934692,0.7302905917167664,0.5144387483596802,-0.27127233147621155,0.9999328851699829,0.48509809374809265,0.47304829955101013,-0.35450121760368347,0.998224675655365,0.917392373085022,0.616847038269043,-0.4830000400543213,0.9660907983779907,0.38636699318885803,0.33161669969558716,-0.6585218906402588,0.98124760389328,0.9132275581359863,0.6970136761665344,-0.9365807175636292,0.9611486196517944,0.5093139410018921,0.21277642250061035,-0.9472993612289429,0.9512794017791748,0.9592421650886536,0.7222036719322205,-1.018136739730835,0.9637186527252197,0.5117610096931458,0.17010319232940674,-1.0442049503326416,0.9206980466842651,0.9273186922073364,0.7179020643234253,-1.068616509437561,0.9682518839836121,0.5241127610206604,0.16718482971191406,-1.0207774639129639,0.9191191792488098,0.8986122012138367,0.7109134793281555,-0.9636737704277039,0.9602633118629456,0.5276743769645691,0.18692386150360107,-0.9507839679718018,0.9203910827636719,0.6990359425544739,0.7898826003074646,0.02006177231669426,0.9986791014671326,0.5366114377975464,0.7920445203781128,-0.02057233452796936,0.9986394047737122,0.9491729736328125,0.8880355358123779,-0.6074640154838562,0.72727370262146,0.3058963418006897,0.786352813243866,-0.7689943909645081,0.8373791575431824,0.5723892450332642,0.9765532612800598,-0.4651578664779663,0.08375701308250427,0.6683110594749451,0.9364973902702332,-0.6480556130409241,0.14429974555969238,0.5424054265022278,0.9577083587646484,-0.44215628504753113,0.12423468381166458,0.7050948739051819,0.9289029836654663,-0.6217511892318726,0.2050485461950302,0.3929217457771301,0.960964560508728,-0.6114519238471985,0.0635247677564621,0.8080630898475647,0.9789321422576904,-0.7618933320045471,0.10277179628610611
aug_0_1273.png,bharatanatyam,0.5392534136772156,0.32092463970184326,-0.605558454990387,0.999994158744812,0.550115168094635,0.3023805618286133,-0.5696542859077454,0.9999929666519165,0.5561329126358032,0.3015747368335724,-0.5702382326126099,0.999991774559021,0.5631463527679443,0.300824910402298,-0.5701169371604919,0.9999946355819702,0.5238871574401855,0.30038779973983765,-0.5723078846931458,0.9999912977218628,0.5140983462333679,0.2993979752063751,-0.5729454755783081,0.9999895095825195,0.505461573600769,0.29860082268714905,-0.573180615901947,0.99998939037323,0.5608821511268616,0.3019719421863556,-0.3562884032726288,0.9999924898147583,0.49112194776535034,0.29667019844055176,-0.36571764945983887,0.999954104423523,0.5464267134666443,0.33550846576690674,-0.517708420753479,0.9999644756317139,0.5204570293426514,0.32955753803253174,-0.5244320631027222,0.9999328851699829,0.5881105661392212,0.3914453089237213,-0.25197523832321167,0.9999545812606812,0.44946974515914917,0.3392910063266754,-0.2192365825176239,0.9995455145835876,0.6273574829101562,0.49529725313186646,-0.29578667879104614,0.9550014734268188,0.40949201583862305,0.23387587070465088,-0.30027180910110474,0.985603928565979,0.7350258827209473,0.5517759323120117,-0.49418237805366516,0.9855809807777405,0.511886477470398,0.1541113555431366,-0.43838343024253845,0.9922850131988525,0.7698449492454529,0.5668440461158752,-0.5386442542076111,0.9764992594718933,0.5198895931243896,0.11601373553276062,-0.5003654360771179,0.983616828918457,0.7845306992530823,0.5596010088920593,-0.5972373485565186,0.980350136756897,0.5306148529052734,0.11874786019325256,-0.4987731873989105,0.9831327795982361,0.7676254510879517,0.5538123846054077,-0.521521806716919,0.9760808944702148,0.5304834246635437,0.13565853238105774,-0.44885486364364624,0.9794536232948303,0.5705374479293823,0.5834848284721375,-0.04166320338845253,0.9978876709938049,0.4666517972946167,0.5783243775367737,0.04121830314397812,0.9973604083061218,0.5559927225112915,0.720014214515686,-0.29673701524734497,0.8492087721824646,0.3686394691467285,0.6811019778251648,-0.008536025881767273,0.5076114535331726,0.46455907821655273,0.8424521684646606,-0.16106125712394714,0.731329083442688,0.3846413791179657,0.802908182144165,0.34920239448547363,0.32135483622550964,0.447783499956131,0.8583769798278809,-0.1552436500787735,0.5823923349380493,0.3981597423553467,0.8182135820388794,0.3798595666885376,0.23725274205207825,0.43981075286865234,0.8955183625221252,-0.36157894134521484,0.7480635643005371,0.368404358625412,0.8452796339988708,0.24213732779026031,0.3257003128528595
aug_0_8832.png,bharatanatyam,0.5315897464752197,0.1426645815372467,-0.47023168206214905,0.9999995231628418,0.5507594347000122,0.11543330550193787,-0.41692134737968445,0.9999982118606567,0.5650299191474915,0.11534199118614197,-0.41733741760253906,0.9999973773956299,0.5766524076461792,0.11608487367630005,-0.41727516055107117,0.9999980926513672,0.5125501155853271,0.11475065350532532,-0.41737666726112366,0.9999988079071045,0.5025878548622131,0.11445894837379456,-0.41793274879455566,0.9999988079071045,0.4918821454048157,0.11509909480810165,-0.4181421101093292,0.999998927116394,0.5961575508117676,0.12416955828666687,-0.124575175344944,0.9999985694885254,0.4790772497653961,0.1284199357032776,-0.12622025609016418,0.9999966621398926,0.5542535185813904,0.16649723052978516,-0.3563232719898224,0.9999990463256836,0.5110970735549927,0.16983389854431152,-0.36051836609840393,0.9999988079071045,0.6790009140968323,0.25589850544929504,0.023593561723828316,0.9999971389770508,0.4016096591949463,0.2607046067714691,0.007224644999951124,0.999994158744812,0.7467279434204102,0.4052491784095764,0.014763569459319115,0.9863349199295044,0.21376457810401917,0.32571032643318176,-0.28728413581848145,0.9816602468490601,0.6826828718185425,0.49258530139923096,-0.2762257754802704,0.9911642670631409,0.32546481490135193,0.35259974002838135,-0.8320223093032837,0.9936050772666931,0.699062705039978,0.5405983924865723,-0.3636995255947113,0.9891217350959778,0.33016759157180786,0.3208566904067993,-0.9596114158630371,0.9926086068153381,0.6738016605377197,0.5365557670593262,-0.40542417764663696,0.990214467048645,0.36369651556015015,0.317100465297699,-0.957031786441803,0.9922478199005127,0.6610231399536133,0.5191158652305603,-0.29685014486312866,0.9858194589614868,0.37319886684417725,0.3326895236968994,-0.8444931507110596,0.9878582954406738,0.617267906665802,0.530239999294281,0.016645168885588646,0.9999150037765503,0.456474632024765,0.5267614126205444,-0.017061877995729446,0.9999178647994995,0.6894131898880005,0.7201224565505981,-0.4688791036605835,0.4757004380226135,0.3802712559700012,0.6961140632629395,-0.4944286346435547,0.5708069205284119,0.6089987754821777,0.8854750394821167,0.02673473209142685,0.09222405403852463,0.44368937611579895,0.8863950371742249,-0.12597371637821198,0.24315042793750763,0.5851455926895142,0.9045825600624084,0.06722605228424072,0.1406688541173935,0.46454066038131714,0.9151503443717957,-0.09402930736541748,0.16681207716464996,0.6029834747314453,0.9533809423446655,-0.12772570550441742,0.10240311175584793,0.43745213747024536,0.9547699689865112,-0.319686621427536,0.17640557885169983
aug_0_3960.png,bharatanatyam,0.48988431692123413,0.22850435972213745,-0.8300266265869141,0.9999727010726929,0.5119133591651917,0.20927247405052185,-0.8180128335952759,0.9999305009841919,0.5224084258079529,0.2111653983592987,-0.8185150027275085,0.9998795986175537,0.532298743724823,0.2135046124458313,-0.818560779094696,0.999907374382019,0.4900270104408264,0.20613503456115723,-0.800092875957489,0.999977707862854,0.48411062359809875,0.2050212025642395,-0.80085289478302,0.9999743700027466,0.4780030846595764,0.20389091968536377,-0.8012769222259521,0.9999853372573853,0.5607074499130249,0.2241514027118683,-0.6715056896209717,0.9999525547027588,0.48816126585006714,0.21014946699142456,-0.5862548351287842,0.9999747276306152,0.5112642049789429,0.252745121717453,-0.76664137840271,0.9998941421508789,0.47949475049972534,0.24923813343048096,-0.7457119226455688,0.9999501705169678,0.6331336498260498,0.3116793632507324,-0.5799270868301392,0.9997898936271667,0.4179791212081909,0.33360373973846436,-0.4673556685447693,0.9999476671218872,0.74102783203125,0.17199000716209412,-0.7934368848800659,0.9908331036567688,0.212843656539917,0.40460118651390076,-0.5332629680633545,0.9629877209663391,0.5907877087593079,0.07256680727005005,-0.8720715641975403,0.8416262269020081,0.22000998258590698,0.5172178149223328,-0.728875458240509,0.9054015874862671,0.5662522315979004,0.0365293063223362,-0.941742479801178,0.6741989254951477,0.21081387996673584,0.565864086151123,-0.7930619120597839,0.8065910339355469,0.5536187291145325,0.038194239139556885,-0.9103637337684631,0.6440868973731995,0.23729175329208374,0.5726386308670044,-0.8179048895835876,0.8092188835144043,0.5533479452133179,0.0514492392539978,-0.8638817071914673,0.6050869822502136,0.24913813173770905,0.5566328167915344,-0.7443558573722839,0.7745065689086914,0.560486376285553,0.5977706909179688,-0.019352510571479797,0.9995846152305603,0.4358459413051605,0.5777708292007446,0.01863405667245388,0.9997492432594299,0.6142725944519043,0.757715106010437,0.06744416058063507,0.44956231117248535,0.31708574295043945,0.6887948513031006,-0.04149884730577469,0.4582575559616089,0.455415278673172,0.6942805051803589,0.5211901664733887,0.01869044452905655,0.24656586349010468,0.6623056530952454,0.26036518812179565,0.03274761885404587,0.44023439288139343,0.6786483526229858,0.5693844556808472,0.02208838053047657,0.24383293092250824,0.6669478416442871,0.2999255359172821,0.05064631626009941,0.3748798370361328,0.7012185454368591,0.5661755800247192,0.01639263518154621,0.21390584111213684,0.6576655507087708,0.3004724383354187,0.03125476464629173
aug_0_1865.png,bharatanatyam,0.47093087434768677,0.20038604736328125,-0.7458176016807556,0.9999948740005493,0.47950124740600586,0.18001362681388855,-0.7051847577095032,0.9999874830245972,0.48997512459754944,0.17944768071174622,-0.7058410048484802,0.9999871253967285,0.4968266785144806,0.17854562401771545,-0.7058674693107605,0.9999901056289673,0.4453195631504059,0.1785988211631775,-0.7205758094787598,0.9999887943267822,0.43279677629470825,0.17740213871002197,-0.7211343050003052,0.9999896287918091,0.4210810661315918,0.17631706595420837,-0.7213428616523743,0.9999877214431763,0.4875648617744446,0.18333008885383606,-0.4409328103065491,0.999994158744812,0.39453938603401184,0.1805928647518158,-0.5078627467155457,0.9999691247940063,0.48090824484825134,0.21766185760498047,-0.6378190517425537,0.9999860525131226,0.4474056363105774,0.2177746295928955,-0.6610522866249084,0.9999834299087524,0.5601654052734375,0.288268506526947,-0.2705925405025482,0.9999939203262329,0.30789101123809814,0.28168973326683044,-0.3599531650543213,0.9999473094940186,0.6756664514541626,0.40106889605522156,-0.26888781785964966,0.993548572063446,0.13251879811286926,0.34672802686691284,-0.771891713142395,0.9865245819091797,0.8016725778579712,0.49773767590522766,-0.5058611035346985,0.9972466230392456,0.31947171688079834,0.3280395269393921,-1.2993804216384888,0.9968128800392151,0.8296698927879333,0.5327472686767578,-0.5674993395805359,0.9959800243377686,0.3372689485549927,0.2981213927268982,-1.4236817359924316,0.9956337809562683,0.8259294033050537,0.5353982448577881,-0.6380363702774048,0.9965919256210327,0.3538719713687897,0.2907864451408386,-1.40059494972229,0.9952685236930847,0.8075307607650757,0.525688648223877,-0.537797749042511,0.9956941604614258,0.35555610060691833,0.30628445744514465,-1.3041090965270996,0.9918591380119324,0.5003107190132141,0.5267324447631836,0.007813899777829647,0.999919056892395,0.3584410548210144,0.5261085629463196,-0.008315222337841988,0.9998286962509155,0.6635832786560059,0.6545553803443909,-0.35947251319885254,0.9675403833389282,0.3621957302093506,0.679851770401001,-0.24164699018001556,0.8889603018760681,0.5926844477653503,0.8241319060325623,-0.02062949165701866,0.9651097059249878,0.4477680027484894,0.8254634141921997,0.1049821749329567,0.9388110637664795,0.5618400573730469,0.8457143902778625,-0.0016914131119847298,0.9086222052574158,0.4878031015396118,0.8532170057296753,0.13087081909179688,0.8259170055389404,0.6041314601898193,0.901019811630249,-0.2181137055158615,0.9506149888038635,0.36470040678977966,0.888850748538971,-0.06704425066709518,0.8929461240768433
aug_0_692.png,bharatanatyam,0.48805785179138184,0.1506117284297943,-0.8323236107826233,0.9999998807907104,0.5048836469650269,0.12272906303405762,-0.8059366941452026,0.9999998807907104,0.5185456871986389,0.12061217427253723,-0.8065407276153564,0.9999997615814209,0.5330864191055298,0.11957964301109314,-0.8064375519752502,0.9999998807907104,0.4699374735355377,0.12893319129943848,-0.7756374478340149,0.9999998807907104,0.4610324501991272,0.13035139441490173,-0.7762429118156433,0.9999997615814209,0.45267271995544434,0.13161084055900574,-0.7764233350753784,0.9999998807907104,0.5618510246276855,0.1249983012676239,-0.6178213357925415,0.9999997615814209,0.4521901607513428,0.14254173636436462,-0.4786548614501953,0.9999992847442627,0.5211576819419861,0.1678353250026703,-0.7550457715988159,0.9999991655349731,0.47733214497566223,0.17293387651443481,-0.7196798920631409,0.9999990463256836,0.6249913573265076,0.2427096664905548,-0.6576680541038513,0.9999942779541016,0.45762163400650024,0.2656603455543518,-0.1717885434627533,0.9999628067016602,0.5478796362876892,0.4098837673664093,-0.7147694826126099,0.996978759765625,0.3670056164264679,0.411857545375824,-0.1681371033191681,0.9311447739601135,0.40798401832580566,0.5606383085250854,-0.7284722924232483,0.9984769225120544,0.2759180963039398,0.5578570365905762,-0.40273264050483704,0.9538164734840393,0.36430785059928894,0.5883306860923767,-0.8115761280059814,0.9972189664840698,0.24684929847717285,0.590869665145874,-0.44810402393341064,0.9411503672599792,0.34244659543037415,0.5808207392692566,-0.8199419379234314,0.9974396228790283,0.2613385319709778,0.5917232036590576,-0.5263448357582092,0.9485327005386353,0.35594993829727173,0.5712428689002991,-0.7286447286605835,0.9956746697425842,0.27720123529434204,0.5827676653862,-0.44405969977378845,0.9454813003540039,0.6943860650062561,0.5044333338737488,-0.1328541487455368,0.9999101161956787,0.5681790709495544,0.5118187069892883,0.1322455257177353,0.9998754262924194,0.8210541009902954,0.6328394412994385,-0.5078776478767395,0.8838852047920227,0.4569116532802582,0.6191824674606323,0.06521478295326233,0.21509046852588654,0.7684835195541382,0.7763707637786865,-0.073309987783432,0.5267358422279358,0.5234642028808594,0.7396599054336548,0.485404372215271,0.14046648144721985,0.7606155872344971,0.7876628637313843,-0.0324573889374733,0.5661189556121826,0.5565687417984009,0.7550526857376099,0.5263546705245972,0.21133704483509064,0.7336779832839966,0.8669787645339966,-0.1655811220407486,0.5967200994491577,0.4868021607398987,0.8099457621574402,0.43880340456962585,0.19429028034210205
aug_0_8717.png,bharatanatyam,0.18048670887947083,0.22816899418830872,-0.4223440885543823,0.9999899864196777,0.18856774270534515,0.20545586943626404,-0.3397991359233856,0.9999918937683105,0.20050115883350372,0.20524808764457703,-0.3404853045940399,0.9999876022338867,0.21085470914840698,0.20520344376564026,-0.34023433923721313,0.9999898672103882,0.15334001183509827,0.20566201210021973,-0.39648526906967163,0.9999954700469971,0.14109833538532257,0.20633038878440857,-0.39732205867767334,0.9999957084655762,0.12856349349021912,0.20727390050888062,-0.3976633846759796,0.9999957084655762,0.21068225800991058,0.20938774943351746,0.07039732486009598,0.9999889135360718,0.10097676515579224,0.21671760082244873,-0.17998261749744415,0.9999836683273315,0.2001761794090271,0.24523486196994781,-0.2614424526691437,0.999895453453064,0.16061154007911682,0.24801990389823914,-0.3380576968193054,0.9999169111251831,0.23806771636009216,0.2937251031398773,0.45905977487564087,0.9993366599082947,0.08649856597185135,0.31660717725753784,-0.3267713189125061,0.9996817111968994,0.35189682245254517,0.3149994909763336,0.3292127251625061,0.7349990010261536,0.28673237562179565,0.38969120383262634,-0.561734676361084,0.9950203895568848,0.44885891675949097,0.2792086899280548,-0.268166184425354,0.8743680119514465,0.526223361492157,0.3876791000366211,-0.719228982925415,0.9965794682502747,0.4622460603713989,0.25473591685295105,-0.35966795682907104,0.9134852290153503,0.5560607314109802,0.4333440065383911,-0.8456054329872131,0.9955537915229797,0.4394102096557617,0.2488022893667221,-0.4118508994579315,0.9154165387153625,0.5516277551651001,0.43591994047164917,-0.8313846588134766,0.9956133365631104,0.4284024238586426,0.26224595308303833,-0.30603957176208496,0.8987640738487244,0.5358657240867615,0.42140480875968933,-0.7161507606506348,0.9926706552505493,0.1931469738483429,0.562731146812439,0.2930259704589844,0.9999706745147705,0.1117953211069107,0.5581404566764832,-0.2935829162597656,0.9999574422836304,0.3693016767501831,0.719435453414917,0.13197265565395355,0.9697749018669128,0.4326985478401184,0.5240535736083984,-0.5682079792022705,0.9937322735786438,0.1934640109539032,0.9361242651939392,0.15124908089637756,0.9741385579109192,0.6505092978477478,0.7060656547546387,-0.5251079797744751,0.988652765750885,0.13299566507339478,0.9688466191291809,0.1470891833305359,0.9784624576568604,0.633878231048584,0.7428081035614014,-0.5144068598747253,0.9883975386619568,0.3063187301158905,0.9746364951133728,0.02285163104534149,0.9597355723381042,0.818815290927887,0.7497527599334717,-0.6044055223464966,0.9864460229873657
aug_0_6934.png,bharatanatyam,0.45541587471961975,0.27518710494041443,-0.5869085788726807,0.9997408986091614,0.4760439693927765,0.2583525776863098,-0.5565062761306763,0.999539852142334,0.4870031177997589,0.2592090368270874,-0.557096540927887,0.9994288086891174,0.4979044795036316,0.26003652811050415,-0.5570942163467407,0.9995050430297852,0.4491872191429138,0.2538253664970398,-0.5569653511047363,0.9997962117195129,0.4418261647224426,0.25215956568717957,-0.5576794147491455,0.9998018145561218,0.43547970056533813,0.25060155987739563,-0.558027446269989,0.9998524188995361,0.5074202418327332,0.26285287737846375,-0.3559747040271759,0.9995100498199463,0.4329764246940613,0.25070512294769287,-0.3558807671070099,0.9995197057723999,0.4715074300765991,0.29194486141204834,-0.503480851650238,0.9984473586082458,0.44054773449897766,0.2861861288547516,-0.5079721808433533,0.9989645481109619,0.5364388823509216,0.31810444593429565,-0.2559675872325897,0.9997491240501404,0.3691290616989136,0.3388318419456482,-0.22964538633823395,0.9996048808097839,0.618507981300354,0.2219756841659546,-0.393383264541626,0.9684783816337585,0.2946448028087616,0.4345563054084778,-0.33348309993743896,0.6112992763519287,0.5424259305000305,0.11915407329797745,-0.5340129733085632,0.9586513638496399,0.16620855033397675,0.47040966153144836,-0.5965017080307007,0.9228441119194031,0.537801206111908,0.08195331692695618,-0.5859748125076294,0.917313277721405,0.12193483859300613,0.4751351475715637,-0.6482144594192505,0.9013671875,0.5280488133430481,0.08018335700035095,-0.575660765171051,0.9147164821624756,0.1130945011973381,0.4662199318408966,-0.7041687965393066,0.90933758020401,0.522922933101654,0.09656265377998352,-0.5356190800666809,0.9042015671730042,0.1344650387763977,0.46657878160476685,-0.6281253099441528,0.887287974357605,0.4408608675003052,0.5581445693969727,0.023118458688259125,0.9998466968536377,0.3283325433731079,0.544715940952301,-0.023647891357541084,0.9997784495353699,0.4757925271987915,0.7158647775650024,-0.13429436087608337,0.9314314126968384,0.31899040937423706,0.6823470592498779,-0.27805885672569275,0.8585798144340515,0.3899169862270355,0.8186788558959961,0.09346149861812592,0.8540018200874329,0.33456718921661377,0.8197150230407715,-0.03770865127444267,0.7069425582885742,0.3701965808868408,0.8328542709350586,0.10614766925573349,0.7171693444252014,0.34157705307006836,0.8366421461105347,-0.01641111820936203,0.45911261439323425,0.40009206533432007,0.8827415704727173,-0.05168427154421806,0.8487748503684998,0.3194941282272339,0.8809257745742798,-0.17326326668262482,0.6787596940994263
aug_0_1458.png,bharatanatyam,0.5293290615081787,0.2571779489517212,-0.8505507111549377,0.9999680519104004,0.5509265661239624,0.2319841980934143,-0.8222545981407166,0.9999229907989502,0.5626473426818848,0.23175260424613953,-0.8227466940879822,0.9998723268508911,0.5756933093070984,0.23264600336551666,-0.8227789402008057,0.9998941421508789,0.5212604999542236,0.2330683469772339,-0.8059117197990417,0.9999713897705078,0.5125687122344971,0.23299849033355713,-0.8067299127578735,0.9999681711196899,0.5070263743400574,0.2322099506855011,-0.807072639465332,0.9999810457229614,0.6032093167304993,0.24248793721199036,-0.6318162083625793,0.9999217987060547,0.5134725570678711,0.23917612433433533,-0.5527207255363464,0.9999555349349976,0.5566107630729675,0.27952808141708374,-0.7721914052963257,0.9996575117111206,0.5185156464576721,0.2845401465892792,-0.7542442083358765,0.9998446702957153,0.6905866265296936,0.320315420627594,-0.5900538563728333,0.9993032217025757,0.4792831540107727,0.390494167804718,-0.46282511949539185,0.9997979998588562,0.7601034045219421,0.13762205839157104,-0.8902702331542969,0.9749259352684021,0.29857850074768066,0.5098986625671387,-0.5788979530334473,0.96746426820755,0.5782788991928101,0.0680801272392273,-1.0246354341506958,0.8350793123245239,0.34553131461143494,0.6282153725624084,-0.7665877342224121,0.9273874163627625,0.5430544018745422,0.03458809480071068,-1.1007062196731567,0.7226818203926086,0.3534294664859772,0.6839084029197693,-0.8251617550849915,0.8635911345481873,0.5307998061180115,0.03376638889312744,-1.0565787553787231,0.6871915459632874,0.3781938850879669,0.6877853274345398,-0.8440422415733337,0.8615812063217163,0.5338477492332458,0.052520811557769775,-1.0114079713821411,0.6663935780525208,0.3826509416103363,0.6662752032279968,-0.7783312797546387,0.8345779180526733,0.6885614395141602,0.6545748114585876,-0.020874399691820145,0.9996589422225952,0.5539284348487854,0.6614261865615845,0.02014697901904583,0.9997135996818542,0.8861948251724243,0.7624008655548096,-0.2522777318954468,0.8589968681335449,0.3832533359527588,0.8514452576637268,-0.3103012442588806,0.7020164728164673,0.6467758417129517,0.7628171443939209,0.1600584089756012,0.020417368039488792,0.3475511372089386,0.664220929145813,-0.029267506673932076,0.0179201140999794,0.6191253066062927,0.7131943702697754,0.20872266590595245,0.03489074483513832,0.35281914472579956,0.6219863295555115,0.016118761152029037,0.05426166579127312,0.5497246980667114,0.7693667411804199,0.23883865773677826,0.02047123573720455,0.32753539085388184,0.62020343542099,0.07738450914621353,0.021942267194390297
aug_0_2345.png,bharatanatyam,0.5177575945854187,0.16676825284957886,-0.3463701605796814,0.9999961853027344,0.5446040630340576,0.14683756232261658,-0.30904778838157654,0.9999935626983643,0.5552948713302612,0.1475587785243988,-0.3097013235092163,0.9999935626983643,0.5666736364364624,0.1480446606874466,-0.30958300828933716,0.9999945163726807,0.5083085894584656,0.14450594782829285,-0.2841804027557373,0.999994158744812,0.49560436606407166,0.14335817098617554,-0.2850223481655121,0.9999939203262329,0.4856482744216919,0.14267459511756897,-0.2854858636856079,0.9999927282333374,0.581595242023468,0.1561826765537262,-0.10277914255857468,0.9999960660934448,0.47659367322921753,0.1478598415851593,0.013227946124970913,0.9999892711639404,0.5399452447891235,0.18817433714866638,-0.2653883397579193,0.9999840259552002,0.4962427616119385,0.18042877316474915,-0.23709358274936676,0.9999730587005615,0.6563196778297424,0.25911033153533936,-0.13481906056404114,0.999966025352478,0.4108101725578308,0.2685488760471344,0.20965763926506042,0.9995477795600891,0.7671806216239929,0.38632863759994507,-0.2514016628265381,0.9831204414367676,0.25890645384788513,0.3112233877182007,-0.08937999606132507,0.9431018233299255,0.907382607460022,0.4888099431991577,-0.46128368377685547,0.9943152070045471,0.33472204208374023,0.20092982053756714,-0.5178601741790771,0.9917900562286377,0.9367085099220276,0.5265693664550781,-0.5069044232368469,0.994706928730011,0.3507843613624573,0.1706031858921051,-0.5965314507484436,0.9902439713478088,0.9369024634361267,0.5288816690444946,-0.5719982385635376,0.9956014156341553,0.3732631802558899,0.16892333328723907,-0.5726585388183594,0.9891725778579712,0.9180730581283569,0.5174593925476074,-0.48743048310279846,0.9949800372123718,0.37543338537216187,0.18222147226333618,-0.5252041220664978,0.9877763986587524,0.6310033798217773,0.5484398603439331,-0.17581145465373993,0.9992295503616333,0.48720699548721313,0.5439680218696594,0.17528584599494934,0.9988258481025696,0.533491849899292,0.7661437392234802,-0.3602026104927063,0.8864471316337585,0.24971307814121246,0.6860517859458923,-0.10967856645584106,0.7397587299346924,0.5233694314956665,0.9665809869766235,-0.3025120496749878,0.9091177582740784,0.40086862444877625,0.8884338140487671,0.02247215434908867,0.5617761015892029,0.5508274435997009,0.9855692982673645,-0.30610474944114685,0.7261703610420227,0.46860724687576294,0.9021862745285034,0.03590426594018936,0.5743240714073181,0.38702327013015747,1.0050714015960693,-0.5028477311134338,0.867981493473053,0.3525562882423401,0.970698893070221,-0.042268525809049606,0.5210465788841248
